caseyear,state,st_case,statename,ve_total,ve_forms,pvh_invl,peds,pernotmvit,permvit,persons,county,countyname,city,cityname,day,dayname,month,monthname,year,day_week,day_weekname,hour,hourname,minute,minutename,nhs,nhsname,rur_urb,rur_urbname,func_sys,func_sysname,rd_owner,rd_ownername,route,routename,tway_id,tway_id2,milept,mileptname,latitude,latitudename,longitud,longitudname,sp_jur,sp_jurname,harm_ev,harm_evname,man_coll,man_collname,reljct1,reljct1name,reljct2,reljct2name,typ_int,typ_intname,wrk_zone,wrk_zonename,road_fnc,road_fncname,rel_road,rel_roadname,lgt_cond,lgt_condname,weather1,weather1name,weather2,weather2name,weather,weathername,sch_bus,sch_busname,rail,railname,not_hour,not_hourname,not_min,not_minname,arr_hour,arr_hourname,arr_min,arr_minname,hosp_hr,hosp_hrname,hosp_mn,hosp_mnname,cf1,cf1name,cf2,cf2name,cf3,cf3name,fatals,drunk_dr
2020,24,240095,Maryland,2,2,0,0,0,3,3,39,SOMERSET (39),0,NOT APPLICABLE,19,19,4,April,2020,1,Sunday,12,12:00pm-12:59pm,40,40,0,This section IS NOT on the NHS,1,Rural,5,Major Collector,2,County Highway Agency,4,County Road,CR-301,,27,27,38.25703611,38.25703611,-75.711161110,-75.711161110,0,No Special Jurisdiction,12,Motor Vehicle In-Transport,2,Front-to-Front,0,No,1,Non-Junction,1,Not an Intersection,0,None,,,1,On Roadway,1,Daylight,,,,,1,Clear,0,No,0000000,Not Applicable,12,12:00pm-12:59pm,22,22,12,12:00pm-12:59pm,34,34,13,1:00pm-1:59pm,4,4,,,,,,,1,0
2020,24,240096,Maryland,2,2,0,0,0,2,2,33,PRINCE GEORGE`S (33),0,NOT APPLICABLE,22,22,4,April,2020,4,Wednesday,23,11:00pm-11:59pm,38,38,1,This section IS ON the NHS,2,Urban,3,Principal Arterial - Other,1,State Highway Agency,2,U.S. Highway,US-301,,25,25,38.69046111,38.69046111,-76.872527780,-76.872527780,0,No Special Jurisdiction,12,Motor Vehicle In-Transport,1,Front-to-Rear,0,No,1,Non-Junction,1,Not an Intersection,0,None,,,1,On Roadway,2,Dark - Not Lighted,,,,,1,Clear,0,No,0000000,Not Applicable,23,11:00pm-11:59pm,34,34,23,11:00pm-11:59pm,48,48,0,0:00am-0:59am,30,30,,,,,,,1,1
2020,24,240097,Maryland,1,1,0,0,0,1,1,17,CHARLES (17),0,NOT APPLICABLE,25,25,4,April,2020,7,Saturday,13,1:00pm-1:59pm,46,46,0,This section IS NOT on the NHS,2,Urban,7,Local,2,County Highway Agency,4,County Road,CR-98,,2,2,38.52031111,38.52031111,-76.783530560,-76.783530560,0,No Special Jurisdiction,34,Ditch,0,The First Harmful Event was Not a Collision with a Motor Vehicle in Transport,0,No,1,Non-Junction,1,Not an Intersection,0,None,,,4,On Roadside,1,Daylight,,,,,1,Clear,0,No,0000000,Not Applicable,99,Unknown,99,Unknown,99,Unknown EMS Scene Arrival Hour,99,Unknown EMS Scene Arrival Minutes,88,"Not Applicable (Not Transported) ",88,Not Applicable (Not Transported),,,,,,,1,0
2020,24,240098,Maryland,1,1,0,0,0,1,1,21,FREDERICK (21),0,NOT APPLICABLE,3,3,5,May,2020,1,Sunday,0,0:00am-0:59am,39,39,0,This section IS NOT on the NHS,1,Rural,7,Local,2,County Highway Agency,4,County Road,CR-64,,19,19,39.60312222,39.60312222,-77.353838890,-77.353838890,0,No Special Jurisdiction,30,Utility Pole/Light Support,0,The First Harmful Event was Not a Collision with a Motor Vehicle in Transport,0,No,1,Non-Junction,1,Not an Intersection,0,None,,,4,On Roadside,2,Dark - Not Lighted,,,,,1,Clear,0,No,0000000,Not Applicable,99,Unknown,99,Unknown,99,Unknown EMS Scene Arrival Hour,99,Unknown EMS Scene Arrival Minutes,88,"Not Applicable (Not Transported) ",88,Not Applicable (Not Transported),,,,,,,1,1
2020,24,240099,Maryland,1,1,0,0,0,2,2,27,HOWARD (27),0,NOT APPLICABLE,18,18,4,April,2020,7,Saturday,21,9:00pm-9:59pm,50,50,1,This section IS ON the NHS,2,Urban,1,Interstate,1,State Highway Agency,1,Interstate,I-70,,128,128,39.30336389,39.30336389,-76.913641670,-76.913641670,0,No Special Jurisdiction,24,Guardrail Face,0,The First Harmful Event was Not a Collision with a Motor Vehicle in Transport,0,No,5,Entrance/Exit Ramp Related,1,Not an Intersection,0,None,,,3,On Median,2,Dark - Not Lighted,,,,,1,Clear,0,No,0000000,Not Applicable,21,9:00pm-9:59pm,45,45,21,9:00pm-9:59pm,53,53,22,10:00pm-10:59pm,40,40,,,,,,,1,0
2020,24,240100,Maryland,2,2,0,0,0,3,3,33,PRINCE GEORGE`S (33),0,NOT APPLICABLE,4,4,5,May,2020,2,Monday,17,5:00pm-5:59pm,40,40,0,This section IS NOT on the NHS,2,Urban,4,Minor Arterial,1,State Highway Agency,3,State Highway,SR-214,CR-297,2,2,38.88948056,38.88948056,-76.910013890,-76.910013890,0,No Special Jurisdiction,12,Motor Vehicle In-Transport,6,Angle,1,Yes,2,Intersection,98,Not Reported,0,None,,,1,On Roadway,1,Daylight,,,,,1,Clear,0,No,0000000,Not Applicable,17,5:00pm-5:59pm,38,38,17,5:00pm-5:59pm,47,47,18,6:00pm-6:59pm,9,9,,,,,,,1,0
2020,24,240101,Maryland,1,1,0,0,0,1,1,3,ANNE ARUNDEL (3),0,NOT APPLICABLE,9,9,5,May,2020,7,Saturday,9,9:00am-9:59am,41,41,0,This section IS NOT on the NHS,2,Urban,5,Major Collector,2,County Highway Agency,4,County Road,CR-2637,,11,11,39.02311389,39.02311389,-76.674313890,-76.674313890,0,No Special Jurisdiction,42,Tree (Standing Only),0,The First Harmful Event was Not a Collision with a Motor Vehicle in Transport,0,No,1,Non-Junction,1,Not an Intersection,0,None,,,4,On Roadside,1,Daylight,,,,,1,Clear,0,No,0000000,Not Applicable,9,9:00am-9:59am,42,42,9,9:00am-9:59am,49,49,88,"Not Applicable (Not Transported) ",88,Not Applicable (Not Transported),,,,,,,1,1
2020,24,240102,Maryland,1,1,0,0,0,1,1,33,PRINCE GEORGE`S (33),0,NOT APPLICABLE,10,10,5,May,2020,1,Sunday,20,8:00pm-8:59pm,20,20,0,This section IS NOT on the NHS,2,Urban,5,Major Collector,1,State Highway Agency,3,State Highway,SR-381,,130,130,38.69680000,38.69680000,-76.842258330,-76.842258330,0,No Special Jurisdiction,31,"Post, Pole or Other Supports",0,The First Harmful Event was Not a Collision with a Motor Vehicle in Transport,0,No,1,Non-Junction,1,Not an Intersection,0,None,,,4,On Roadside,5,Dusk,,,,,1,Clear,0,No,0000000,Not Applicable,20,8:00pm-8:59pm,18,18,20,8:00pm-8:59pm,25,25,88,"Not Applicable (Not Transported) ",88,Not Applicable (Not Transported),,,,,,,1,1
2020,24,240103,Maryland,1,1,0,0,0,2,2,47,WORCESTER (47),0,NOT APPLICABLE,12,12,5,May,2020,3,Tuesday,4,4:00am-4:59am,23,23,0,This section IS NOT on the NHS,1,Rural,3,Principal Arterial - Other,1,State Highway Agency,2,U.S. Highway,US-113,,78,78,38.12793333,38.12793333,-75.441172220,-75.441172220,0,No Special Jurisdiction,42,Tree (Standing Only),0,The First Harmful Event was Not a Collision with a Motor Vehicle in Transport,0,No,1,Non-Junction,1,Not an Intersection,0,None,,,3,On Median,2,Dark - Not Lighted,,,,,1,Clear,0,No,0000000,Not Applicable,5,5:00am-5:59am,0,0,5,5:00am-5:59am,13,13,99,Unknown,99,Unknown EMS Hospital Arrival Time,,,,,,,1,0
2020,24,240104,Maryland,2,2,0,0,0,3,3,3,ANNE ARUNDEL (3),0,NOT APPLICABLE,13,13,5,May,2020,4,Wednesday,14,2:00pm-2:59pm,29,29,1,This section IS ON the NHS,2,Urban,3,Principal Arterial - Other,1,State Highway Agency,3,State Highway,SR-3,,28,28,39.02708333,39.02708333,-76.689908330,-76.689908330,0,No Special Jurisdiction,12,Motor Vehicle In-Transport,6,Angle,0,No,7,"Crossover-Related ",1,Not an Intersection,0,None,,,1,On Roadway,1,Daylight,,,,,1,Clear,0,No,0000000,Not Applicable,14,2:00pm-2:59pm,28,28,14,2:00pm-2:59pm,33,33,88,"Not Applicable (Not Transported) ",88,Not Applicable (Not Transported),,,,,,,1,0
2020,24,240105,Maryland,1,1,0,0,0,1,1,45,WICOMICO (45),0,NOT APPLICABLE,12,12,5,May,2020,3,Tuesday,2,2:00am-2:59am,11,11,1,This section IS ON the NHS,2,Urban,3,Principal Arterial - Other,1,State Highway Agency,2,U.S. Highway,US-50,,110,110,38.41299444,38.41299444,-75.656330560,-75.656330560,0,No Special Jurisdiction,35,Embankment,0,The First Harmful Event was Not a Collision with a Motor Vehicle in Transport,0,No,1,Non-Junction,1,Not an Intersection,0,None,,,4,On Roadside,6,Dark - Unknown Lighting,,,,,1,Clear,0,No,0000000,Not Applicable,2,2:00am-2:59am,6,6,2,2:00am-2:59am,13,13,88,"Not Applicable (Not Transported) ",88,Not Applicable (Not Transported),,,,,,,1,1
2020,24,240106,Maryland,1,1,0,1,1,1,1,21,FREDERICK (21),0,NOT APPLICABLE,5,5,4,April,2020,1,Sunday,21,9:00pm-9:59pm,1,1,1,This section IS ON the NHS,2,Urban,3,Principal Arterial - Other,1,State Highway Agency,2,U.S. Highway,US-40,MU-820,130,130,39.41626111,39.41626111,-77.439108330,-77.439108330,0,No Special Jurisdiction,8,Pedestrian,0,The First Harmful Event was Not a Collision with a Motor Vehicle in Transport,0,No,3,Intersection-Related,2,Four-Way Intersection,0,None,,,1,On Roadway,3,Dark - Lighted,,,,,98,Not Reported,0,No,0000000,Not Applicable,21,9:00pm-9:59pm,3,3,21,9:00pm-9:59pm,8,8,99,Unknown,99,Unknown EMS Hospital Arrival Time,,,,,,,1,0
2020,24,240107,Maryland,2,2,0,0,0,4,4,45,WICOMICO (45),0,NOT APPLICABLE,16,16,5,May,2020,7,Saturday,16,4:00pm-4:59pm,53,53,1,This section IS ON the NHS,2,Urban,3,Principal Arterial - Other,1,State Highway Agency,2,U.S. Highway,US-50,CR-733,254,254,38.38492778,38.38492778,-75.422483330,-75.422483330,0,No Special Jurisdiction,12,Motor Vehicle In-Transport,6,Angle,0,No,2,Intersection,2,Four-Way Intersection,0,None,,,1,On Roadway,1,Daylight,,,,,1,Clear,0,No,0000000,Not Applicable,16,4:00pm-4:59pm,52,52,17,5:00pm-5:59pm,2,2,99,Unknown,99,Unknown EMS Hospital Arrival Time,,,,,,,1,0
2020,24,240108,Maryland,1,1,0,1,1,1,1,3,ANNE ARUNDEL (3),0,NOT APPLICABLE,15,15,5,May,2020,6,Friday,12,12:00pm-12:59pm,19,19,0,This section IS NOT on the NHS,2,Urban,6,Minor Collector,2,County Highway Agency,4,County Road,CR-1494,,0,None,39.07248611,39.07248611,-76.585641670,-76.585641670,0,No Special Jurisdiction,9,Pedalcyclist,0,The First Harmful Event was Not a Collision with a Motor Vehicle in Transport,0,No,8,Driveway Access Related,1,Not an Intersection,0,None,,,1,On Roadway,1,Daylight,,,,,1,Clear,0,No,0000000,Not Applicable,12,12:00pm-12:59pm,19,19,12,12:00pm-12:59pm,26,26,12,12:00pm-12:59pm,59,59,,,,,,,1,0
2020,24,240109,Maryland,3,3,0,0,0,5,5,45,WICOMICO (45),0,NOT APPLICABLE,15,15,5,May,2020,6,Friday,19,7:00pm-7:59pm,7,7,0,This section IS NOT on the NHS,2,Urban,4,Minor Arterial,1,State Highway Agency,3,State Highway,SR-513,,13,13,38.31266944,38.31266944,-75.607697220,-75.607697220,0,No Special Jurisdiction,12,Motor Vehicle In-Transport,2,Front-to-Front,0,No,1,Non-Junction,1,Not an Intersection,0,None,,,1,On Roadway,1,Daylight,,,,,1,Clear,0,No,0000000,Not Applicable,19,7:00pm-7:59pm,5,5,19,7:00pm-7:59pm,11,11,19,7:00pm-7:59pm,47,47,,,,,,,1,0
2020,24,240110,Maryland,1,1,0,0,0,2,2,27,HOWARD (27),0,NOT APPLICABLE,16,16,5,May,2020,7,Saturday,17,5:00pm-5:59pm,16,16,1,This section IS ON the NHS,2,Urban,2,Principal Arterial - Other Freeways and Expressways,1,State Highway Agency,3,State Highway,SR-175,,65,65,39.22881667,39.22881667,-76.843716670,-76.843716670,0,No Special Jurisdiction,1,Rollover/Overturn,0,The First Harmful Event was Not a Collision with a Motor Vehicle in Transport,0,No,20,Entrance/Exit Ramp,1,Not an Intersection,0,None,,,1,On Roadway,1,Daylight,,,,,1,Clear,0,No,0000000,Not Applicable,17,5:00pm-5:59pm,17,17,17,5:00pm-5:59pm,22,22,99,Unknown,99,Unknown EMS Hospital Arrival Time,,,,,,,1,0
2020,24,240111,Maryland,1,1,0,0,0,1,1,27,HOWARD (27),0,NOT APPLICABLE,14,14,5,May,2020,5,Thursday,22,10:00pm-10:59pm,12,12,0,This section IS NOT on the NHS,2,Urban,4,Minor Arterial,2,County Highway Agency,4,County Road,CR-744,,18,18,39.23242500,39.23242500,-76.898341670,-76.898341670,0,No Special Jurisdiction,42,Tree (Standing Only),0,The First Harmful Event was Not a Collision with a Motor Vehicle in Transport,0,No,1,Non-Junction,1,Not an Intersection,0,None,,,4,On Roadside,3,Dark - Lighted,,,,,10,Cloudy,0,No,0000000,Not Applicable,22,10:00pm-10:59pm,12,12,22,10:00pm-10:59pm,18,18,88,"Not Applicable (Not Transported) ",88,Not Applicable (Not Transported),,,,,,,1,0
2020,24,240112,Maryland,2,2,0,0,0,4,4,3,ANNE ARUNDEL (3),0,NOT APPLICABLE,15,15,5,May,2020,6,Friday,21,9:00pm-9:59pm,22,22,0,This section IS NOT on the NHS,2,Urban,4,Minor Arterial,2,County Highway Agency,4,County Road,CR-443,,0,None,39.17268611,39.17268611,-76.605188890,-76.605188890,0,No Special Jurisdiction,12,Motor Vehicle In-Transport,6,Angle,0,No,8,Driveway Access Related,1,Not an Intersection,0,None,,,1,On Roadway,3,Dark - Lighted,,,,,1,Clear,0,No,0000000,Not Applicable,21,9:00pm-9:59pm,21,21,21,9:00pm-9:59pm,28,28,21,9:00pm-9:59pm,47,47,,,,,,,1,1
2020,24,240113,Maryland,2,2,0,0,0,4,4,3,ANNE ARUNDEL (3),0,NOT APPLICABLE,23,23,5,May,2020,7,Saturday,11,11:00am-11:59am,59,59,0,This section IS NOT on the NHS,2,Urban,4,Minor Arterial,1,State Highway Agency,3,State Highway,SR-450,CR-2826,101,101,38.98278333,38.98278333,-76.534177780,-76.534177780,0,No Special Jurisdiction,33,Curb,0,The First Harmful Event was Not a Collision with a Motor Vehicle in Transport,0,No,3,Intersection-Related,3,T-Intersection,0,None,,,3,On Median,1,Daylight,,,,,1,Clear,0,No,0000000,Not Applicable,11,11:00am-11:59am,58,58,12,12:00pm-12:59pm,3,3,12,12:00pm-12:59pm,19,19,,,,,,,1,0
2020,24,240114,Maryland,2,2,0,0,0,3,3,5,BALTIMORE (5),0,NOT APPLICABLE,15,15,3,March,2020,1,Sunday,20,8:00pm-8:59pm,25,25,0,This section IS NOT on the NHS,2,Urban,3,Principal Arterial - Other,1,State Highway Agency,3,State Highway,SR-150,,73,73,39.33511667,39.33511667,-76.414527780,-76.414527780,0,No Special Jurisdiction,12,Motor Vehicle In-Transport,6,Angle,0,No,8,Driveway Access Related,1,Not an Intersection,0,None,,,1,On Roadway,3,Dark - Lighted,,,,,1,Clear,0,No,0000000,Not Applicable,20,8:00pm-8:59pm,22,22,20,8:00pm-8:59pm,29,29,99,Unknown,99,Unknown EMS Hospital Arrival Time,,,,,,,1,1
2020,24,240115,Maryland,1,1,0,0,0,1,1,21,FREDERICK (21),0,NOT APPLICABLE,23,23,5,May,2020,7,Saturday,15,3:00pm-3:59pm,45,45,0,This section IS NOT on the NHS,2,Urban,5,Major Collector,1,State Highway Agency,3,State Highway,SR-75,,178,178,39.49080556,39.49080556,-77.242394440,-77.242394440,0,No Special Jurisdiction,1,Rollover/Overturn,0,The First Harmful Event was Not a Collision with a Motor Vehicle in Transport,0,No,1,Non-Junction,1,Not an Intersection,0,None,,,4,On Roadside,1,Daylight,,,,,1,Clear,0,No,0000000,Not Applicable,15,3:00pm-3:59pm,44,44,15,3:00pm-3:59pm,53,53,88,"Not Applicable (Not Transported) ",88,Not Applicable (Not Transported),,,,,,,1,1
2020,24,240117,Maryland,2,2,0,0,0,2,2,3,ANNE ARUNDEL (3),0,NOT APPLICABLE,16,16,3,March,2020,2,Monday,17,5:00pm-5:59pm,24,24,0,This section IS NOT on the NHS,2,Urban,4,Minor Arterial,1,State Highway Agency,3,State Highway,SR-424,,25,25,38.95174167,38.95174167,-76.642400000,-76.642400000,0,No Special Jurisdiction,12,Motor Vehicle In-Transport,2,Front-to-Front,0,No,1,Non-Junction,1,Not an Intersection,0,None,,,1,On Roadway,1,Daylight,,,,,10,Cloudy,0,No,0000000,Not Applicable,17,5:00pm-5:59pm,23,23,17,5:00pm-5:59pm,34,34,18,6:00pm-6:59pm,19,19,,,,,,,1,0
2020,24,240118,Maryland,1,1,0,0,0,1,1,1,ALLEGANY (1),0,NOT APPLICABLE,4,4,5,May,2020,2,Monday,8,8:00am-8:59am,52,52,1,This section IS ON the NHS,1,Rural,1,Interstate,1,State Highway Agency,1,Interstate,I-68,,159,159,39.61712222,39.61712222,-78.838769440,-78.838769440,0,No Special Jurisdiction,1,Rollover/Overturn,0,The First Harmful Event was Not a Collision with a Motor Vehicle in Transport,0,No,1,Non-Junction,1,Not an Intersection,0,None,,,1,On Roadway,1,Daylight,,,,,1,Clear,0,No,0000000,Not Applicable,8,8:00am-8:59am,50,50,8,8:00am-8:59am,57,57,88,"Not Applicable (Not Transported) ",88,Not Applicable (Not Transported),,,,,,,1,0
2020,24,240120,Maryland,1,1,0,0,0,1,1,5,BALTIMORE (5),0,NOT APPLICABLE,27,27,5,May,2020,4,Wednesday,19,7:00pm-7:59pm,18,18,1,This section IS ON the NHS,2,Urban,1,Interstate,1,State Highway Agency,1,Interstate,I-795,,0,None,39.37616389,39.37616389,-76.751702780,-76.751702780,0,No Special Jurisdiction,25,Concrete Traffic Barrier,0,The First Harmful Event was Not a Collision with a Motor Vehicle in Transport,0,No,1,Non-Junction,1,Not an Intersection,0,None,,,3,On Median,1,Daylight,,,,,1,Clear,0,No,0000000,Not Applicable,19,7:00pm-7:59pm,14,14,19,7:00pm-7:59pm,27,27,88,"Not Applicable (Not Transported) ",88,Not Applicable (Not Transported),,,,,,,1,0
2020,24,240121,Maryland,2,2,0,1,1,2,2,33,PRINCE GEORGE`S (33),0,NOT APPLICABLE,20,20,5,May,2020,4,Wednesday,21,9:00pm-9:59pm,22,22,1,This section IS ON the NHS,2,Urban,3,Principal Arterial - Other,1,State Highway Agency,2,U.S. Highway,US-1,,127,127,39.09043333,39.09043333,-76.858261110,-76.858261110,0,No Special Jurisdiction,15,Non-Motorist on Personal Conveyance,0,The First Harmful Event was Not a Collision with a Motor Vehicle in Transport,0,No,1,Non-Junction,1,Not an Intersection,0,None,,,1,On Roadway,3,Dark - Lighted,,,,,1,Clear,0,No,0000000,Not Applicable,99,Unknown,99,Unknown,99,Unknown EMS Scene Arrival Hour,99,Unknown EMS Scene Arrival Minutes,99,Unknown,99,Unknown EMS Hospital Arrival Time,,,,,,,1,0
2020,24,240122,Maryland,2,2,0,0,0,2,2,21,FREDERICK (21),0,NOT APPLICABLE,27,27,5,May,2020,4,Wednesday,19,7:00pm-7:59pm,30,30,0,This section IS NOT on the NHS,2,Urban,4,Minor Arterial,1,State Highway Agency,3,State Highway,SR-550,CR-,73,73,39.55407222,39.55407222,-77.338094440,-77.338094440,0,No Special Jurisdiction,12,Motor Vehicle In-Transport,6,Angle,0,No,3,Intersection-Related,3,T-Intersection,0,None,,,1,On Roadway,1,Daylight,,,,,1,Clear,0,No,0000000,Not Applicable,19,7:00pm-7:59pm,29,29,19,7:00pm-7:59pm,39,39,20,8:00pm-8:59pm,51,51,,,,,,,1,0
2020,24,240123,Maryland,2,2,0,0,0,3,3,3,ANNE ARUNDEL (3),0,NOT APPLICABLE,28,28,5,May,2020,5,Thursday,5,5:00am-5:59am,54,54,0,This section IS NOT on the NHS,2,Urban,5,Major Collector,2,County Highway Agency,4,County Road,CR-6,,7,7,39.22061389,39.22061389,-76.675286110,-76.675286110,0,No Special Jurisdiction,12,Motor Vehicle In-Transport,6,Angle,0,No,1,Non-Junction,1,Not an Intersection,0,None,,,1,On Roadway,2,Dark - Not Lighted,,,,,10,Cloudy,0,No,0000000,Not Applicable,5,5:00am-5:59am,54,54,6,6:00am-6:59am,0,0,99,Unknown,99,Unknown EMS Hospital Arrival Time,,,,,,,1,0
2020,24,240124,Maryland,2,2,0,0,0,2,2,31,MONTGOMERY (31),0,NOT APPLICABLE,28,28,5,May,2020,5,Thursday,22,10:00pm-10:59pm,7,7,0,This section IS NOT on the NHS,2,Urban,3,Principal Arterial - Other,1,State Highway Agency,3,State Highway,SR-190,CR-169,118,118,38.99024444,38.99024444,-77.152655560,-77.152655560,0,No Special Jurisdiction,12,Motor Vehicle In-Transport,6,Angle,0,No,2,Intersection,2,Four-Way Intersection,0,None,,,1,On Roadway,3,Dark - Lighted,,,,,1,Clear,0,No,0000000,Not Applicable,22,10:00pm-10:59pm,6,6,22,10:00pm-10:59pm,10,10,88,"Not Applicable (Not Transported) ",88,Not Applicable (Not Transported),,,,,,,1,1
2020,24,240126,Maryland,1,1,0,0,0,2,2,5,BALTIMORE (5),0,NOT APPLICABLE,18,18,1,January,2020,7,Saturday,22,10:00pm-10:59pm,21,21,0,This section IS NOT on the NHS,2,Urban,7,Local,2,County Highway Agency,4,County Road,CR-4090,,27,27,39.38246111,39.38246111,-76.446566670,-76.446566670,0,No Special Jurisdiction,39,Wall,0,The First Harmful Event was Not a Collision with a Motor Vehicle in Transport,0,No,1,Non-Junction,1,Not an Intersection,0,None,,,4,On Roadside,2,Dark - Not Lighted,,,,,10,Cloudy,0,No,0000000,Not Applicable,16,4:00pm-4:59pm,9,9,16,4:00pm-4:59pm,14,14,99,Unknown,99,Unknown EMS Hospital Arrival Time,,,,,,,1,1
2020,24,240127,Maryland,2,2,0,0,0,5,5,33,PRINCE GEORGE`S (33),0,NOT APPLICABLE,25,25,5,May,2020,2,Monday,21,9:00pm-9:59pm,35,35,1,This section IS ON the NHS,2,Urban,3,Principal Arterial - Other,1,State Highway Agency,3,State Highway,SR-55,SR-637,148,148,38.84837500,38.84837500,-76.953444440,-76.953444440,0,No Special Jurisdiction,12,Motor Vehicle In-Transport,6,Angle,0,No,2,Intersection,3,T-Intersection,0,None,,,1,On Roadway,3,Dark - Lighted,,,,,1,Clear,0,No,0000000,Not Applicable,21,9:00pm-9:59pm,34,34,21,9:00pm-9:59pm,40,40,88,"Not Applicable (Not Transported) ",88,Not Applicable (Not Transported),,,,,,,1,0
2020,24,240129,Maryland,2,2,0,0,0,2,2,510,BALTIMORE (CITY) (510),50,BALTIMORE,8,8,4,April,2020,4,Wednesday,17,5:00pm-5:59pm,53,53,1,This section IS ON the NHS,2,Urban,3,Principal Arterial - Other,4,City or Municipal Highway Agency,3,State Highway,SR-151,,5,5,39.30192500,39.30192500,-76.541544440,-76.541544440,0,No Special Jurisdiction,12,Motor Vehicle In-Transport,6,Angle,0,No,4,Driveway Access,1,Not an Intersection,0,None,,,1,On Roadway,1,Daylight,,,,,1,Clear,0,No,0000000,Not Applicable,99,Unknown,99,Unknown,99,Unknown EMS Scene Arrival Hour,99,Unknown EMS Scene Arrival Minutes,99,Unknown,99,Unknown EMS Hospital Arrival Time,,,,,,,1,0
2020,24,240130,Maryland,2,2,0,0,0,2,2,31,MONTGOMERY (31),0,NOT APPLICABLE,28,28,5,May,2020,5,Thursday,12,12:00pm-12:59pm,46,46,0,This section IS NOT on the NHS,2,Urban,3,Principal Arterial - Other,1,State Highway Agency,3,State Highway,SR-355,SR-187,17,17,38.98488889,38.98488889,-77.094283330,-77.094283330,0,No Special Jurisdiction,12,Motor Vehicle In-Transport,1,Front-to-Rear,0,No,3,Intersection-Related,3,T-Intersection,0,None,,,1,On Roadway,1,Daylight,,,,,10,Cloudy,0,No,0000000,Not Applicable,12,12:00pm-12:59pm,14,14,12,12:00pm-12:59pm,26,26,12,12:00pm-12:59pm,40,40,,,,,,,1,0
2020,24,240131,Maryland,1,1,0,0,0,1,1,21,FREDERICK (21),0,NOT APPLICABLE,30,30,5,May,2020,7,Saturday,13,1:00pm-1:59pm,59,59,0,This section IS NOT on the NHS,2,Urban,3,Principal Arterial - Other,1,State Highway Agency,3,State Highway,SR-26,,22,22,39.45431389,39.45431389,-77.367280560,-77.367280560,0,No Special Jurisdiction,1,Rollover/Overturn,0,The First Harmful Event was Not a Collision with a Motor Vehicle in Transport,0,No,1,Non-Junction,1,Not an Intersection,0,None,,,1,On Roadway,1,Daylight,,,,,1,Clear,0,No,0000000,Not Applicable,13,1:00pm-1:59pm,59,59,14,2:00pm-2:59pm,7,7,88,"Not Applicable (Not Transported) ",88,Not Applicable (Not Transported),,,,,,,1,0
2020,24,240132,Maryland,1,1,0,0,0,1,1,17,CHARLES (17),0,NOT APPLICABLE,5,5,6,June,2020,6,Friday,14,2:00pm-2:59pm,30,30,1,This section IS ON the NHS,2,Urban,3,Principal Arterial - Other,1,State Highway Agency,3,State Highway,SR-5,,58,58,38.55393889,38.55393889,-76.838655560,-76.838655560,0,No Special Jurisdiction,42,Tree (Standing Only),0,The First Harmful Event was Not a Collision with a Motor Vehicle in Transport,0,No,1,Non-Junction,1,Not an Intersection,0,None,,,4,On Roadside,1,Daylight,,,,,1,Clear,0,No,0000000,Not Applicable,14,2:00pm-2:59pm,6,6,14,2:00pm-2:59pm,34,34,15,3:00pm-3:59pm,1,1,,,,,,,1,0
2020,24,240133,Maryland,1,1,0,0,0,1,1,17,CHARLES (17),0,NOT APPLICABLE,21,21,5,May,2020,5,Thursday,23,11:00pm-11:59pm,42,42,0,This section IS NOT on the NHS,2,Urban,4,Minor Arterial,1,State Highway Agency,3,State Highway,SR-6,,29,29,38.49836667,38.49836667,-76.941750000,-76.941750000,0,No Special Jurisdiction,42,Tree (Standing Only),0,The First Harmful Event was Not a Collision with a Motor Vehicle in Transport,0,No,1,Non-Junction,1,Not an Intersection,0,None,,,4,On Roadside,2,Dark - Not Lighted,,,,,98,Not Reported,0,No,0000000,Not Applicable,23,11:00pm-11:59pm,36,36,23,11:00pm-11:59pm,47,47,88,"Not Applicable (Not Transported) ",88,Not Applicable (Not Transported),,,,,,,1,1
2020,24,240134,Maryland,1,1,0,1,1,1,1,13,CARROLL (13),0,NOT APPLICABLE,1,1,6,June,2020,2,Monday,4,4:00am-4:59am,13,13,1,This section IS ON the NHS,2,Urban,3,Principal Arterial - Other,1,State Highway Agency,3,State Highway,SR-30,,109,109,39.70901667,39.70901667,-76.916713890,-76.916713890,0,No Special Jurisdiction,8,Pedestrian,0,The First Harmful Event was Not a Collision with a Motor Vehicle in Transport,0,No,1,Non-Junction,1,Not an Intersection,0,None,,,1,On Roadway,2,Dark - Not Lighted,,,,,1,Clear,0,No,0000000,Not Applicable,99,Unknown,99,Unknown,99,Unknown EMS Scene Arrival Hour,99,Unknown EMS Scene Arrival Minutes,99,Unknown,99,Unknown EMS Hospital Arrival Time,,,,,,,1,0
2020,24,240135,Maryland,2,2,0,0,0,4,4,3,ANNE ARUNDEL (3),0,NOT APPLICABLE,7,7,6,June,2020,1,Sunday,11,11:00am-11:59am,41,41,1,This section IS ON the NHS,2,Urban,1,Interstate,1,State Highway Agency,1,Interstate,I-595,,36,36,38.97682222,38.97682222,-76.613544440,-76.613544440,0,No Special Jurisdiction,12,Motor Vehicle In-Transport,1,Front-to-Rear,0,No,1,Non-Junction,1,Not an Intersection,0,None,,,1,On Roadway,1,Daylight,,,,,1,Clear,0,No,0000000,Not Applicable,11,11:00am-11:59am,35,35,11,11:00am-11:59am,43,43,88,"Not Applicable (Not Transported) ",88,Not Applicable (Not Transported),,,,,,,1,1