caseyear,state,st_case,statename,ve_total,ve_forms,pvh_invl,peds,pernotmvit,permvit,persons,county,countyname,city,cityname,day,dayname,month,monthname,year,day_week,day_weekname,hour,hourname,minute,minutename,nhs,nhsname,rur_urb,rur_urbname,func_sys,func_sysname,rd_owner,rd_ownername,route,routename,tway_id,tway_id2,milept,mileptname,latitude,latitudename,longitud,longitudname,sp_jur,sp_jurname,harm_ev,harm_evname,man_coll,man_collname,reljct1,reljct1name,reljct2,reljct2name,typ_int,typ_intname,wrk_zone,wrk_zonename,road_fnc,road_fncname,rel_road,rel_roadname,lgt_cond,lgt_condname,weather1,weather1name,weather2,weather2name,weather,weathername,sch_bus,sch_busname,rail,railname,not_hour,not_hourname,not_min,not_minname,arr_hour,arr_hourname,arr_min,arr_minname,hosp_hr,hosp_hrname,hosp_mn,hosp_mnname,cf1,cf1name,cf2,cf2name,cf3,cf3name,fatals,drunk_dr
2020,24,240174,Maryland,2,2,0,0,0,4,4,15,CECIL (15),0,NOT APPLICABLE,22,22,6,June,2020,2,Monday,1,1:00am-1:59am,19,19,1,This section IS ON the NHS,2,Urban,1,Interstate,1,State Highway Agency,1,Interstate,I-95,,30,30,39.58656667,39.58656667,-76.076883330,-76.076883330,0,No Special Jurisdiction,12,Motor Vehicle In-Transport,1,Front-to-Rear,0,No,1,Non-Junction,1,Not an Intersection,0,None,,,1,On Roadway,2,Dark - Not Lighted,,,,,1,Clear,0,No,0000000,Not Applicable,1,1:00am-1:59am,13,13,1,1:00am-1:59am,26,26,2,2:00am-2:59am,44,44,,,,,,,1,1
2020,24,240175,Maryland,1,1,0,0,0,2,2,29,KENT (29),0,NOT APPLICABLE,27,27,6,June,2020,7,Saturday,3,3:00am-3:59am,10,10,0,This section IS NOT on the NHS,1,Rural,7,Local,2,County Highway Agency,4,County Road,CR-380,,11,11,39.26866944,39.26866944,-75.845363890,-75.845363890,0,No Special Jurisdiction,42,Tree (Standing Only),0,The First Harmful Event was Not a Collision with a Motor Vehicle in Transport,0,No,1,Non-Junction,1,Not an Intersection,0,None,,,5,Outside Trafficway,2,Dark - Not Lighted,,,,,1,Clear,0,No,0000000,Not Applicable,3,3:00am-3:59am,6,6,3,3:00am-3:59am,29,29,99,Unknown,99,Unknown EMS Hospital Arrival Time,,,,,,,1,1
2020,24,240177,Maryland,2,2,0,1,1,2,2,33,PRINCE GEORGE`S (33),0,NOT APPLICABLE,27,27,6,June,2020,7,Saturday,22,10:00pm-10:59pm,47,47,0,This section IS NOT on the NHS,2,Urban,4,Minor Arterial,1,State Highway Agency,3,State Highway,SR-337,,22,22,38.82225278,38.82225278,-76.884616670,-76.884616670,0,No Special Jurisdiction,8,Pedestrian,0,The First Harmful Event was Not a Collision with a Motor Vehicle in Transport,0,No,1,Non-Junction,1,Not an Intersection,0,None,,,1,On Roadway,2,Dark - Not Lighted,,,,,10,Cloudy,0,No,0000000,Not Applicable,22,10:00pm-10:59pm,36,36,22,10:00pm-10:59pm,50,50,88,"Not Applicable (Not Transported) ",88,Not Applicable (Not Transported),,,,,,,1,0
2020,24,240178,Maryland,2,2,0,0,0,2,2,33,PRINCE GEORGE`S (33),0,NOT APPLICABLE,29,29,6,June,2020,2,Monday,11,11:00am-11:59am,40,40,0,This section IS NOT on the NHS,2,Urban,4,Minor Arterial,1,State Highway Agency,3,State Highway,SR-202,CR-1227,107,107,38.92440278,38.92440278,-76.870688890,-76.870688890,0,No Special Jurisdiction,12,Motor Vehicle In-Transport,1,Front-to-Rear,0,No,2,Intersection,3,T-Intersection,0,None,,,1,On Roadway,1,Daylight,,,,,1,Clear,0,No,0000000,Not Applicable,99,Unknown,99,Unknown,99,Unknown EMS Scene Arrival Hour,99,Unknown EMS Scene Arrival Minutes,99,Unknown,99,Unknown EMS Hospital Arrival Time,,,,,,,1,0
2020,24,240179,Maryland,1,1,0,0,0,1,1,1,ALLEGANY (1),0,NOT APPLICABLE,28,28,6,June,2020,1,Sunday,10,10:00am-10:59am,37,37,0,This section IS NOT on the NHS,2,Urban,3,Principal Arterial - Other,1,State Highway Agency,3,State Highway,SR-135,,58,58,39.46706389,39.46706389,-79.016100000,-79.016100000,0,No Special Jurisdiction,1,Rollover/Overturn,0,The First Harmful Event was Not a Collision with a Motor Vehicle in Transport,0,No,1,Non-Junction,1,Not an Intersection,0,None,,,4,On Roadside,1,Daylight,,,,,2,Rain,0,No,0000000,Not Applicable,10,10:00am-10:59am,29,29,10,10:00am-10:59am,35,35,88,"Not Applicable (Not Transported) ",88,Not Applicable (Not Transported),,,,,,,1,0
2020,24,240180,Maryland,1,1,0,0,0,4,4,21,FREDERICK (21),0,NOT APPLICABLE,27,27,6,June,2020,7,Saturday,1,1:00am-1:59am,6,6,0,This section IS NOT on the NHS,2,Urban,6,Minor Collector,1,State Highway Agency,3,State Highway,SR-85,,86,86,39.37430278,39.37430278,-77.410258330,-77.410258330,0,No Special Jurisdiction,31,"Post, Pole or Other Supports",0,The First Harmful Event was Not a Collision with a Motor Vehicle in Transport,0,No,1,Non-Junction,1,Not an Intersection,0,None,,,4,On Roadside,3,Dark - Lighted,,,,,10,Cloudy,0,No,0000000,Not Applicable,1,1:00am-1:59am,6,6,1,1:00am-1:59am,13,13,99,Unknown,99,Unknown EMS Hospital Arrival Time,,,,,,,1,1
2020,24,240181,Maryland,1,1,0,1,1,1,1,33,PRINCE GEORGE`S (33),0,NOT APPLICABLE,2,2,7,July,2020,5,Thursday,8,8:00am-8:59am,17,17,0,This section IS NOT on the NHS,2,Urban,3,Principal Arterial - Other,1,State Highway Agency,3,State Highway,SR-214,MU-7027,89,89,38.90219722,38.90219722,-76.752666670,-76.752666670,0,No Special Jurisdiction,9,Pedalcyclist,0,The First Harmful Event was Not a Collision with a Motor Vehicle in Transport,0,No,3,Intersection-Related,3,T-Intersection,0,None,,,1,On Roadway,1,Daylight,,,,,1,Clear,0,No,0000000,Not Applicable,8,8:00am-8:59am,13,13,8,8:00am-8:59am,34,34,99,Unknown,99,Unknown EMS Hospital Arrival Time,,,,,,,1,0
2020,24,240182,Maryland,2,2,0,0,0,2,2,21,FREDERICK (21),0,NOT APPLICABLE,2,2,7,July,2020,5,Thursday,20,8:00pm-8:59pm,36,36,1,This section IS ON the NHS,1,Rural,1,Interstate,1,State Highway Agency,1,Interstate,I-270,,53,53,39.34045278,39.34045278,-77.383769440,-77.383769440,0,No Special Jurisdiction,12,Motor Vehicle In-Transport,1,Front-to-Rear,0,No,1,Non-Junction,1,Not an Intersection,0,None,,,1,On Roadway,5,Dusk,,,,,1,Clear,0,No,0000000,Not Applicable,20,8:00pm-8:59pm,36,36,20,8:00pm-8:59pm,42,42,22,10:00pm-10:59pm,1,1,,,,,,,1,1
2020,24,240183,Maryland,2,1,1,2,4,1,3,27,HOWARD (27),0,NOT APPLICABLE,2,2,7,July,2020,5,Thursday,0,0:00am-0:59am,17,17,1,This section IS ON the NHS,2,Urban,1,Interstate,1,State Highway Agency,1,Interstate,I-70,,174,174,39.29626111,39.29626111,-76.832897220,-76.832897220,0,No Special Jurisdiction,8,Pedestrian,0,The First Harmful Event was Not a Collision with a Motor Vehicle in Transport,0,No,1,Non-Junction,1,Not an Intersection,4,"Work Zone, Type Unknown",,,2,On Shoulder,3,Dark - Lighted,,,,,1,Clear,0,No,0000000,Not Applicable,0,0:00am-0:59am,12,12,0,0:00am-0:59am,19,19,99,Unknown,99,Unknown EMS Hospital Arrival Time,,,,,,,1,0
2020,24,240184,Maryland,3,3,0,0,0,6,6,5,BALTIMORE (5),0,NOT APPLICABLE,21,21,3,March,2020,7,Saturday,12,12:00pm-12:59pm,17,17,0,This section IS NOT on the NHS,2,Urban,3,Principal Arterial - Other,1,State Highway Agency,3,State Highway,SR-26,,67,67,39.36005000,39.36005000,-76.775080560,-76.775080560,0,No Special Jurisdiction,12,Motor Vehicle In-Transport,1,Front-to-Rear,0,No,8,Driveway Access Related,1,Not an Intersection,0,None,,,1,On Roadway,1,Daylight,,,,,1,Clear,0,No,0000000,Not Applicable,12,12:00pm-12:59pm,16,16,12,12:00pm-12:59pm,25,25,12,12:00pm-12:59pm,59,59,,,,,,,1,0
2020,24,240185,Maryland,1,1,0,0,0,4,4,45,WICOMICO (45),0,NOT APPLICABLE,4,4,7,July,2020,7,Saturday,23,11:00pm-11:59pm,8,8,0,This section IS NOT on the NHS,1,Rural,7,Local,2,County Highway Agency,4,County Road,CR-31,,2,2,38.49584167,38.49584167,-75.766327780,-75.766327780,0,No Special Jurisdiction,34,Ditch,0,The First Harmful Event was Not a Collision with a Motor Vehicle in Transport,0,No,1,Non-Junction,1,Not an Intersection,0,None,,,4,On Roadside,2,Dark - Not Lighted,,,,,98,Not Reported,0,No,0000000,Not Applicable,23,11:00pm-11:59pm,5,5,23,11:00pm-11:59pm,19,19,99,Unknown,99,Unknown EMS Hospital Arrival Time,,,,,,,1,1
2020,24,240186,Maryland,2,2,0,0,0,4,4,25,HARFORD (25),0,NOT APPLICABLE,3,3,7,July,2020,6,Friday,17,5:00pm-5:59pm,11,11,1,This section IS ON the NHS,2,Urban,3,Principal Arterial - Other,1,State Highway Agency,3,State Highway,SR-22,CR-386,79,79,39.53988056,39.53988056,-76.222983330,-76.222983330,0,No Special Jurisdiction,12,Motor Vehicle In-Transport,6,Angle,0,No,2,Intersection,3,T-Intersection,0,None,,,1,On Roadway,1,Daylight,,,,,1,Clear,0,No,0000000,Not Applicable,17,5:00pm-5:59pm,5,5,17,5:00pm-5:59pm,15,15,99,Unknown,99,Unknown EMS Hospital Arrival Time,,,,,,,1,1
2020,24,240187,Maryland,1,1,0,0,0,2,2,33,PRINCE GEORGE`S (33),0,NOT APPLICABLE,9,9,7,July,2020,5,Thursday,16,4:00pm-4:59pm,53,53,0,This section IS NOT on the NHS,2,Urban,4,Minor Arterial,2,County Highway Agency,4,County Road,CR-3675,,21,21,38.79419167,38.79419167,-76.899786110,-76.899786110,0,No Special Jurisdiction,30,Utility Pole/Light Support,0,The First Harmful Event was Not a Collision with a Motor Vehicle in Transport,0,No,1,Non-Junction,1,Not an Intersection,0,None,,,4,On Roadside,1,Daylight,,,,,1,Clear,0,No,0000000,Not Applicable,16,4:00pm-4:59pm,53,53,17,5:00pm-5:59pm,3,3,88,"Not Applicable (Not Transported) ",88,Not Applicable (Not Transported),,,,,,,2,0
2020,24,240188,Maryland,2,2,0,0,0,2,2,5,BALTIMORE (5),0,NOT APPLICABLE,8,8,7,July,2020,4,Wednesday,22,10:00pm-10:59pm,22,22,1,This section IS ON the NHS,2,Urban,1,Interstate,1,State Highway Agency,1,Interstate,I-95,,28,28,39.23913889,39.23913889,-76.703233330,-76.703233330,0,No Special Jurisdiction,12,Motor Vehicle In-Transport,6,Angle,0,No,1,Non-Junction,1,Not an Intersection,0,None,,,1,On Roadway,2,Dark - Not Lighted,,,,,1,Clear,0,No,0000000,Not Applicable,22,10:00pm-10:59pm,33,33,22,10:00pm-10:59pm,42,42,99,Unknown,99,Unknown EMS Hospital Arrival Time,,,,,,,1,0
2020,24,240189,Maryland,3,3,0,0,0,7,7,21,FREDERICK (21),0,NOT APPLICABLE,13,13,6,June,2020,7,Saturday,22,10:00pm-10:59pm,19,19,1,This section IS ON the NHS,2,Urban,1,Interstate,1,State Highway Agency,1,Interstate,I-70,,93,93,39.43938056,39.43938056,-77.490736110,-77.490736110,0,No Special Jurisdiction,44,"Pavement Surface Irregularity (Ruts, Potholes, Grates, etc.)",0,The First Harmful Event was Not a Collision with a Motor Vehicle in Transport,0,No,1,Non-Junction,1,Not an Intersection,0,None,,,1,On Roadway,2,Dark - Not Lighted,,,,,1,Clear,0,No,0000000,Not Applicable,22,10:00pm-10:59pm,20,20,22,10:00pm-10:59pm,28,28,88,"Not Applicable (Not Transported) ",88,Not Applicable (Not Transported),,,,,,,1,0
2020,24,240190,Maryland,2,2,0,0,0,2,2,3,ANNE ARUNDEL (3),0,NOT APPLICABLE,2,2,7,July,2020,5,Thursday,19,7:00pm-7:59pm,54,54,0,This section IS NOT on the NHS,2,Urban,4,Minor Arterial,1,State Highway Agency,3,State Highway,SR-3BU,CR-643,28,28,39.15774444,39.15774444,-76.629077780,-76.629077780,0,No Special Jurisdiction,12,Motor Vehicle In-Transport,6,Angle,0,No,2,Intersection,2,Four-Way Intersection,0,None,,,1,On Roadway,1,Daylight,,,,,1,Clear,0,No,0000000,Not Applicable,19,7:00pm-7:59pm,55,55,19,7:00pm-7:59pm,57,57,88,"Not Applicable (Not Transported) ",88,Not Applicable (Not Transported),,,,,,,1,0
2020,24,240191,Maryland,4,4,0,2,2,4,4,33,PRINCE GEORGE`S (33),0,NOT APPLICABLE,2,2,7,July,2020,5,Thursday,14,2:00pm-2:59pm,22,22,0,This section IS NOT on the NHS,2,Urban,4,Minor Arterial,2,County Highway Agency,4,County Road,CR-3675,CR-126,28,28,38.80396944,38.80396944,-76.907213890,-76.907213890,0,No Special Jurisdiction,8,Pedestrian,0,The First Harmful Event was Not a Collision with a Motor Vehicle in Transport,0,No,3,Intersection-Related,2,Four-Way Intersection,0,None,,,4,On Roadside,1,Daylight,,,,,1,Clear,0,No,0000000,Not Applicable,14,2:00pm-2:59pm,22,22,14,2:00pm-2:59pm,31,31,15,3:00pm-3:59pm,10,10,,,,,,,1,1
2020,24,240192,Maryland,2,2,0,0,0,2,2,31,MONTGOMERY (31),0,NOT APPLICABLE,13,13,4,April,2020,2,Monday,12,12:00pm-12:59pm,1,1,0,This section IS NOT on the NHS,2,Urban,4,Minor Arterial,1,State Highway Agency,3,State Highway,SR-182,CR-2002,31,31,39.10168333,39.10168333,-77.040569440,-77.040569440,0,No Special Jurisdiction,24,Guardrail Face,0,The First Harmful Event was Not a Collision with a Motor Vehicle in Transport,0,No,3,Intersection-Related,3,T-Intersection,0,None,,,4,On Roadside,1,Daylight,,,,,2,Rain,0,No,0000000,Not Applicable,12,12:00pm-12:59pm,0,0,12,12:00pm-12:59pm,7,7,12,12:00pm-12:59pm,58,58,,,,,,,1,0
2020,24,240193,Maryland,1,1,0,1,1,3,3,33,PRINCE GEORGE`S (33),0,NOT APPLICABLE,4,4,6,June,2020,5,Thursday,20,8:00pm-8:59pm,34,34,0,This section IS NOT on the NHS,2,Urban,4,Minor Arterial,2,County Highway Agency,4,County Road,CR-3074,,16,16,38.86164444,38.86164444,-76.911808330,-76.911808330,0,No Special Jurisdiction,8,Pedestrian,0,The First Harmful Event was Not a Collision with a Motor Vehicle in Transport,0,No,1,Non-Junction,1,Not an Intersection,0,None,,,1,On Roadway,3,Dark - Lighted,,,,,2,Rain,0,No,0000000,Not Applicable,20,8:00pm-8:59pm,31,31,20,8:00pm-8:59pm,37,37,88,"Not Applicable (Not Transported) ",88,Not Applicable (Not Transported),,,,,,,1,0
2020,24,240194,Maryland,4,3,1,0,0,4,4,33,PRINCE GEORGE`S (33),0,NOT APPLICABLE,31,31,5,May,2020,1,Sunday,22,10:00pm-10:59pm,55,55,0,This section IS NOT on the NHS,2,Urban,4,Minor Arterial,2,County Highway Agency,4,County Road,CR-81,,15,15,38.83726667,38.83726667,-76.904502780,-76.904502780,0,No Special Jurisdiction,12,Motor Vehicle In-Transport,8,Sideswipe - Opposite Direction,0,No,1,Non-Junction,1,Not an Intersection,0,None,,,1,On Roadway,3,Dark - Lighted,,,,,1,Clear,0,No,0000000,Not Applicable,99,Unknown,99,Unknown,99,Unknown EMS Scene Arrival Hour,99,Unknown EMS Scene Arrival Minutes,88,"Not Applicable (Not Transported) ",88,Not Applicable (Not Transported),,,,,,,2,1
2020,24,240195,Maryland,1,1,0,0,0,1,1,17,CHARLES (17),0,NOT APPLICABLE,20,20,6,June,2020,7,Saturday,23,11:00pm-11:59pm,21,21,0,This section IS NOT on the NHS,2,Urban,5,Major Collector,2,County Highway Agency,4,County Road,CR-158,,0,None,38.50435000,38.50435000,-77.168025000,-77.168025000,0,No Special Jurisdiction,42,Tree (Standing Only),0,The First Harmful Event was Not a Collision with a Motor Vehicle in Transport,0,No,1,Non-Junction,1,Not an Intersection,0,None,,,4,On Roadside,2,Dark - Not Lighted,,,,,1,Clear,0,No,0000000,Not Applicable,23,11:00pm-11:59pm,21,21,23,11:00pm-11:59pm,30,30,99,Unknown,99,Unknown EMS Hospital Arrival Time,,,,,,,1,1
2020,24,240196,Maryland,1,1,0,1,1,1,1,37,ST. MARY`S (37),0,NOT APPLICABLE,29,29,6,June,2020,2,Monday,21,9:00pm-9:59pm,2,2,0,This section IS NOT on the NHS,2,Urban,4,Minor Arterial,1,State Highway Agency,3,State Highway,SR-246,,7,7,38.24466389,38.24466389,-76.491019440,-76.491019440,0,No Special Jurisdiction,8,Pedestrian,0,The First Harmful Event was Not a Collision with a Motor Vehicle in Transport,0,No,1,Non-Junction,1,Not an Intersection,0,None,,,1,On Roadway,2,Dark - Not Lighted,,,,,1,Clear,0,No,0000000,Not Applicable,19,7:00pm-7:59pm,34,34,19,7:00pm-7:59pm,41,41,22,10:00pm-10:59pm,32,32,,,,,,,1,0
2020,24,240197,Maryland,2,2,0,0,0,4,4,21,FREDERICK (21),0,NOT APPLICABLE,5,5,7,July,2020,1,Sunday,16,4:00pm-4:59pm,45,45,0,This section IS NOT on the NHS,1,Rural,4,Minor Arterial,1,State Highway Agency,3,State Highway,SR-31,CR-468,31,31,39.49433056,39.49433056,-77.178819440,-77.178819440,0,No Special Jurisdiction,12,Motor Vehicle In-Transport,6,Angle,0,No,2,Intersection,2,Four-Way Intersection,0,None,,,1,On Roadway,1,Daylight,,,,,1,Clear,0,No,0000000,Not Applicable,16,4:00pm-4:59pm,44,44,16,4:00pm-4:59pm,51,51,99,Unknown,99,Unknown EMS Hospital Arrival Time,,,,,,,1,0
2020,24,240198,Maryland,1,1,0,1,1,1,1,25,HARFORD (25),0,NOT APPLICABLE,7,7,7,July,2020,3,Tuesday,3,3:00am-3:59am,17,17,1,This section IS ON the NHS,2,Urban,3,Principal Arterial - Other,1,State Highway Agency,2,U.S. Highway,US-40,SR-22,136,136,39.51380556,39.51380556,-76.160616670,-76.160616670,0,No Special Jurisdiction,9,Pedalcyclist,0,The First Harmful Event was Not a Collision with a Motor Vehicle in Transport,0,No,2,Intersection,3,T-Intersection,0,None,,,1,On Roadway,3,Dark - Lighted,,,,,10,Cloudy,0,No,0000000,Not Applicable,3,3:00am-3:59am,17,17,3,3:00am-3:59am,23,23,4,4:00am-4:59am,20,20,,,,,,,1,0
2020,24,240199,Maryland,1,1,0,1,1,1,1,3,ANNE ARUNDEL (3),0,NOT APPLICABLE,9,9,7,July,2020,5,Thursday,16,4:00pm-4:59pm,20,20,0,This section IS NOT on the NHS,2,Urban,3,Principal Arterial - Other,1,State Highway Agency,3,State Highway,SR-2,,240,240,39.01661389,39.01661389,-76.493941670,-76.493941670,0,No Special Jurisdiction,8,Pedestrian,0,The First Harmful Event was Not a Collision with a Motor Vehicle in Transport,0,No,1,Non-Junction,1,Not an Intersection,0,None,,,1,On Roadway,1,Daylight,,,,,1,Clear,0,No,0000000,Not Applicable,16,4:00pm-4:59pm,20,20,16,4:00pm-4:59pm,24,24,17,5:00pm-5:59pm,23,23,,,,,,,1,1
2020,24,240200,Maryland,1,1,0,0,0,1,1,19,DORCHESTER (19),0,NOT APPLICABLE,9,9,7,July,2020,5,Thursday,2,2:00am-2:59am,11,11,0,This section IS NOT on the NHS,1,Rural,7,Local,2,County Highway Agency,4,County Road,CR-198,,28,28,38.55433611,38.55433611,-75.957975000,-75.957975000,0,No Special Jurisdiction,34,Ditch,0,The First Harmful Event was Not a Collision with a Motor Vehicle in Transport,0,No,1,Non-Junction,1,Not an Intersection,0,None,,,4,On Roadside,6,Dark - Unknown Lighting,,,,,98,Not Reported,0,No,0000000,Not Applicable,2,2:00am-2:59am,5,5,2,2:00am-2:59am,22,22,2,2:00am-2:59am,55,55,,,,,,,1,1
2020,24,240201,Maryland,1,1,0,1,1,1,1,3,ANNE ARUNDEL (3),0,NOT APPLICABLE,12,12,7,July,2020,1,Sunday,16,4:00pm-4:59pm,7,7,1,This section IS ON the NHS,2,Urban,1,Interstate,1,State Highway Agency,1,Interstate,I-695,,19,19,39.21653611,39.21653611,-76.656572220,-76.656572220,0,No Special Jurisdiction,8,Pedestrian,0,The First Harmful Event was Not a Collision with a Motor Vehicle in Transport,0,No,1,Non-Junction,1,Not an Intersection,0,None,,,1,On Roadway,1,Daylight,,,,,10,Cloudy,0,No,0000000,Not Applicable,16,4:00pm-4:59pm,3,3,16,4:00pm-4:59pm,10,10,88,"Not Applicable (Not Transported) ",88,Not Applicable (Not Transported),,,,,,,1,0
2020,24,240202,Maryland,1,1,0,0,0,1,1,33,PRINCE GEORGE`S (33),0,NOT APPLICABLE,16,16,7,July,2020,5,Thursday,13,1:00pm-1:59pm,46,46,1,This section IS ON the NHS,2,Urban,2,Principal Arterial - Other Freeways and Expressways,1,State Highway Agency,3,State Highway,SR-4,,63,63,38.81224167,38.81224167,-76.807711110,-76.807711110,0,No Special Jurisdiction,42,Tree (Standing Only),0,The First Harmful Event was Not a Collision with a Motor Vehicle in Transport,0,No,1,Non-Junction,1,Not an Intersection,0,None,,,4,On Roadside,1,Daylight,,,,,1,Clear,0,No,0000000,Not Applicable,13,1:00pm-1:59pm,43,43,13,1:00pm-1:59pm,53,53,14,2:00pm-2:59pm,22,22,,,,,,,1,0
2020,24,240203,Maryland,1,1,0,0,0,1,1,3,ANNE ARUNDEL (3),0,NOT APPLICABLE,16,16,7,July,2020,5,Thursday,0,0:00am-0:59am,31,31,1,This section IS ON the NHS,2,Urban,3,Principal Arterial - Other,1,State Highway Agency,3,State Highway,SR-170,SR-100,45,45,39.14951111,39.14951111,-76.687952780,-76.687952780,0,No Special Jurisdiction,1,Rollover/Overturn,0,The First Harmful Event was Not a Collision with a Motor Vehicle in Transport,1,Yes,3,Intersection-Related,4,Y-Intersection,0,None,,,1,On Roadway,3,Dark - Lighted,,,,,1,Clear,0,No,0000000,Not Applicable,0,0:00am-0:59am,32,32,0,0:00am-0:59am,38,38,88,"Not Applicable (Not Transported) ",88,Not Applicable (Not Transported),,,,,,,1,1
2020,24,240204,Maryland,1,1,0,0,0,1,1,27,HOWARD (27),0,NOT APPLICABLE,17,17,7,July,2020,6,Friday,9,9:00am-9:59am,48,48,1,This section IS ON the NHS,2,Urban,1,Interstate,1,State Highway Agency,1,Interstate,I-70RAMP,,0,None,39.34523056,39.34523056,-77.080044440,-77.080044440,0,No Special Jurisdiction,24,Guardrail Face,0,The First Harmful Event was Not a Collision with a Motor Vehicle in Transport,1,Yes,5,Entrance/Exit Ramp Related,1,Not an Intersection,0,None,,,4,On Roadside,1,Daylight,,,,,1,Clear,0,No,0000000,Not Applicable,9,9:00am-9:59am,21,21,9,9:00am-9:59am,39,39,88,"Not Applicable (Not Transported) ",88,Not Applicable (Not Transported),,,,,,,1,0
2020,24,240205,Maryland,1,1,0,0,0,6,6,35,QUEEN ANNE`S (35),0,NOT APPLICABLE,28,28,6,June,2020,1,Sunday,2,2:00am-2:59am,30,30,0,This section IS NOT on the NHS,1,Rural,7,Local,2,County Highway Agency,4,County Road,CR-386,,30,30,39.21838333,39.21838333,-75.901552780,-75.901552780,0,No Special Jurisdiction,43,Other Fixed Object,0,The First Harmful Event was Not a Collision with a Motor Vehicle in Transport,0,No,1,Non-Junction,1,Not an Intersection,0,None,,,4,On Roadside,2,Dark - Not Lighted,,,,,1,Clear,0,No,0000000,Not Applicable,2,2:00am-2:59am,30,30,2,2:00am-2:59am,42,42,88,"Not Applicable (Not Transported) ",88,Not Applicable (Not Transported),,,,,,,1,1
2020,24,240207,Maryland,1,1,0,0,0,1,1,33,PRINCE GEORGE`S (33),0,NOT APPLICABLE,17,17,7,July,2020,6,Friday,20,8:00pm-8:59pm,25,25,0,This section IS NOT on the NHS,2,Urban,4,Minor Arterial,2,County Highway Agency,4,County Road,CR-1202,,8,8,38.67723056,38.67723056,-76.988058330,-76.988058330,0,No Special Jurisdiction,30,Utility Pole/Light Support,0,The First Harmful Event was Not a Collision with a Motor Vehicle in Transport,0,No,1,Non-Junction,1,Not an Intersection,0,None,,,4,On Roadside,5,Dusk,,,,,1,Clear,0,No,0000000,Not Applicable,20,8:00pm-8:59pm,29,29,20,8:00pm-8:59pm,41,41,88,"Not Applicable (Not Transported) ",88,Not Applicable (Not Transported),,,,,,,1,1
2020,24,240208,Maryland,2,2,0,0,0,3,3,29,KENT (29),0,NOT APPLICABLE,11,11,7,July,2020,7,Saturday,20,8:00pm-8:59pm,33,33,0,This section IS NOT on the NHS,1,Rural,6,Minor Collector,1,State Highway Agency,3,State Highway,SR-20,,54,54,39.18919167,39.18919167,-76.192716670,-76.192716670,0,No Special Jurisdiction,12,Motor Vehicle In-Transport,2,Front-to-Front,0,No,1,Non-Junction,1,Not an Intersection,0,None,,,1,On Roadway,5,Dusk,,,,,1,Clear,0,No,0000000,Not Applicable,20,8:00pm-8:59pm,31,31,20,8:00pm-8:59pm,42,42,99,Unknown,99,Unknown EMS Hospital Arrival Time,,,,,,,1,1
2020,24,240209,Maryland,2,1,1,2,3,1,2,3,ANNE ARUNDEL (3),0,NOT APPLICABLE,10,10,7,July,2020,6,Friday,5,5:00am-5:59am,53,53,1,This section IS ON the NHS,2,Urban,2,Principal Arterial - Other Freeways and Expressways,1,State Highway Agency,3,State Highway,SR-295,,119,119,39.19671111,39.19671111,-76.691325000,-76.691325000,0,No Special Jurisdiction,14,Parked Motor Vehicle,0,The First Harmful Event was Not a Collision with a Motor Vehicle in Transport,0,No,5,Entrance/Exit Ramp Related,1,Not an Intersection,0,None,,,2,On Shoulder,4,Dawn,,,,,2,Rain,0,No,0000000,Not Applicable,5,5:00am-5:59am,28,28,5,5:00am-5:59am,47,47,6,6:00am-6:59am,18,18,,,,,,,1,0
2020,24,240210,Maryland,1,1,0,0,0,1,1,17,CHARLES (17),0,NOT APPLICABLE,21,21,7,July,2020,3,Tuesday,7,7:00am-7:59am,32,32,0,This section IS NOT on the NHS,1,Rural,7,Local,1,State Highway Agency,3,State Highway,SR-229,,36,36,38.63676944,38.63676944,-77.015619440,-77.015619440,0,No Special Jurisdiction,33,Curb,0,The First Harmful Event was Not a Collision with a Motor Vehicle in Transport,0,No,1,Non-Junction,1,Not an Intersection,0,None,,,4,On Roadside,1,Daylight,,,,,1,Clear,0,No,0000000,Not Applicable,7,7:00am-7:59am,30,30,7,7:00am-7:59am,42,42,88,"Not Applicable (Not Transported) ",88,Not Applicable (Not Transported),,,,,,,1,0
2020,24,240211,Maryland,2,2,0,0,0,3,3,3,ANNE ARUNDEL (3),0,NOT APPLICABLE,25,25,7,July,2020,7,Saturday,23,11:00pm-11:59pm,27,27,0,This section IS NOT on the NHS,2,Urban,5,Major Collector,1,State Highway Agency,3,State Highway,SR-3,BUSINESS ENT,15,15,39.00995833,39.00995833,-76.698591670,-76.698591670,0,No Special Jurisdiction,12,Motor Vehicle In-Transport,6,Angle,0,No,3,Intersection-Related,3,T-Intersection,0,None,,,1,On Roadway,3,Dark - Lighted,,,,,1,Clear,0,No,0000000,Not Applicable,23,11:00pm-11:59pm,23,23,23,11:00pm-11:59pm,26,26,88,"Not Applicable (Not Transported) ",88,Not Applicable (Not Transported),,,,,,,1,0
2020,24,240212,Maryland,1,1,0,1,1,1,1,47,WORCESTER (47),0,NOT APPLICABLE,27,27,7,July,2020,2,Monday,23,11:00pm-11:59pm,59,59,0,This section IS NOT on the NHS,1,Rural,5,Major Collector,1,State Highway Agency,2,U.S. Highway,US-13,,46,46,38.06642778,38.06642778,-75.549838890,-75.549838890,0,No Special Jurisdiction,8,Pedestrian,0,The First Harmful Event was Not a Collision with a Motor Vehicle in Transport,0,No,1,Non-Junction,1,Not an Intersection,0,None,,,1,On Roadway,3,Dark - Lighted,,,,,98,Not Reported,0,No,0000000,Not Applicable,1,1:00am-1:59am,49,49,1,1:00am-1:59am,57,57,88,"Not Applicable (Not Transported) ",88,Not Applicable (Not Transported),,,,,,,1,0
2020,24,240213,Maryland,3,3,0,0,0,5,5,31,MONTGOMERY (31),0,NOT APPLICABLE,28,28,7,July,2020,3,Tuesday,9,9:00am-9:59am,11,11,1,This section IS ON the NHS,2,Urban,3,Principal Arterial - Other,1,State Highway Agency,3,State Highway,SR-28,RP-270,209,209,39.08733889,39.08733889,-77.176450000,-77.176450000,0,No Special Jurisdiction,12,Motor Vehicle In-Transport,6,Angle,0,No,2,Intersection,3,T-Intersection,0,None,,,1,On Roadway,1,Daylight,,,,,1,Clear,0,No,0000000,Not Applicable,9,9:00am-9:59am,10,10,9,9:00am-9:59am,22,22,9,9:00am-9:59am,47,47,,,,,,,1,0