caseyear,state,st_case,statename,ve_total,ve_forms,pvh_invl,peds,pernotmvit,permvit,persons,county,countyname,city,cityname,day,dayname,month,monthname,year,day_week,day_weekname,hour,hourname,minute,minutename,nhs,nhsname,rur_urb,rur_urbname,func_sys,func_sysname,rd_owner,rd_ownername,route,routename,tway_id,tway_id2,milept,mileptname,latitude,latitudename,longitud,longitudname,sp_jur,sp_jurname,harm_ev,harm_evname,man_coll,man_collname,reljct1,reljct1name,reljct2,reljct2name,typ_int,typ_intname,wrk_zone,wrk_zonename,road_fnc,road_fncname,rel_road,rel_roadname,lgt_cond,lgt_condname,weather1,weather1name,weather2,weather2name,weather,weathername,sch_bus,sch_busname,rail,railname,not_hour,not_hourname,not_min,not_minname,arr_hour,arr_hourname,arr_min,arr_minname,hosp_hr,hosp_hrname,hosp_mn,hosp_mnname,cf1,cf1name,cf2,cf2name,cf3,cf3name,fatals,drunk_dr
2020,24,240365,Maryland,2,2,0,0,0,2,2,33,PRINCE GEORGE`S (33),0,NOT APPLICABLE,26,26,9,September,2020,7,Saturday,7,7:00am-7:59am,14,14,0,This section IS NOT on the NHS,2,Urban,4,Minor Arterial,2,County Highway Agency,4,County Road,CR-366,,1,1,38.89557778,38.89557778,-76.905358330,-76.905358330,0,No Special Jurisdiction,30,Utility Pole/Light Support,0,The First Harmful Event was Not a Collision with a Motor Vehicle in Transport,0,No,1,Non-Junction,1,Not an Intersection,0,None,,,4,On Roadside,1,Daylight,,,,,10,Cloudy,0,No,0000000,Not Applicable,99,Unknown,99,Unknown,99,Unknown EMS Scene Arrival Hour,99,Unknown EMS Scene Arrival Minutes,88,"Not Applicable (Not Transported) ",88,Not Applicable (Not Transported),,,,,,,1,0
2020,24,240366,Maryland,1,1,0,0,0,1,1,9,CALVERT (9),0,NOT APPLICABLE,27,27,9,September,2020,1,Sunday,20,8:00pm-8:59pm,44,44,0,This section IS NOT on the NHS,1,Rural,4,Minor Arterial,1,State Highway Agency,3,State Highway,SR-260,,56,56,38.70311111,38.70311111,-76.581105560,-76.581105560,0,No Special Jurisdiction,24,Guardrail Face,0,The First Harmful Event was Not a Collision with a Motor Vehicle in Transport,0,No,1,Non-Junction,1,Not an Intersection,0,None,,,4,On Roadside,3,Dark - Lighted,,,,,1,Clear,0,No,0000000,Not Applicable,20,8:00pm-8:59pm,44,44,20,8:00pm-8:59pm,53,53,88,"Not Applicable (Not Transported) ",88,Not Applicable (Not Transported),,,,,,,1,1
2020,24,240367,Maryland,2,2,0,0,0,2,2,15,CECIL (15),0,NOT APPLICABLE,8,8,10,October,2020,5,Thursday,10,10:00am-10:59am,0,0,0,This section IS NOT on the NHS,2,Urban,4,Minor Arterial,1,State Highway Agency,3,State Highway,SR-213,CR-276,150,150,39.55520556,39.55520556,-75.803977780,-75.803977780,0,No Special Jurisdiction,12,Motor Vehicle In-Transport,6,Angle,0,No,2,Intersection,2,Four-Way Intersection,0,None,,,1,On Roadway,1,Daylight,,,,,98,Not Reported,0,No,0000000,Not Applicable,10,10:00am-10:59am,0,0,10,10:00am-10:59am,8,8,11,11:00am-11:59am,0,0,,,,,,,1,0
2020,24,240368,Maryland,1,1,0,1,1,2,2,31,MONTGOMERY (31),0,NOT APPLICABLE,9,9,10,October,2020,6,Friday,21,9:00pm-9:59pm,44,44,0,This section IS NOT on the NHS,2,Urban,4,Minor Arterial,2,County Highway Agency,4,County Road,CR-4140,,0,None,39.16091944,39.16091944,-77.163472220,-77.163472220,0,No Special Jurisdiction,9,Pedalcyclist,0,The First Harmful Event was Not a Collision with a Motor Vehicle in Transport,0,No,1,Non-Junction,1,Not an Intersection,0,None,,,1,On Roadway,2,Dark - Not Lighted,,,,,1,Clear,0,No,0000000,Not Applicable,21,9:00pm-9:59pm,43,43,21,9:00pm-9:59pm,49,49,22,10:00pm-10:59pm,18,18,,,,,,,1,0
2020,24,240369,Maryland,2,2,0,0,0,3,3,11,CAROLINE (11),0,NOT APPLICABLE,14,14,10,October,2020,4,Wednesday,19,7:00pm-7:59pm,40,40,1,This section IS ON the NHS,2,Urban,3,Principal Arterial - Other,1,State Highway Agency,3,State Highway,SR-404,SR-16,142,142,38.82824444,38.82824444,-75.765958330,-75.765958330,0,No Special Jurisdiction,12,Motor Vehicle In-Transport,6,Angle,0,No,2,Intersection,2,Four-Way Intersection,0,None,,,1,On Roadway,2,Dark - Not Lighted,,,,,1,Clear,0,No,0000000,Not Applicable,18,6:00pm-6:59pm,5,5,18,6:00pm-6:59pm,18,18,19,7:00pm-7:59pm,18,18,,,,,,,1,0
2020,24,240370,Maryland,1,1,0,1,1,1,1,33,PRINCE GEORGE`S (33),0,NOT APPLICABLE,4,4,10,October,2020,1,Sunday,21,9:00pm-9:59pm,35,35,0,This section IS NOT on the NHS,2,Urban,4,Minor Arterial,1,State Highway Agency,3,State Highway,SR-210,CR-1417,141,141,38.81691389,38.81691389,-76.998858330,-76.998858330,0,No Special Jurisdiction,8,Pedestrian,0,The First Harmful Event was Not a Collision with a Motor Vehicle in Transport,0,No,3,Intersection-Related,2,Four-Way Intersection,0,None,,,1,On Roadway,3,Dark - Lighted,,,,,1,Clear,0,No,0000000,Not Applicable,21,9:00pm-9:59pm,33,33,21,9:00pm-9:59pm,43,43,88,"Not Applicable (Not Transported) ",88,Not Applicable (Not Transported),,,,,,,1,0
2020,24,240371,Maryland,2,2,0,0,0,2,2,17,CHARLES (17),0,NOT APPLICABLE,2,2,10,October,2020,6,Friday,15,3:00pm-3:59pm,19,19,0,This section IS NOT on the NHS,2,Urban,5,Major Collector,1,State Highway Agency,3,State Highway,SR-229,CR-1391,46,46,38.64712222,38.64712222,-77.004122220,-77.004122220,0,No Special Jurisdiction,12,Motor Vehicle In-Transport,2,Front-to-Front,0,No,2,Intersection,3,T-Intersection,0,None,,,1,On Roadway,1,Daylight,,,,,1,Clear,0,No,0000000,Not Applicable,99,Unknown,99,Unknown,99,Unknown EMS Scene Arrival Hour,99,Unknown EMS Scene Arrival Minutes,88,"Not Applicable (Not Transported) ",88,Not Applicable (Not Transported),,,,,,,1,0
2020,24,240372,Maryland,1,1,0,0,0,1,1,21,FREDERICK (21),0,NOT APPLICABLE,6,6,10,October,2020,3,Tuesday,23,11:00pm-11:59pm,29,29,0,This section IS NOT on the NHS,2,Urban,5,Major Collector,1,State Highway Agency,4,County Road,CR-176,MU-714,39,39,39.45720278,39.45720278,-77.415050000,-77.415050000,0,No Special Jurisdiction,33,Curb,0,The First Harmful Event was Not a Collision with a Motor Vehicle in Transport,0,No,3,Intersection-Related,2,Four-Way Intersection,0,None,,,4,On Roadside,3,Dark - Lighted,,,,,1,Clear,0,No,0000000,Not Applicable,23,11:00pm-11:59pm,29,29,23,11:00pm-11:59pm,35,35,88,"Not Applicable (Not Transported) ",88,Not Applicable (Not Transported),,,,,,,1,1
2020,24,240373,Maryland,1,1,0,1,1,1,1,33,PRINCE GEORGE`S (33),0,NOT APPLICABLE,7,7,2,February,2020,6,Friday,17,5:00pm-5:59pm,22,22,0,This section IS NOT on the NHS,2,Urban,4,Minor Arterial,1,State Highway Agency,3,State Highway,SR-450,MU-9699,26,26,38.94517500,38.94517500,-76.898336110,-76.898336110,0,No Special Jurisdiction,8,Pedestrian,0,The First Harmful Event was Not a Collision with a Motor Vehicle in Transport,0,No,3,Intersection-Related,3,T-Intersection,0,None,,,1,On Roadway,1,Daylight,,,,,1,Clear,0,No,0000000,Not Applicable,17,5:00pm-5:59pm,21,21,17,5:00pm-5:59pm,28,28,99,Unknown,99,Unknown EMS Hospital Arrival Time,,,,,,,1,0
2020,24,240374,Maryland,1,1,0,0,0,1,1,45,WICOMICO (45),0,NOT APPLICABLE,17,17,10,October,2020,7,Saturday,14,2:00pm-2:59pm,10,10,0,This section IS NOT on the NHS,2,Urban,7,Local,2,County Highway Agency,4,County Road,CR-152,,11,11,38.32679167,38.32679167,-75.684388890,-75.684388890,0,No Special Jurisdiction,1,Rollover/Overturn,0,The First Harmful Event was Not a Collision with a Motor Vehicle in Transport,0,No,1,Non-Junction,1,Not an Intersection,0,None,,,4,On Roadside,1,Daylight,,,,,1,Clear,0,No,0000000,Not Applicable,14,2:00pm-2:59pm,9,9,14,2:00pm-2:59pm,20,20,88,"Not Applicable (Not Transported) ",88,Not Applicable (Not Transported),,,,,,,1,0
2020,24,240375,Maryland,2,2,0,0,0,5,5,35,QUEEN ANNE`S (35),0,NOT APPLICABLE,19,19,10,October,2020,2,Monday,7,7:00am-7:59am,20,20,1,This section IS ON the NHS,1,Rural,3,Principal Arterial - Other,1,State Highway Agency,2,U.S. Highway,US-301,SR-834,249,249,39.07966944,39.07966944,-75.976780560,-75.976780560,0,No Special Jurisdiction,12,Motor Vehicle In-Transport,6,Angle,0,No,2,Intersection,2,Four-Way Intersection,0,None,,,1,On Roadway,3,Dark - Lighted,,,,,5,"Fog, Smog, Smoke",0,No,0000000,Not Applicable,7,7:00am-7:59am,15,15,7,7:00am-7:59am,33,33,99,Unknown,99,Unknown EMS Hospital Arrival Time,,,,,,,2,0
2020,24,240376,Maryland,1,1,0,1,1,2,2,3,ANNE ARUNDEL (3),0,NOT APPLICABLE,19,19,10,October,2020,2,Monday,7,7:00am-7:59am,38,38,0,This section IS NOT on the NHS,2,Urban,5,Major Collector,1,State Highway Agency,4,County Road,CR-5496,CR-5495,17,17,39.07551111,39.07551111,-76.708997220,-76.708997220,0,No Special Jurisdiction,9,Pedalcyclist,0,The First Harmful Event was Not a Collision with a Motor Vehicle in Transport,0,No,2,Intersection,2,Four-Way Intersection,0,None,,,1,On Roadway,1,Daylight,,,,,1,Clear,0,No,0000000,Not Applicable,7,7:00am-7:59am,39,39,7,7:00am-7:59am,47,47,8,8:00am-8:59am,35,35,,,,,,,1,0
2020,24,240377,Maryland,2,2,0,0,0,3,3,13,CARROLL (13),0,NOT APPLICABLE,11,11,10,October,2020,1,Sunday,20,8:00pm-8:59pm,13,13,0,This section IS NOT on the NHS,2,Urban,4,Minor Arterial,1,State Highway Agency,4,County Road,CR-86,,21,21,39.66699167,39.66699167,-77.027652780,-77.027652780,0,No Special Jurisdiction,12,Motor Vehicle In-Transport,2,Front-to-Front,0,No,1,Non-Junction,1,Not an Intersection,0,None,,,1,On Roadway,2,Dark - Not Lighted,,,,,1,Clear,0,No,0000000,Not Applicable,20,8:00pm-8:59pm,21,21,20,8:00pm-8:59pm,23,23,20,8:00pm-8:59pm,49,49,,,,,,,1,1
2020,24,240378,Maryland,2,1,1,0,0,1,1,33,PRINCE GEORGE`S (33),120,BERWYN HEIGHTS,21,21,10,October,2020,4,Wednesday,21,9:00pm-9:59pm,40,40,0,This section IS NOT on the NHS,2,Urban,4,Minor Arterial,4,City or Municipal Highway Agency,6,Local Street - Municipality,MU-130,,8,8,38.99403611,38.99403611,-76.905788890,-76.905788890,0,No Special Jurisdiction,14,Parked Motor Vehicle,0,The First Harmful Event was Not a Collision with a Motor Vehicle in Transport,0,No,1,Non-Junction,1,Not an Intersection,0,None,,,7,In Parking Lane/Zone,3,Dark - Lighted,,,,,1,Clear,0,No,0000000,Not Applicable,21,9:00pm-9:59pm,39,39,21,9:00pm-9:59pm,43,43,22,10:00pm-10:59pm,17,17,,,,,,,1,0
2020,24,240379,Maryland,2,2,0,0,0,2,2,43,WASHINGTON (43),0,NOT APPLICABLE,20,20,10,October,2020,3,Tuesday,14,2:00pm-2:59pm,6,6,0,This section IS NOT on the NHS,1,Rural,4,Minor Arterial,1,State Highway Agency,3,State Highway,SR-34,MU-30,68,68,39.48652222,39.48652222,-77.703472220,-77.703472220,0,No Special Jurisdiction,12,Motor Vehicle In-Transport,6,Angle,0,No,2,Intersection,2,Four-Way Intersection,0,None,,,1,On Roadway,1,Daylight,,,,,1,Clear,0,No,0000000,Not Applicable,14,2:00pm-2:59pm,6,6,14,2:00pm-2:59pm,14,14,88,"Not Applicable (Not Transported) ",88,Not Applicable (Not Transported),,,,,,,1,0
2020,24,240380,Maryland,1,1,0,1,1,1,1,33,PRINCE GEORGE`S (33),0,NOT APPLICABLE,24,24,10,October,2020,7,Saturday,22,10:00pm-10:59pm,19,19,0,This section IS NOT on the NHS,2,Urban,4,Minor Arterial,2,County Highway Agency,4,County Road,CR-367,,23,23,38.86977778,38.86977778,-76.889888890,-76.889888890,0,No Special Jurisdiction,8,Pedestrian,0,The First Harmful Event was Not a Collision with a Motor Vehicle in Transport,0,No,1,Non-Junction,1,Not an Intersection,0,None,,,1,On Roadway,2,Dark - Not Lighted,,,,,10,Cloudy,0,No,0000000,Not Applicable,22,10:00pm-10:59pm,18,18,22,10:00pm-10:59pm,24,24,22,10:00pm-10:59pm,49,49,,,,,,,1,0
2020,24,240381,Maryland,1,1,0,1,1,1,1,5,BALTIMORE (5),0,NOT APPLICABLE,31,31,3,March,2020,3,Tuesday,22,10:00pm-10:59pm,37,37,1,This section IS ON the NHS,2,Urban,3,Principal Arterial - Other,1,State Highway Agency,2,U.S. Highway,US-40,CR-5049,155,155,39.32140833,39.32140833,-76.506525000,-76.506525000,0,No Special Jurisdiction,8,Pedestrian,0,The First Harmful Event was Not a Collision with a Motor Vehicle in Transport,0,No,3,Intersection-Related,2,Four-Way Intersection,0,None,,,1,On Roadway,3,Dark - Lighted,,,,,2,Rain,0,No,0000000,Not Applicable,22,10:00pm-10:59pm,37,37,22,10:00pm-10:59pm,45,45,88,"Not Applicable (Not Transported) ",88,Not Applicable (Not Transported),,,,,,,1,0
2020,24,240382,Maryland,1,1,0,1,1,1,1,3,ANNE ARUNDEL (3),0,NOT APPLICABLE,24,24,10,October,2020,7,Saturday,20,8:00pm-8:59pm,0,0,0,This section IS NOT on the NHS,2,Urban,4,Minor Arterial,1,State Highway Agency,3,State Highway,SR-270,,19,19,39.18142778,39.18142778,-76.612125000,-76.612125000,0,No Special Jurisdiction,8,Pedestrian,0,The First Harmful Event was Not a Collision with a Motor Vehicle in Transport,0,No,1,Non-Junction,1,Not an Intersection,0,None,,,1,On Roadway,2,Dark - Not Lighted,,,,,1,Clear,0,No,0000000,Not Applicable,20,8:00pm-8:59pm,0,0,20,8:00pm-8:59pm,5,5,88,"Not Applicable (Not Transported) ",88,Not Applicable (Not Transported),,,,,,,1,0
2020,24,240383,Maryland,1,1,0,0,0,2,2,3,ANNE ARUNDEL (3),0,NOT APPLICABLE,24,24,10,October,2020,7,Saturday,22,10:00pm-10:59pm,36,36,0,This section IS NOT on the NHS,1,Rural,5,Major Collector,1,State Highway Agency,3,State Highway,SR-408,,23,23,38.82012778,38.82012778,-76.666036110,-76.666036110,0,No Special Jurisdiction,30,Utility Pole/Light Support,0,The First Harmful Event was Not a Collision with a Motor Vehicle in Transport,0,No,1,Non-Junction,1,Not an Intersection,0,None,,,4,On Roadside,2,Dark - Not Lighted,,,,,1,Clear,0,No,0000000,Not Applicable,99,Unknown,99,Unknown,99,Unknown EMS Scene Arrival Hour,99,Unknown EMS Scene Arrival Minutes,99,Unknown,99,Unknown EMS Hospital Arrival Time,,,,,,,1,1
2020,24,240384,Maryland,1,1,0,0,0,1,1,25,HARFORD (25),0,NOT APPLICABLE,19,19,10,October,2020,2,Monday,2,2:00am-2:59am,42,42,0,This section IS NOT on the NHS,1,Rural,3,Principal Arterial - Other,1,State Highway Agency,2,U.S. Highway,US-1,,159,159,39.64986667,39.64986667,-76.240400000,-76.240400000,0,No Special Jurisdiction,35,Embankment,0,The First Harmful Event was Not a Collision with a Motor Vehicle in Transport,0,No,1,Non-Junction,1,Not an Intersection,0,None,,,4,On Roadside,2,Dark - Not Lighted,,,,,1,Clear,0,No,0000000,Not Applicable,2,2:00am-2:59am,39,39,2,2:00am-2:59am,45,45,99,Unknown,98,Unknown if Transported,,,,,,,1,0
2020,24,240385,Maryland,1,1,0,0,0,1,1,15,CECIL (15),0,NOT APPLICABLE,20,20,10,October,2020,3,Tuesday,22,10:00pm-10:59pm,24,24,0,This section IS NOT on the NHS,2,Urban,4,Minor Arterial,1,State Highway Agency,3,State Highway,SR-7C,,36,36,39.59707222,39.59707222,-75.965066670,-75.965066670,0,No Special Jurisdiction,35,Embankment,0,The First Harmful Event was Not a Collision with a Motor Vehicle in Transport,0,No,1,Non-Junction,1,Not an Intersection,0,None,,,4,On Roadside,2,Dark - Not Lighted,,,,,5,"Fog, Smog, Smoke",0,No,0000000,Not Applicable,22,10:00pm-10:59pm,23,23,22,10:00pm-10:59pm,29,29,99,Unknown,98,Unknown if Transported,,,,,,,1,0
2020,24,240386,Maryland,2,2,0,0,0,2,2,3,ANNE ARUNDEL (3),0,NOT APPLICABLE,22,22,10,October,2020,5,Thursday,14,2:00pm-2:59pm,53,53,0,This section IS NOT on the NHS,2,Urban,3,Principal Arterial - Other,1,State Highway Agency,3,State Highway,SR-173,CR-4237,81,81,39.18762778,39.18762778,-76.552386110,-76.552386110,0,No Special Jurisdiction,12,Motor Vehicle In-Transport,6,Angle,0,No,2,Intersection,3,T-Intersection,0,None,,,1,On Roadway,1,Daylight,,,,,98,Not Reported,0,No,0000000,Not Applicable,14,2:00pm-2:59pm,46,46,14,2:00pm-2:59pm,52,52,15,3:00pm-3:59pm,33,33,,,,,,,1,0
2020,24,240387,Maryland,4,4,0,0,0,7,7,33,PRINCE GEORGE`S (33),0,NOT APPLICABLE,9,9,10,October,2020,6,Friday,18,6:00pm-6:59pm,10,10,0,This section IS NOT on the NHS,2,Urban,4,Minor Arterial,1,State Highway Agency,3,State Highway,SR-332,,1,1,38.88549167,38.88549167,-76.917805560,-76.917805560,0,No Special Jurisdiction,12,Motor Vehicle In-Transport,1,Front-to-Rear,0,No,1,Non-Junction,1,Not an Intersection,0,None,,,1,On Roadway,3,Dark - Lighted,,,,,1,Clear,0,No,0000000,Not Applicable,99,Unknown,99,Unknown,99,Unknown EMS Scene Arrival Hour,99,Unknown EMS Scene Arrival Minutes,99,Unknown,99,Unknown EMS Hospital Arrival Time,,,,,,,1,0
2020,24,240388,Maryland,2,2,0,0,0,3,3,31,MONTGOMERY (31),0,NOT APPLICABLE,23,23,10,October,2020,6,Friday,20,8:00pm-8:59pm,32,32,0,This section IS NOT on the NHS,2,Urban,3,Principal Arterial - Other,2,County Highway Agency,4,County Road,CR-7445,OP-6095,4,4,39.11842222,39.11842222,-77.027655560,-77.027655560,0,No Special Jurisdiction,12,Motor Vehicle In-Transport,6,Angle,0,No,2,Intersection,2,Four-Way Intersection,0,None,,,1,On Roadway,3,Dark - Lighted,,,,,1,Clear,0,No,0000000,Not Applicable,20,8:00pm-8:59pm,18,18,20,8:00pm-8:59pm,25,25,21,9:00pm-9:59pm,22,22,,,,,,,1,0
2020,24,240389,Maryland,1,1,0,1,1,1,1,5,BALTIMORE (5),0,NOT APPLICABLE,13,13,7,July,2020,2,Monday,4,4:00am-4:59am,41,41,0,This section IS NOT on the NHS,2,Urban,4,Minor Arterial,1,State Highway Agency,3,State Highway,SR-157,,0,None,39.33227778,39.33227778,-76.394983330,-76.394983330,0,No Special Jurisdiction,9,Pedalcyclist,0,The First Harmful Event was Not a Collision with a Motor Vehicle in Transport,0,No,1,Non-Junction,1,Not an Intersection,0,None,,,1,On Roadway,2,Dark - Not Lighted,,,,,1,Clear,0,No,0000000,Not Applicable,4,4:00am-4:59am,39,39,4,4:00am-4:59am,44,44,5,5:00am-5:59am,12,12,,,,,,,1,0
2020,24,240390,Maryland,2,2,0,0,0,2,2,23,GARRETT (23),0,NOT APPLICABLE,18,18,9,September,2020,6,Friday,19,7:00pm-7:59pm,40,40,0,This section IS NOT on the NHS,1,Rural,6,Minor Collector,1,State Highway Agency,3,State Highway,SR-825B,,6,6,39.40128889,39.40128889,-79.385755560,-79.385755560,0,No Special Jurisdiction,12,Motor Vehicle In-Transport,1,Front-to-Rear,0,No,1,Non-Junction,1,Not an Intersection,0,None,,,1,On Roadway,2,Dark - Not Lighted,,,,,10,Cloudy,0,No,0000000,Not Applicable,19,7:00pm-7:59pm,38,38,19,7:00pm-7:59pm,42,42,20,8:00pm-8:59pm,1,1,,,,,,,1,0
2020,24,240391,Maryland,1,1,0,1,1,1,1,31,MONTGOMERY (31),0,NOT APPLICABLE,30,30,10,October,2020,6,Friday,14,2:00pm-2:59pm,32,32,0,This section IS NOT on the NHS,2,Urban,3,Principal Arterial - Other,1,State Highway Agency,3,State Highway,SR-118,CR-141,54,54,39.17893611,39.17893611,-77.267286110,-77.267286110,0,No Special Jurisdiction,8,Pedestrian,0,The First Harmful Event was Not a Collision with a Motor Vehicle in Transport,0,No,3,Intersection-Related,2,Four-Way Intersection,0,None,,,1,On Roadway,1,Daylight,,,,,1,Clear,0,No,0000000,Not Applicable,14,2:00pm-2:59pm,31,31,14,2:00pm-2:59pm,37,37,14,2:00pm-2:59pm,40,40,,,,,,,1,0
2020,24,240392,Maryland,1,1,0,1,1,2,2,43,WASHINGTON (43),0,NOT APPLICABLE,30,30,10,October,2020,6,Friday,21,9:00pm-9:59pm,9,9,0,This section IS NOT on the NHS,2,Urban,3,Principal Arterial - Other,1,State Highway Agency,2,U.S. Highway,US-11,,104,104,39.68889167,39.68889167,-77.721102780,-77.721102780,0,No Special Jurisdiction,8,Pedestrian,0,The First Harmful Event was Not a Collision with a Motor Vehicle in Transport,0,No,1,Non-Junction,1,Not an Intersection,0,None,,,1,On Roadway,2,Dark - Not Lighted,,,,,2,Rain,0,No,0000000,Not Applicable,21,9:00pm-9:59pm,9,9,21,9:00pm-9:59pm,19,19,88,"Not Applicable (Not Transported) ",88,Not Applicable (Not Transported),,,,,,,1,0
2020,24,240394,Maryland,2,2,0,0,0,3,3,510,BALTIMORE (CITY) (510),50,BALTIMORE,1,1,11,November,2020,1,Sunday,1,1:00am-1:59am,22,22,0,This section IS NOT on the NHS,2,Urban,5,Major Collector,4,City or Municipal Highway Agency,6,Local Street - Municipality,MU-4330,,2,2,39.25557778,39.25557778,-76.634255560,-76.634255560,0,No Special Jurisdiction,12,Motor Vehicle In-Transport,2,Front-to-Front,0,No,1,Non-Junction,1,Not an Intersection,0,None,,,1,On Roadway,3,Dark - Lighted,,,,,1,Clear,0,No,0000000,Not Applicable,1,1:00am-1:59am,20,20,1,1:00am-1:59am,29,29,1,1:00am-1:59am,46,46,,,,,,,1,0
2020,24,240395,Maryland,2,2,0,0,0,2,2,23,GARRETT (23),0,NOT APPLICABLE,27,27,10,October,2020,3,Tuesday,14,2:00pm-2:59pm,3,3,0,This section IS NOT on the NHS,1,Rural,4,Minor Arterial,1,State Highway Agency,3,State Highway,SR-135,CR-245,131,131,39.45914444,39.45914444,-79.199852780,-79.199852780,0,No Special Jurisdiction,12,Motor Vehicle In-Transport,6,Angle,1,Yes,2,Intersection,2,Four-Way Intersection,0,None,,,1,On Roadway,1,Daylight,,,,,1,Clear,0,No,0000000,Not Applicable,13,1:00pm-1:59pm,55,55,14,2:00pm-2:59pm,6,6,88,"Not Applicable (Not Transported) ",88,Not Applicable (Not Transported),,,,,,,1,0
2020,24,240396,Maryland,2,2,0,0,0,3,3,45,WICOMICO (45),0,NOT APPLICABLE,29,29,4,April,2020,4,Wednesday,14,2:00pm-2:59pm,27,27,0,This section IS NOT on the NHS,1,Rural,7,Local,2,County Highway Agency,4,County Road,CR-408,CR-757,11,11,38.39155000,38.39155000,-75.530538890,-75.530538890,0,No Special Jurisdiction,12,Motor Vehicle In-Transport,6,Angle,0,No,2,Intersection,2,Four-Way Intersection,0,None,,,1,On Roadway,1,Daylight,,,,,1,Clear,0,No,0000000,Not Applicable,14,2:00pm-2:59pm,26,26,14,2:00pm-2:59pm,35,35,15,3:00pm-3:59pm,12,12,,,,,,,1,0
2020,24,240397,Maryland,1,1,0,0,0,1,1,43,WASHINGTON (43),0,NOT APPLICABLE,11,11,9,September,2020,6,Friday,22,10:00pm-10:59pm,51,51,1,This section IS ON the NHS,2,Urban,1,Interstate,1,State Highway Agency,1,Interstate,I-70 RAMP,,13,13,39.70767500,39.70767500,-78.183686110,-78.183686110,0,No Special Jurisdiction,24,Guardrail Face,0,The First Harmful Event was Not a Collision with a Motor Vehicle in Transport,0,No,5,Entrance/Exit Ramp Related,1,Not an Intersection,0,None,,,4,On Roadside,2,Dark - Not Lighted,,,,,1,Clear,0,No,0000000,Not Applicable,22,10:00pm-10:59pm,28,28,22,10:00pm-10:59pm,37,37,99,Unknown,99,Unknown EMS Hospital Arrival Time,,,,,,,1,1
2020,24,240398,Maryland,1,1,0,0,0,2,2,33,PRINCE GEORGE`S (33),0,NOT APPLICABLE,26,26,9,September,2020,7,Saturday,0,0:00am-0:59am,4,4,0,This section IS NOT on the NHS,2,Urban,3,Principal Arterial - Other,1,State Highway Agency,3,State Highway,SR-214,,24,24,38.88898333,38.88898333,-76.872208330,-76.872208330,0,No Special Jurisdiction,33,Curb,0,The First Harmful Event was Not a Collision with a Motor Vehicle in Transport,0,No,1,Non-Junction,1,Not an Intersection,0,None,,,3,On Median,3,Dark - Lighted,,,,,2,Rain,0,No,0000000,Not Applicable,0,0:00am-0:59am,3,3,0,0:00am-0:59am,10,10,0,0:00am-0:59am,26,26,,,,,,,1,1
2020,24,240399,Maryland,2,2,0,0,0,2,2,13,CARROLL (13),0,NOT APPLICABLE,5,5,10,October,2020,2,Monday,6,6:00am-6:59am,6,6,0,This section IS NOT on the NHS,2,Urban,3,Principal Arterial - Other,1,State Highway Agency,3,State Highway,SR-97,,139,139,39.53435833,39.53435833,-76.988813890,-76.988813890,0,No Special Jurisdiction,12,Motor Vehicle In-Transport,6,Angle,0,No,1,Non-Junction,1,Not an Intersection,0,None,,,1,On Roadway,2,Dark - Not Lighted,,,,,10,Cloudy,0,No,0000000,Not Applicable,6,6:00am-6:59am,5,5,6,6:00am-6:59am,15,15,6,6:00am-6:59am,38,38,,,,,,,1,0
2020,24,240400,Maryland,1,1,0,0,0,1,1,33,PRINCE GEORGE`S (33),0,NOT APPLICABLE,13,13,10,October,2020,3,Tuesday,15,3:00pm-3:59pm,36,36,0,This section IS NOT on the NHS,2,Urban,7,Local,2,County Highway Agency,4,County Road,CR-104,,2,2,38.93528611,38.93528611,-76.717150000,-76.717150000,0,No Special Jurisdiction,42,Tree (Standing Only),0,The First Harmful Event was Not a Collision with a Motor Vehicle in Transport,0,No,1,Non-Junction,1,Not an Intersection,0,None,,,4,On Roadside,1,Daylight,,,,,1,Clear,0,No,0000000,Not Applicable,15,3:00pm-3:59pm,34,34,15,3:00pm-3:59pm,42,42,88,"Not Applicable (Not Transported) ",88,Not Applicable (Not Transported),,,,,,,1,1
2020,24,240401,Maryland,1,1,0,0,0,1,1,33,PRINCE GEORGE`S (33),0,NOT APPLICABLE,15,15,10,October,2020,5,Thursday,23,11:00pm-11:59pm,19,19,0,This section IS NOT on the NHS,2,Urban,5,Major Collector,2,County Highway Agency,4,County Road,CR-3050,,10,10,38.81429722,38.81429722,-76.835350000,-76.835350000,0,No Special Jurisdiction,42,Tree (Standing Only),0,The First Harmful Event was Not a Collision with a Motor Vehicle in Transport,0,No,1,Non-Junction,1,Not an Intersection,0,None,,,4,On Roadside,2,Dark - Not Lighted,,,,,10,Cloudy,0,No,0000000,Not Applicable,23,11:00pm-11:59pm,18,18,23,11:00pm-11:59pm,25,25,88,"Not Applicable (Not Transported) ",88,Not Applicable (Not Transported),,,,,,,1,0
2020,24,240402,Maryland,2,2,0,0,0,2,2,31,MONTGOMERY (31),0,NOT APPLICABLE,17,17,10,October,2020,7,Saturday,17,5:00pm-5:59pm,42,42,1,This section IS ON the NHS,2,Urban,2,Principal Arterial - Other Freeways and Expressways,31,State Toll Road,3,State Highway,SR-200 INTERCOUNTY CONNECTOR,,40,40,39.13672222,39.13672222,-77.162950000,-77.162950000,0,No Special Jurisdiction,18,Other Object (not fixed),0,The First Harmful Event was Not a Collision with a Motor Vehicle in Transport,0,No,1,Non-Junction,1,Not an Intersection,4,"Work Zone, Type Unknown",,,98,Not Reported,5,Dusk,,,,,1,Clear,0,No,0000000,Not Applicable,17,5:00pm-5:59pm,37,37,17,5:00pm-5:59pm,52,52,88,"Not Applicable (Not Transported) ",88,Not Applicable (Not Transported),,,,,,,1,0