caseyear,state,st_case,statename,ve_total,ve_forms,pvh_invl,peds,pernotmvit,permvit,persons,county,countyname,city,cityname,day,dayname,month,monthname,year,day_week,day_weekname,hour,hourname,minute,minutename,nhs,nhsname,rur_urb,rur_urbname,func_sys,func_sysname,rd_owner,rd_ownername,route,routename,tway_id,tway_id2,milept,mileptname,latitude,latitudename,longitud,longitudname,sp_jur,sp_jurname,harm_ev,harm_evname,man_coll,man_collname,reljct1,reljct1name,reljct2,reljct2name,typ_int,typ_intname,wrk_zone,wrk_zonename,road_fnc,road_fncname,rel_road,rel_roadname,lgt_cond,lgt_condname,weather1,weather1name,weather2,weather2name,weather,weathername,sch_bus,sch_busname,rail,railname,not_hour,not_hourname,not_min,not_minname,arr_hour,arr_hourname,arr_min,arr_minname,hosp_hr,hosp_hrname,hosp_mn,hosp_mnname,cf1,cf1name,cf2,cf2name,cf3,cf3name,fatals,drunk_dr
2020,24,240441,Maryland,1,1,0,0,0,1,1,9,CALVERT (9),0,NOT APPLICABLE,26,26,11,November,2020,5,Thursday,17,5:00pm-5:59pm,1,1,0,This section IS NOT on the NHS,1,Rural,5,Major Collector,2,County Highway Agency,4,County Road,CR-36 WILSON RD,,9,9,38.57039167,38.57039167,-76.536902780,-76.536902780,0,No Special Jurisdiction,30,Utility Pole/Light Support,0,The First Harmful Event was Not a Collision with a Motor Vehicle in Transport,0,No,1,Non-Junction,1,Not an Intersection,0,None,,,4,On Roadside,2,Dark - Not Lighted,,,,,1,Clear,0,No,0000000,Not Applicable,99,Unknown,99,Unknown,99,Unknown EMS Scene Arrival Hour,99,Unknown EMS Scene Arrival Minutes,88,"Not Applicable (Not Transported) ",88,Not Applicable (Not Transported),,,,,,,1,1
2020,24,240442,Maryland,2,2,0,0,0,5,5,3,ANNE ARUNDEL (3),0,NOT APPLICABLE,23,23,11,November,2020,2,Monday,19,7:00pm-7:59pm,0,0,0,This section IS NOT on the NHS,2,Urban,4,Minor Arterial,1,State Highway Agency,3,State Highway,SR-260 CHESAPEAKE BEACH RD,,3,3,38.72970833,38.72970833,-76.616480560,-76.616480560,0,No Special Jurisdiction,12,Motor Vehicle In-Transport,2,Front-to-Front,0,No,1,Non-Junction,1,Not an Intersection,0,None,,,1,On Roadway,2,Dark - Not Lighted,,,,,1,Clear,0,No,0000000,Not Applicable,19,7:00pm-7:59pm,4,4,19,7:00pm-7:59pm,30,30,20,8:00pm-8:59pm,9,9,,,,,,,1,0
2020,24,240443,Maryland,2,2,0,0,0,2,2,33,PRINCE GEORGE`S (33),0,NOT APPLICABLE,25,25,11,November,2020,4,Wednesday,16,4:00pm-4:59pm,29,29,1,This section IS ON the NHS,2,Urban,3,Principal Arterial - Other,1,State Highway Agency,3,State Highway,SR-450 ANNAPOLIS RD,CR-41 HILLMEADE RD,0,None,38.97154444,38.97154444,-76.785138890,-76.785138890,0,No Special Jurisdiction,12,Motor Vehicle In-Transport,6,Angle,0,No,2,Intersection,2,Four-Way Intersection,0,None,,,1,On Roadway,1,Daylight,,,,,1,Clear,0,No,0000000,Not Applicable,99,Unknown,99,Unknown,99,Unknown EMS Scene Arrival Hour,99,Unknown EMS Scene Arrival Minutes,99,Unknown,99,Unknown EMS Hospital Arrival Time,,,,,,,1,0
2020,24,240444,Maryland,1,1,0,1,1,1,1,33,PRINCE GEORGE`S (33),0,NOT APPLICABLE,21,21,2,February,2020,6,Friday,20,8:00pm-8:59pm,49,49,0,This section IS NOT on the NHS,2,Urban,3,Principal Arterial - Other,1,State Highway Agency,3,State Highway,SR-4,,98,98,38.84133333,38.84133333,-76.875866670,-76.875866670,0,No Special Jurisdiction,8,Pedestrian,0,The First Harmful Event was Not a Collision with a Motor Vehicle in Transport,0,No,1,Non-Junction,1,Not an Intersection,0,None,,,1,On Roadway,3,Dark - Lighted,,,,,1,Clear,0,No,0000000,Not Applicable,20,8:00pm-8:59pm,48,48,20,8:00pm-8:59pm,57,57,88,"Not Applicable (Not Transported) ",88,Not Applicable (Not Transported),,,,,,,1,0
2020,24,240445,Maryland,1,1,0,0,0,1,1,33,PRINCE GEORGE`S (33),830,HYATTSVILLE,22,22,11,November,2020,1,Sunday,0,0:00am-0:59am,12,12,0,This section IS NOT on the NHS,2,Urban,5,Major Collector,2,County Highway Agency,4,County Road,CR-1599 AGER RD,,12,12,38.95682778,38.95682778,-76.966758330,-76.966758330,0,No Special Jurisdiction,25,Concrete Traffic Barrier,0,The First Harmful Event was Not a Collision with a Motor Vehicle in Transport,0,No,1,Non-Junction,1,Not an Intersection,0,None,,,3,On Median,3,Dark - Lighted,,,,,1,Clear,0,No,0000000,Not Applicable,0,0:00am-0:59am,11,11,0,0:00am-0:59am,20,20,99,Unknown,99,Unknown EMS Hospital Arrival Time,,,,,,,1,0
2020,24,240446,Maryland,2,2,0,0,0,2,2,31,MONTGOMERY (31),0,NOT APPLICABLE,10,10,11,November,2020,3,Tuesday,5,5:00am-5:59am,45,45,1,This section IS ON the NHS,2,Urban,3,Principal Arterial - Other,2,County Highway Agency,4,County Road,CR-212 SHADY GROVE RD,RP370,49,49,39.12958333,39.12958333,-77.163769440,-77.163769440,0,No Special Jurisdiction,12,Motor Vehicle In-Transport,6,Angle,1,Yes,2,Intersection,2,Four-Way Intersection,0,None,,,1,On Roadway,3,Dark - Lighted,,,,,1,Clear,0,No,0000000,Not Applicable,5,5:00am-5:59am,43,43,6,6:00am-6:59am,11,11,99,Unknown,99,Unknown EMS Hospital Arrival Time,,,,,,,1,0
2020,24,240447,Maryland,1,1,0,0,0,4,4,33,PRINCE GEORGE`S (33),0,NOT APPLICABLE,16,16,11,November,2020,2,Monday,5,5:00am-5:59am,4,4,1,This section IS ON the NHS,2,Urban,3,Principal Arterial - Other,1,State Highway Agency,3,State Highway,SR-704 MARTIN LUTHER KING JR,,62,62,38.95565833,38.95565833,-76.828886110,-76.828886110,0,No Special Jurisdiction,33,Curb,0,The First Harmful Event was Not a Collision with a Motor Vehicle in Transport,0,No,1,Non-Junction,1,Not an Intersection,0,None,,,3,On Median,2,Dark - Not Lighted,,,,,1,Clear,0,No,0000000,Not Applicable,5,5:00am-5:59am,99,Unknown,5,5:00am-5:59am,99,Unknown EMS Scene Arrival Minutes,88,"Not Applicable (Not Transported) ",88,Not Applicable (Not Transported),,,,,,,1,0
2020,24,240448,Maryland,1,1,0,0,0,1,1,33,PRINCE GEORGE`S (33),0,NOT APPLICABLE,14,14,11,November,2020,7,Saturday,16,4:00pm-4:59pm,7,7,0,This section IS NOT on the NHS,2,Urban,5,Major Collector,1,State Highway Agency,3,State Highway,SR-414 OLD SILVER HILL RD,SR-458 SILVER HILL RD,51,51,38.84104167,38.84104167,-76.942508330,-76.942508330,0,No Special Jurisdiction,33,Curb,0,The First Harmful Event was Not a Collision with a Motor Vehicle in Transport,0,No,3,Intersection-Related,2,Four-Way Intersection,0,None,,,4,On Roadside,3,Dark - Lighted,,,,,1,Clear,0,No,0000000,Not Applicable,16,4:00pm-4:59pm,11,11,16,4:00pm-4:59pm,13,13,88,"Not Applicable (Not Transported) ",88,Not Applicable (Not Transported),,,,,,,1,0
2020,24,240449,Maryland,1,1,0,1,1,1,1,33,PRINCE GEORGE`S (33),882,LANGLEY PARK,23,23,11,November,2020,2,Monday,20,8:00pm-8:59pm,59,59,1,This section IS ON the NHS,2,Urban,3,Principal Arterial - Other,1,State Highway Agency,3,State Highway,SR-193 UNIVERSITY BLVD,CR-2760 15TH AVE,7,7,38.98544444,38.98544444,-76.981836110,-76.981836110,0,No Special Jurisdiction,8,Pedestrian,0,The First Harmful Event was Not a Collision with a Motor Vehicle in Transport,0,No,3,Intersection-Related,2,Four-Way Intersection,0,None,,,1,On Roadway,2,Dark - Not Lighted,,,,,1,Clear,0,No,0000000,Not Applicable,20,8:00pm-8:59pm,59,59,21,9:00pm-9:59pm,1,1,88,"Not Applicable (Not Transported) ",88,Not Applicable (Not Transported),,,,,,,1,0
2020,24,240450,Maryland,1,1,0,1,1,1,1,5,BALTIMORE (5),26,ARBUTUS,24,24,11,November,2020,3,Tuesday,21,9:00pm-9:59pm,15,15,1,This section IS ON the NHS,2,Urban,1,Interstate,1,State Highway Agency,1,Interstate,I-95,,8,8,39.23341944,39.23341944,-76.712086110,-76.712086110,0,No Special Jurisdiction,8,Pedestrian,0,The First Harmful Event was Not a Collision with a Motor Vehicle in Transport,1,Yes,18,Through Roadway,1,Not an Intersection,0,None,,,1,On Roadway,3,Dark - Lighted,,,,,1,Clear,0,No,0000000,Not Applicable,21,9:00pm-9:59pm,10,10,21,9:00pm-9:59pm,24,24,21,9:00pm-9:59pm,54,54,,,,,,,1,0
2020,24,240451,Maryland,3,3,0,1,1,3,3,33,PRINCE GEORGE`S (33),0,NOT APPLICABLE,27,27,11,November,2020,6,Friday,6,6:00am-6:59am,46,46,1,This section IS ON the NHS,2,Urban,2,Principal Arterial - Other Freeways and Expressways,1,State Highway Agency,3,State Highway,SR-5 BRANCH AVE,,66,66,38.74991667,38.74991667,-76.879855560,-76.879855560,0,No Special Jurisdiction,8,Pedestrian,0,The First Harmful Event was Not a Collision with a Motor Vehicle in Transport,0,No,1,Non-Junction,1,Not an Intersection,0,None,,,1,On Roadway,6,Dark - Unknown Lighting,,,,,1,Clear,0,No,0000000,Not Applicable,99,Unknown,99,Unknown,99,Unknown EMS Scene Arrival Hour,99,Unknown EMS Scene Arrival Minutes,88,"Not Applicable (Not Transported) ",88,Not Applicable (Not Transported),,,,,,,1,0
2020,24,240452,Maryland,1,1,0,0,0,2,2,3,ANNE ARUNDEL (3),0,NOT APPLICABLE,29,29,11,November,2020,1,Sunday,15,3:00pm-3:59pm,7,7,0,This section IS NOT on the NHS,2,Urban,7,Local,2,County Highway Agency,4,County Road,CR-908,,9,9,39.15068333,39.15068333,-76.662547220,-76.662547220,0,No Special Jurisdiction,1,Rollover/Overturn,0,The First Harmful Event was Not a Collision with a Motor Vehicle in Transport,0,No,1,Non-Junction,1,Not an Intersection,0,None,,,1,On Roadway,1,Daylight,,,,,1,Clear,0,No,0000000,Not Applicable,99,Unknown,99,Unknown,99,Unknown EMS Scene Arrival Hour,99,Unknown EMS Scene Arrival Minutes,99,Unknown,99,Unknown EMS Hospital Arrival Time,,,,,,,1,0
2020,24,240453,Maryland,1,1,0,0,0,1,1,31,MONTGOMERY (31),1137,NORTH POTOMAC,16,16,11,November,2020,2,Monday,18,6:00pm-6:59pm,33,33,1,This section IS ON the NHS,2,Urban,3,Principal Arterial - Other,1,State Highway Agency,3,State Highway,SR-28 DARNESTOWN RD,,161,161,39.11523611,39.11523611,-77.245380560,-77.245380560,0,No Special Jurisdiction,59,"Traffic Sign Support ",0,The First Harmful Event was Not a Collision with a Motor Vehicle in Transport,0,No,1,Non-Junction,1,Not an Intersection,0,None,,,4,On Roadside,3,Dark - Lighted,,,,,1,Clear,0,No,0000000,Not Applicable,99,Unknown,99,Unknown,99,Unknown EMS Scene Arrival Hour,99,Unknown EMS Scene Arrival Minutes,88,"Not Applicable (Not Transported) ",88,Not Applicable (Not Transported),,,,,,,1,0
2020,24,240454,Maryland,1,1,0,0,0,1,1,31,MONTGOMERY (31),0,NOT APPLICABLE,22,22,11,November,2020,1,Sunday,1,1:00am-1:59am,8,8,1,This section IS ON the NHS,2,Urban,3,Principal Arterial - Other,1,State Highway Agency,3,State Highway,SR-28,,296,296,39.12012500,39.12012500,-77.040922220,-77.040922220,0,No Special Jurisdiction,42,Tree (Standing Only),0,The First Harmful Event was Not a Collision with a Motor Vehicle in Transport,0,No,1,Non-Junction,1,Not an Intersection,0,None,,,4,On Roadside,3,Dark - Lighted,,,,,1,Clear,0,No,0000000,Not Applicable,1,1:00am-1:59am,6,6,1,1:00am-1:59am,15,15,88,"Not Applicable (Not Transported) ",88,Not Applicable (Not Transported),,,,,,,1,1
2020,24,240455,Maryland,2,2,0,0,0,2,2,510,BALTIMORE (CITY) (510),50,BALTIMORE,27,27,9,September,2020,1,Sunday,8,8:00am-8:59am,33,33,1,This section IS ON the NHS,2,Urban,1,Interstate,1,State Highway Agency,1,Interstate,I-83,,40,40,39.33052500,39.33052500,-76.641536110,-76.641536110,0,No Special Jurisdiction,12,Motor Vehicle In-Transport,11,"Other ",0,No,1,Non-Junction,1,Not an Intersection,0,None,,,1,On Roadway,1,Daylight,,,,,2,Rain,0,No,0000000,Not Applicable,8,8:00am-8:59am,35,35,8,8:00am-8:59am,44,44,9,9:00am-9:59am,31,31,,,,,,,1,0
2020,24,240456,Maryland,2,2,0,0,0,2,2,19,DORCHESTER (19),0,NOT APPLICABLE,27,27,11,November,2020,6,Friday,21,9:00pm-9:59pm,1,1,0,This section IS NOT on the NHS,1,Rural,4,Minor Arterial,1,State Highway Agency,3,State Highway,SR-392 HARRISON FERRY RD,,62,62,38.63411389,38.63411389,-75.841077780,-75.841077780,0,No Special Jurisdiction,12,Motor Vehicle In-Transport,2,Front-to-Front,0,No,1,Non-Junction,1,Not an Intersection,0,None,,,1,On Roadway,2,Dark - Not Lighted,,,,,1,Clear,0,No,0000000,Not Applicable,20,8:00pm-8:59pm,59,59,21,9:00pm-9:59pm,2,2,99,Unknown,99,Unknown EMS Hospital Arrival Time,,,,,,,1,1
2020,24,240457,Maryland,2,1,1,0,0,1,1,510,BALTIMORE (CITY) (510),50,BALTIMORE,8,8,8,August,2020,7,Saturday,22,10:00pm-10:59pm,3,3,1,This section IS ON the NHS,2,Urban,3,Principal Arterial - Other,4,City or Municipal Highway Agency,6,Local Street - Municipality,MU-2210,,0,None,39.30917500,39.30917500,-76.664819440,-76.664819440,0,No Special Jurisdiction,14,Parked Motor Vehicle,0,The First Harmful Event was Not a Collision with a Motor Vehicle in Transport,0,No,1,Non-Junction,1,Not an Intersection,0,None,,,4,On Roadside,3,Dark - Lighted,,,,,1,Clear,0,No,0000000,Not Applicable,21,9:00pm-9:59pm,57,57,22,10:00pm-10:59pm,6,6,99,Unknown,99,Unknown EMS Hospital Arrival Time,,,,,,,1,1
2020,24,240458,Maryland,1,1,0,1,1,1,1,31,MONTGOMERY (31),1114,NORTH BETHESDA,20,20,11,November,2020,6,Friday,5,5:00am-5:59am,16,16,1,This section IS ON the NHS,2,Urban,3,Principal Arterial - Other,1,State Highway Agency,3,State Highway,SR-355 ROCKVILLE PIKE,CR-326 GROSVENOR LN,44,44,39.02256111,39.02256111,-77.102783330,-77.102783330,0,No Special Jurisdiction,8,Pedestrian,0,The First Harmful Event was Not a Collision with a Motor Vehicle in Transport,0,No,3,Intersection-Related,2,Four-Way Intersection,0,None,,,1,On Roadway,3,Dark - Lighted,,,,,1,Clear,0,No,0000000,Not Applicable,5,5:00am-5:59am,7,7,5,5:00am-5:59am,16,16,88,"Not Applicable (Not Transported) ",88,Not Applicable (Not Transported),,,,,,,1,0
2020,24,240459,Maryland,1,1,0,0,0,2,2,33,PRINCE GEORGE`S (33),710,GREENBELT,11,11,10,October,2020,1,Sunday,3,3:00am-3:59am,40,40,1,This section IS ON the NHS,2,Urban,2,Principal Arterial - Other Freeways and Expressways,1,State Highway Agency,3,State Highway,SR-295,,0,None,38.99841667,38.99841667,-76.870019440,-76.870019440,1,National Park Service,33,Curb,0,The First Harmful Event was Not a Collision with a Motor Vehicle in Transport,0,No,1,Non-Junction,1,Not an Intersection,0,None,,,4,On Roadside,2,Dark - Not Lighted,,,,,1,Clear,0,No,0000000,Not Applicable,99,Unknown,99,Unknown,99,Unknown EMS Scene Arrival Hour,99,Unknown EMS Scene Arrival Minutes,99,Unknown,99,Unknown EMS Hospital Arrival Time,,,,,,,1,0
2020,24,240460,Maryland,2,2,0,1,1,2,2,33,PRINCE GEORGE`S (33),320,CHEVERLY,10,10,2,February,2020,2,Monday,5,5:00am-5:59am,7,7,1,This section IS ON the NHS,2,Urban,2,Principal Arterial - Other Freeways and Expressways,66,National Park Service,3,State Highway,SR-295,,0,None,38.92327222,38.92327222,-76.930916670,-76.930916670,1,National Park Service,8,Pedestrian,0,The First Harmful Event was Not a Collision with a Motor Vehicle in Transport,0,No,1,Non-Junction,1,Not an Intersection,0,None,,,1,On Roadway,3,Dark - Lighted,,,,,1,Clear,0,No,0000000,Not Applicable,99,Unknown,99,Unknown,99,Unknown EMS Scene Arrival Hour,99,Unknown EMS Scene Arrival Minutes,88,"Not Applicable (Not Transported) ",88,Not Applicable (Not Transported),,,,,,,1,0
2020,24,240461,Maryland,1,1,0,1,1,1,1,43,WASHINGTON (43),0,NOT APPLICABLE,24,24,11,November,2020,3,Tuesday,17,5:00pm-5:59pm,34,34,1,This section IS ON the NHS,2,Urban,3,Principal Arterial - Other,1,State Highway Agency,2,U.S. Highway,US-40,,372,372,39.63323056,39.63323056,-77.702919440,-77.702919440,0,No Special Jurisdiction,8,Pedestrian,0,The First Harmful Event was Not a Collision with a Motor Vehicle in Transport,0,No,1,Non-Junction,1,Not an Intersection,0,None,,,1,On Roadway,3,Dark - Lighted,,,,,1,Clear,0,No,0000000,Not Applicable,17,5:00pm-5:59pm,34,34,17,5:00pm-5:59pm,37,37,18,6:00pm-6:59pm,6,6,,,,,,,1,0
2020,24,240462,Maryland,1,1,0,1,1,1,1,31,MONTGOMERY (31),0,NOT APPLICABLE,8,8,12,December,2020,3,Tuesday,10,10:00am-10:59am,30,30,1,This section IS ON the NHS,2,Urban,1,Interstate,1,State Highway Agency,1,Interstate,I-270,,93,93,39.12023056,39.12023056,-77.197344440,-77.197344440,0,No Special Jurisdiction,39,Wall,0,The First Harmful Event was Not a Collision with a Motor Vehicle in Transport,0,No,1,Non-Junction,1,Not an Intersection,0,None,,,3,On Median,1,Daylight,,,,,1,Clear,0,No,0000000,Not Applicable,10,10:00am-10:59am,29,29,10,10:00am-10:59am,42,42,88,"Not Applicable (Not Transported) ",88,Not Applicable (Not Transported),,,,,,,1,0
2020,24,240463,Maryland,2,2,0,1,1,1,1,510,BALTIMORE (CITY) (510),50,BALTIMORE,14,14,2,February,2020,6,Friday,10,10:00am-10:59am,3,3,1,This section IS ON the NHS,2,Urban,1,Interstate,1,State Highway Agency,1,Interstate,I-695,,9,9,39.21275556,39.21275556,-76.533875000,-76.533875000,0,No Special Jurisdiction,12,Motor Vehicle In-Transport,1,Front-to-Rear,0,No,1,Non-Junction,1,Not an Intersection,0,None,,,1,On Roadway,1,Daylight,,,,,1,Clear,0,No,0000000,Not Applicable,10,10:00am-10:59am,3,3,10,10:00am-10:59am,28,28,88,"Not Applicable (Not Transported) ",88,Not Applicable (Not Transported),,,,,,,1,0
2020,24,240464,Maryland,1,1,0,1,1,1,1,27,HOWARD (27),381,COLUMBIA,1,1,11,November,2020,1,Sunday,1,1:00am-1:59am,36,36,0,This section IS NOT on the NHS,2,Urban,4,Minor Arterial,1,State Highway Agency,3,State Highway,SR-108 OLD ANNAPOLIS RD,CR-977 PHELPS LUCK DR,118,118,39.22595833,39.22595833,-76.816897220,-76.816897220,0,No Special Jurisdiction,8,Pedestrian,0,The First Harmful Event was Not a Collision with a Motor Vehicle in Transport,0,No,3,Intersection-Related,2,Four-Way Intersection,0,None,,,1,On Roadway,3,Dark - Lighted,,,,,1,Clear,0,No,0000000,Not Applicable,1,1:00am-1:59am,36,36,1,1:00am-1:59am,42,42,2,2:00am-2:59am,19,19,,,,,,,1,0
2020,24,240465,Maryland,2,2,0,0,0,5,5,510,BALTIMORE (CITY) (510),50,BALTIMORE,7,7,11,November,2020,7,Saturday,20,8:00pm-8:59pm,44,44,1,This section IS ON the NHS,2,Urban,1,Interstate,31,State Toll Road,1,Interstate,I-895 HARBOR TUNNEL THRUWAY,,15,15,77.77770000,77.77770000,777.777700000,777.777700000,0,No Special Jurisdiction,12,Motor Vehicle In-Transport,2,Front-to-Front,0,No,1,Non-Junction,1,Not an Intersection,0,None,,,1,On Roadway,3,Dark - Lighted,,,,,98,Not Reported,0,No,0000000,Not Applicable,99,Unknown,99,Unknown,99,Unknown EMS Scene Arrival Hour,99,Unknown EMS Scene Arrival Minutes,99,Unknown,99,Unknown EMS Hospital Arrival Time,,,,,,,1,1
2020,24,240466,Maryland,1,1,0,1,1,1,1,13,CARROLL (13),0,NOT APPLICABLE,14,14,12,December,2020,2,Monday,6,6:00am-6:59am,37,37,1,This section IS ON the NHS,2,Urban,1,Interstate,1,State Highway Agency,1,Interstate,I-70,,16,16,39.36016111,39.36016111,-77.144022220,-77.144022220,0,No Special Jurisdiction,8,Pedestrian,0,The First Harmful Event was Not a Collision with a Motor Vehicle in Transport,0,No,1,Non-Junction,1,Not an Intersection,0,None,,,1,On Roadway,3,Dark - Lighted,,,,,2,Rain,0,No,0000000,Not Applicable,99,Unknown,99,Unknown,99,Unknown EMS Scene Arrival Hour,99,Unknown EMS Scene Arrival Minutes,99,Unknown,99,Unknown EMS Hospital Arrival Time,,,,,,,1,0
2020,24,240467,Maryland,5,5,0,0,0,7,7,37,ST. MARY`S (37),226,CALIFORNIA,7,7,12,December,2020,2,Monday,13,1:00pm-1:59pm,18,18,1,This section IS ON the NHS,2,Urban,3,Principal Arterial - Other,1,State Highway Agency,3,State Highway,SR-235 THREE NOTCH RD,"CR-863 WILDEWOOD BLVD  ",173,173,38.30831389,38.30831389,-76.529952780,-76.529952780,0,No Special Jurisdiction,12,Motor Vehicle In-Transport,1,Front-to-Rear,0,No,3,Intersection-Related,2,Four-Way Intersection,0,None,,,1,On Roadway,1,Daylight,,,,,1,Clear,0,No,0000000,Not Applicable,13,1:00pm-1:59pm,17,17,13,1:00pm-1:59pm,31,31,14,2:00pm-2:59pm,20,20,,,,,,,1,0
2020,24,240468,Maryland,2,2,0,0,0,2,2,17,CHARLES (17),1639,WALDORF,18,18,12,December,2020,6,Friday,6,6:00am-6:59am,3,3,1,This section IS ON the NHS,2,Urban,3,Principal Arterial - Other,1,State Highway Agency,3,State Highway,SR-5 MATTAWOMAN BEANTOWN RD,NIKE DR,135,135,38.65395556,38.65395556,-76.874005560,-76.874005560,0,No Special Jurisdiction,59,"Traffic Sign Support ",0,The First Harmful Event was Not a Collision with a Motor Vehicle in Transport,0,No,3,Intersection-Related,2,Four-Way Intersection,0,None,,,3,On Median,2,Dark - Not Lighted,,,,,1,Clear,0,No,0000000,Not Applicable,6,6:00am-6:59am,1,1,6,6:00am-6:59am,16,16,99,Unknown,99,Unknown EMS Hospital Arrival Time,,,,,,,1,0
2020,24,240469,Maryland,1,1,0,0,0,1,1,33,PRINCE GEORGE`S (33),0,NOT APPLICABLE,19,19,12,December,2020,7,Saturday,2,2:00am-2:59am,58,58,1,This section IS ON the NHS,2,Urban,3,Principal Arterial - Other,1,State Highway Agency,3,State Highway,SR-202 LARGO RD,,29,29,38.85709167,38.85709167,-76.771072220,-76.771072220,0,No Special Jurisdiction,42,Tree (Standing Only),0,The First Harmful Event was Not a Collision with a Motor Vehicle in Transport,0,No,1,Non-Junction,1,Not an Intersection,0,None,,,4,On Roadside,3,Dark - Lighted,,,,,1,Clear,0,No,0000000,Not Applicable,2,2:00am-2:59am,53,53,3,3:00am-3:59am,3,3,99,Unknown,99,Unknown EMS Hospital Arrival Time,,,,,,,1,0
2020,24,240470,Maryland,2,2,0,0,0,4,4,510,BALTIMORE (CITY) (510),50,BALTIMORE,23,23,5,May,2020,7,Saturday,12,12:00pm-12:59pm,28,28,0,This section IS NOT on the NHS,2,Urban,4,Minor Arterial,4,City or Municipal Highway Agency,6,Local Street - Municipality,MU-1023,MU-2125,0,None,39.31423333,39.31423333,-76.676577780,-76.676577780,0,No Special Jurisdiction,12,Motor Vehicle In-Transport,6,Angle,0,No,2,Intersection,2,Four-Way Intersection,0,None,,,1,On Roadway,1,Daylight,,,,,1,Clear,0,No,0000000,Not Applicable,12,12:00pm-12:59pm,28,28,12,12:00pm-12:59pm,38,38,12,12:00pm-12:59pm,55,55,,,,,,,1,0
2020,24,240471,Maryland,2,2,0,0,0,2,2,33,PRINCE GEORGE`S (33),0,NOT APPLICABLE,13,13,12,December,2020,1,Sunday,19,7:00pm-7:59pm,11,11,0,This section IS NOT on the NHS,2,Urban,4,Minor Arterial,2,County Highway Agency,4,County Road,CR-1202 LIVINGSTON RD,,29,29,38.70649444,38.70649444,-76.973402780,-76.973402780,0,No Special Jurisdiction,12,Motor Vehicle In-Transport,6,Angle,0,No,1,Non-Junction,1,Not an Intersection,0,None,,,1,On Roadway,2,Dark - Not Lighted,,,,,1,Clear,0,No,0000000,Not Applicable,19,7:00pm-7:59pm,10,10,19,7:00pm-7:59pm,18,18,19,7:00pm-7:59pm,28,28,,,,,,,1,1
2020,24,240472,Maryland,1,1,0,0,0,1,1,5,BALTIMORE (5),0,NOT APPLICABLE,6,6,10,October,2020,3,Tuesday,22,10:00pm-10:59pm,22,22,0,This section IS NOT on the NHS,2,Urban,7,Local,1,State Highway Agency,4,County Road,CR-5705,,0,None,39.23198611,39.23198611,-76.441755560,-76.441755560,0,No Special Jurisdiction,42,Tree (Standing Only),0,The First Harmful Event was Not a Collision with a Motor Vehicle in Transport,0,No,1,Non-Junction,1,Not an Intersection,0,None,,,4,On Roadside,2,Dark - Not Lighted,,,,,1,Clear,0,No,0000000,Not Applicable,22,10:00pm-10:59pm,18,18,22,10:00pm-10:59pm,34,34,22,10:00pm-10:59pm,59,59,,,,,,,1,1
2020,24,240473,Maryland,2,2,0,0,0,2,2,37,ST. MARY`S (37),0,NOT APPLICABLE,20,20,12,December,2020,1,Sunday,0,0:00am-0:59am,24,24,1,This section IS ON the NHS,2,Urban,3,Principal Arterial - Other,1,State Highway Agency,3,State Highway,SR-5,,442,442,38.48804722,38.48804722,-76.775047220,-76.775047220,0,No Special Jurisdiction,12,Motor Vehicle In-Transport,1,Front-to-Rear,0,No,1,Non-Junction,1,Not an Intersection,0,None,,,1,On Roadway,6,Dark - Unknown Lighting,,,,,10,Cloudy,0,No,0000000,Not Applicable,99,Unknown,99,Unknown,99,Unknown EMS Scene Arrival Hour,99,Unknown EMS Scene Arrival Minutes,88,"Not Applicable (Not Transported) ",88,Not Applicable (Not Transported),,,,,,,1,1
2020,24,240474,Maryland,1,1,0,0,0,1,1,37,ST. MARY`S (37),0,NOT APPLICABLE,18,18,12,December,2020,6,Friday,21,9:00pm-9:59pm,16,16,0,This section IS NOT on the NHS,1,Rural,6,Minor Collector,2,County Highway Agency,4,County Road,CR-53 MORGANZA TURNER RD,,32,32,38.41633056,38.41633056,-76.694508330,-76.694508330,0,No Special Jurisdiction,42,Tree (Standing Only),0,The First Harmful Event was Not a Collision with a Motor Vehicle in Transport,0,No,1,Non-Junction,1,Not an Intersection,0,None,,,4,On Roadside,2,Dark - Not Lighted,,,,,1,Clear,0,No,0000000,Not Applicable,21,9:00pm-9:59pm,15,15,21,9:00pm-9:59pm,34,34,22,10:00pm-10:59pm,19,19,,,,,,,1,1
2020,24,240475,Maryland,2,2,0,0,0,2,2,15,CECIL (15),0,NOT APPLICABLE,15,15,12,December,2020,3,Tuesday,13,1:00pm-1:59pm,5,5,1,This section IS ON the NHS,2,Urban,3,Principal Arterial - Other,1,State Highway Agency,2,U.S. Highway,US-40,CR-87,40,40,39.58249444,39.58249444,-76.021997220,-76.021997220,0,No Special Jurisdiction,12,Motor Vehicle In-Transport,1,Front-to-Rear,0,No,2,Intersection,2,Four-Way Intersection,0,None,,,1,On Roadway,1,Daylight,,,,,1,Clear,0,No,0000000,Not Applicable,13,1:00pm-1:59pm,5,5,13,1:00pm-1:59pm,18,18,88,"Not Applicable (Not Transported) ",88,Not Applicable (Not Transported),,,,,,,1,0
2020,24,240476,Maryland,2,2,0,0,0,3,3,510,BALTIMORE (CITY) (510),50,BALTIMORE,25,25,4,April,2020,7,Saturday,21,9:00pm-9:59pm,37,37,1,This section IS ON the NHS,2,Urban,3,Principal Arterial - Other,4,City or Municipal Highway Agency,2,U.S. Highway,US-1,MU-957,0,None,39.31056111,39.31056111,-76.627975000,-76.627975000,0,No Special Jurisdiction,12,Motor Vehicle In-Transport,6,Angle,0,No,2,Intersection,2,Four-Way Intersection,0,None,,,1,On Roadway,3,Dark - Lighted,,,,,10,Cloudy,0,No,0000000,Not Applicable,21,9:00pm-9:59pm,37,37,21,9:00pm-9:59pm,49,49,22,10:00pm-10:59pm,13,13,,,,,,,2,0