caseyear,state,st_case,statename,ve_total,ve_forms,pvh_invl,peds,pernotmvit,permvit,persons,county,countyname,city,cityname,day,dayname,month,monthname,year,day_week,day_weekname,hour,hourname,minute,minutename,nhs,nhsname,rur_urb,rur_urbname,func_sys,func_sysname,rd_owner,rd_ownername,route,routename,tway_id,tway_id2,milept,mileptname,latitude,latitudename,longitud,longitudname,sp_jur,sp_jurname,harm_ev,harm_evname,man_coll,man_collname,reljct1,reljct1name,reljct2,reljct2name,typ_int,typ_intname,wrk_zone,wrk_zonename,road_fnc,road_fncname,rel_road,rel_roadname,lgt_cond,lgt_condname,weather1,weather1name,weather2,weather2name,weather,weathername,sch_bus,sch_busname,rail,railname,not_hour,not_hourname,not_min,not_minname,arr_hour,arr_hourname,arr_min,arr_minname,hosp_hr,hosp_hrname,hosp_mn,hosp_mnname,cf1,cf1name,cf2,cf2name,cf3,cf3name,fatals,drunk_dr
2020,24,240477,Maryland,2,2,0,0,0,6,6,21,FREDERICK (21),0,NOT APPLICABLE,18,18,9,September,2020,6,Friday,14,2:00pm-2:59pm,0,0,1,This section IS ON the NHS,2,Urban,3,Principal Arterial - Other,1,State Highway Agency,2,U.S. Highway,US-40,MU-725,128,128,39.41663333,39.41663333,-77.441425000,-77.441425000,0,No Special Jurisdiction,12,Motor Vehicle In-Transport,6,Angle,0,No,2,Intersection,2,Four-Way Intersection,0,None,,,1,On Roadway,1,Daylight,,,,,1,Clear,0,No,0000000,Not Applicable,14,2:00pm-2:59pm,0,0,14,2:00pm-2:59pm,4,4,15,3:00pm-3:59pm,8,8,,,,,,,1,0
2020,24,240478,Maryland,1,1,0,1,1,1,1,31,MONTGOMERY (31),0,NOT APPLICABLE,22,22,12,December,2020,3,Tuesday,3,3:00am-3:59am,58,58,0,This section IS NOT on the NHS,2,Urban,3,Principal Arterial - Other,1,State Highway Agency,3,State Highway,SR-97,SR-193,35,35,39.04150556,39.04150556,-77.051783330,-77.051783330,0,No Special Jurisdiction,8,Pedestrian,0,The First Harmful Event was Not a Collision with a Motor Vehicle in Transport,0,No,3,Intersection-Related,2,Four-Way Intersection,0,None,,,1,On Roadway,3,Dark - Lighted,,,,,1,Clear,0,No,0000000,Not Applicable,3,3:00am-3:59am,56,56,4,4:00am-4:59am,3,3,4,4:00am-4:59am,36,36,,,,,,,1,0
2020,24,240480,Maryland,1,1,0,1,1,1,1,5,BALTIMORE (5),0,NOT APPLICABLE,1,1,12,December,2020,3,Tuesday,17,5:00pm-5:59pm,17,17,0,This section IS NOT on the NHS,2,Urban,4,Minor Arterial,2,County Highway Agency,4,County Road,CR-5677,CR-5725,9,9,39.23621944,39.23621944,-76.442397220,-76.442397220,0,No Special Jurisdiction,15,Non-Motorist on Personal Conveyance,0,The First Harmful Event was Not a Collision with a Motor Vehicle in Transport,0,No,3,Intersection-Related,2,Four-Way Intersection,0,None,,,1,On Roadway,3,Dark - Lighted,,,,,1,Clear,0,No,0000000,Not Applicable,17,5:00pm-5:59pm,17,17,17,5:00pm-5:59pm,21,21,88,"Not Applicable (Not Transported) ",88,Not Applicable (Not Transported),,,,,,,1,0
2020,24,240481,Maryland,1,1,0,0,0,2,2,45,WICOMICO (45),0,NOT APPLICABLE,18,18,12,December,2020,6,Friday,21,9:00pm-9:59pm,39,39,1,This section IS ON the NHS,2,Urban,3,Principal Arterial - Other,1,State Highway Agency,2,U.S. Highway,US-13,,11,11,38.30176111,38.30176111,-75.635094440,-75.635094440,0,No Special Jurisdiction,24,Guardrail Face,0,The First Harmful Event was Not a Collision with a Motor Vehicle in Transport,0,No,1,Non-Junction,1,Not an Intersection,0,None,,,4,On Roadside,3,Dark - Lighted,,,,,1,Clear,0,No,0000000,Not Applicable,21,9:00pm-9:59pm,39,39,22,10:00pm-10:59pm,2,2,99,Unknown,99,Unknown EMS Hospital Arrival Time,,,,,,,1,0
2020,24,240482,Maryland,3,3,0,0,0,3,3,9,CALVERT (9),0,NOT APPLICABLE,23,23,12,December,2020,4,Wednesday,16,4:00pm-4:59pm,33,33,0,This section IS NOT on the NHS,2,Urban,4,Minor Arterial,1,State Highway Agency,3,State Highway,SR-260,,18,18,38.74313056,38.74313056,-76.632850000,-76.632850000,0,No Special Jurisdiction,12,Motor Vehicle In-Transport,1,Front-to-Rear,0,No,1,Non-Junction,1,Not an Intersection,0,None,,,1,On Roadway,2,Dark - Not Lighted,,,,,1,Clear,0,No,0000000,Not Applicable,99,Unknown,99,Unknown,99,Unknown EMS Scene Arrival Hour,99,Unknown EMS Scene Arrival Minutes,99,Unknown,99,Unknown EMS Hospital Arrival Time,,,,,,,1,1
2020,24,240483,Maryland,1,1,0,0,0,1,1,510,BALTIMORE (CITY) (510),50,BALTIMORE,4,4,6,June,2020,5,Thursday,13,1:00pm-1:59pm,18,18,0,This section IS NOT on the NHS,2,Urban,4,Minor Arterial,4,City or Municipal Highway Agency,3,State Highway,SR-542,,0,None,39.34770000,39.34770000,-76.591694440,-76.591694440,0,No Special Jurisdiction,30,Utility Pole/Light Support,0,The First Harmful Event was Not a Collision with a Motor Vehicle in Transport,0,No,8,Driveway Access Related,1,Not an Intersection,0,None,,,4,On Roadside,1,Daylight,,,,,1,Clear,0,No,0000000,Not Applicable,13,1:00pm-1:59pm,18,18,13,1:00pm-1:59pm,27,27,13,1:00pm-1:59pm,45,45,,,,,,,1,0
2020,24,240484,Maryland,2,2,0,0,0,4,4,510,BALTIMORE (CITY) (510),50,BALTIMORE,25,25,5,May,2020,2,Monday,1,1:00am-1:59am,0,0,1,This section IS ON the NHS,2,Urban,3,Principal Arterial - Other,4,City or Municipal Highway Agency,3,State Highway,SR-26,HILTON RD,0,None,39.32410000,39.32410000,-76.671502780,-76.671502780,0,No Special Jurisdiction,12,Motor Vehicle In-Transport,6,Angle,0,No,2,Intersection,2,Four-Way Intersection,0,None,,,1,On Roadway,3,Dark - Lighted,,,,,1,Clear,0,No,0000000,Not Applicable,1,1:00am-1:59am,0,0,1,1:00am-1:59am,13,13,1,1:00am-1:59am,34,34,,,,,,,1,0
2020,24,240485,Maryland,1,1,0,1,1,2,2,5,BALTIMORE (5),0,NOT APPLICABLE,30,30,10,October,2020,6,Friday,19,7:00pm-7:59pm,22,22,0,This section IS NOT on the NHS,2,Urban,3,Principal Arterial - Other,1,State Highway Agency,3,State Highway,SR-157,UU0,37,37,39.27292222,39.27292222,-76.502736110,-76.502736110,0,No Special Jurisdiction,8,Pedestrian,0,The First Harmful Event was Not a Collision with a Motor Vehicle in Transport,0,No,3,Intersection-Related,3,T-Intersection,0,None,,,1,On Roadway,2,Dark - Not Lighted,,,,,1,Clear,0,No,0000000,Not Applicable,19,7:00pm-7:59pm,13,13,19,7:00pm-7:59pm,25,25,19,7:00pm-7:59pm,37,37,,,,,,,1,0
2020,24,240486,Maryland,2,1,1,0,0,1,1,5,BALTIMORE (5),0,NOT APPLICABLE,30,30,8,August,2020,1,Sunday,20,8:00pm-8:59pm,58,58,0,This section IS NOT on the NHS,2,Urban,5,Major Collector,2,County Highway Agency,4,County Road,CR-4589,,13,13,39.31420556,39.31420556,-76.465897220,-76.465897220,0,No Special Jurisdiction,14,Parked Motor Vehicle,0,The First Harmful Event was Not a Collision with a Motor Vehicle in Transport,0,No,1,Non-Junction,1,Not an Intersection,0,None,,,7,In Parking Lane/Zone,3,Dark - Lighted,,,,,1,Clear,0,No,0000000,Not Applicable,20,8:00pm-8:59pm,56,56,20,8:00pm-8:59pm,59,59,21,9:00pm-9:59pm,14,14,,,,,,,1,1
2020,24,240487,Maryland,2,2,0,0,0,4,4,5,BALTIMORE (5),0,NOT APPLICABLE,19,19,4,April,2020,1,Sunday,15,3:00pm-3:59pm,4,4,0,This section IS NOT on the NHS,2,Urban,3,Principal Arterial - Other,1,State Highway Agency,3,State Highway,SR-147,,20,20,39.39571111,39.39571111,-76.522650000,-76.522650000,0,No Special Jurisdiction,12,Motor Vehicle In-Transport,6,Angle,0,No,8,Driveway Access Related,1,Not an Intersection,0,None,,,1,On Roadway,1,Daylight,,,,,1,Clear,0,No,0000000,Not Applicable,15,3:00pm-3:59pm,2,2,15,3:00pm-3:59pm,11,11,99,Unknown,99,Unknown EMS Hospital Arrival Time,,,,,,,1,0
2020,24,240488,Maryland,1,1,0,1,1,1,1,5,BALTIMORE (5),455,DUNDALK,27,27,11,November,2020,6,Friday,17,5:00pm-5:59pm,7,7,0,This section IS NOT on the NHS,2,Urban,4,Minor Arterial,2,County Highway Agency,4,County Road,CR-5560 WISE AVE,,2,2,39.26739167,39.26739167,-76.497105560,-76.497105560,0,No Special Jurisdiction,8,Pedestrian,0,The First Harmful Event was Not a Collision with a Motor Vehicle in Transport,0,No,1,Non-Junction,1,Not an Intersection,0,None,,,1,On Roadway,3,Dark - Lighted,,,,,1,Clear,0,No,0000000,Not Applicable,17,5:00pm-5:59pm,17,17,17,5:00pm-5:59pm,21,21,99,Unknown,99,Unknown EMS Hospital Arrival Time,,,,,,,1,0
2020,24,240489,Maryland,1,1,0,1,1,2,2,31,MONTGOMERY (31),0,NOT APPLICABLE,27,27,11,November,2020,6,Friday,22,10:00pm-10:59pm,10,10,0,This section IS NOT on the NHS,2,Urban,3,Principal Arterial - Other,2,County Highway Agency,4,County Road,CR-144,MU-1060,25,25,39.05341944,39.05341944,-77.133266670,-77.133266670,0,No Special Jurisdiction,15,Non-Motorist on Personal Conveyance,0,The First Harmful Event was Not a Collision with a Motor Vehicle in Transport,0,No,2,Intersection,3,T-Intersection,0,None,,,1,On Roadway,3,Dark - Lighted,,,,,1,Clear,0,No,0000000,Not Applicable,22,10:00pm-10:59pm,7,7,22,10:00pm-10:59pm,18,18,22,10:00pm-10:59pm,36,36,,,,,,,1,0
2020,24,240490,Maryland,3,3,0,0,0,7,7,11,CAROLINE (11),0,NOT APPLICABLE,26,26,11,November,2020,5,Thursday,18,6:00pm-6:59pm,35,35,1,This section IS ON the NHS,1,Rural,3,Principal Arterial - Other,1,State Highway Agency,3,State Highway,SR-404,SR-480,7,7,38.92038333,38.92038333,-75.935811110,-75.935811110,0,No Special Jurisdiction,12,Motor Vehicle In-Transport,1,Front-to-Rear,0,No,3,Intersection-Related,2,Four-Way Intersection,0,None,,,1,On Roadway,3,Dark - Lighted,,,,,1,Clear,0,No,0000000,Not Applicable,18,6:00pm-6:59pm,32,32,18,6:00pm-6:59pm,43,43,19,7:00pm-7:59pm,33,33,,,,,,,1,0
2020,24,240491,Maryland,3,3,0,0,0,3,3,17,CHARLES (17),0,NOT APPLICABLE,16,16,12,December,2020,4,Wednesday,10,10:00am-10:59am,23,23,0,This section IS NOT on the NHS,1,Rural,6,Minor Collector,2,County Highway Agency,4,County Road,CR-1121 TRINITY CHURCH RD,,27,27,38.44968056,38.44968056,-76.865716670,-76.865716670,0,No Special Jurisdiction,12,Motor Vehicle In-Transport,2,Front-to-Front,0,No,1,Non-Junction,1,Not an Intersection,0,None,,,1,On Roadway,1,Daylight,,,,,2,Rain,0,No,0000000,Not Applicable,10,10:00am-10:59am,26,26,10,10:00am-10:59am,37,37,99,Unknown,99,Unknown EMS Hospital Arrival Time,,,,,,,1,0
2020,24,240492,Maryland,2,2,0,0,0,3,3,21,FREDERICK (21),0,NOT APPLICABLE,16,16,12,December,2020,4,Wednesday,9,9:00am-9:59am,0,0,1,This section IS ON the NHS,1,Rural,2,Principal Arterial - Other Freeways and Expressways,1,State Highway Agency,2,U.S. Highway,US-15,CR-1235 AUBURN RD,227,227,39.57136111,39.57136111,-77.432697220,-77.432697220,0,No Special Jurisdiction,12,Motor Vehicle In-Transport,6,Angle,0,No,2,Intersection,2,Four-Way Intersection,0,None,,,1,On Roadway,1,Daylight,,,,,1,Clear,0,No,0000000,Not Applicable,9,9:00am-9:59am,0,0,9,9:00am-9:59am,6,6,9,9:00am-9:59am,31,31,,,,,,,1,0
2020,24,240493,Maryland,1,1,0,1,1,2,2,9,CALVERT (9),0,NOT APPLICABLE,24,24,12,December,2020,5,Thursday,17,5:00pm-5:59pm,43,43,1,This section IS ON the NHS,2,Urban,3,Principal Arterial - Other,1,State Highway Agency,3,State Highway,SR-2,WALMART ENT,188,188,38.54141667,38.54141667,-76.589250000,-76.589250000,0,No Special Jurisdiction,8,Pedestrian,0,The First Harmful Event was Not a Collision with a Motor Vehicle in Transport,0,No,3,Intersection-Related,3,T-Intersection,0,None,,,1,On Roadway,3,Dark - Lighted,,,,,2,Rain,0,No,0000000,Not Applicable,17,5:00pm-5:59pm,43,43,17,5:00pm-5:59pm,48,48,99,Unknown,99,Unknown EMS Hospital Arrival Time,,,,,,,1,0
2020,24,240494,Maryland,1,1,0,0,0,2,2,25,HARFORD (25),0,NOT APPLICABLE,27,27,12,December,2020,1,Sunday,7,7:00am-7:59am,3,3,1,This section IS ON the NHS,2,Urban,3,Principal Arterial - Other,1,State Highway Agency,2,U.S. Highway,US-1,,137,137,39.63346111,39.63346111,-76.271569440,-76.271569440,0,No Special Jurisdiction,42,Tree (Standing Only),0,The First Harmful Event was Not a Collision with a Motor Vehicle in Transport,0,No,1,Non-Junction,1,Not an Intersection,0,None,,,4,On Roadside,4,Dawn,,,,,1,Clear,0,No,0000000,Not Applicable,7,7:00am-7:59am,2,2,7,7:00am-7:59am,7,7,99,Unknown,99,Unknown EMS Hospital Arrival Time,,,,,,,1,0
2020,24,240495,Maryland,1,1,0,1,1,1,1,33,PRINCE GEORGE`S (33),0,NOT APPLICABLE,5,5,12,December,2020,7,Saturday,18,6:00pm-6:59pm,11,11,1,This section IS ON the NHS,2,Urban,3,Principal Arterial - Other,1,State Highway Agency,3,State Highway,SR-214 E CAPITOL ST,,5,5,38.88719722,38.88719722,-76.903222220,-76.903222220,0,No Special Jurisdiction,8,Pedestrian,0,The First Harmful Event was Not a Collision with a Motor Vehicle in Transport,0,No,1,Non-Junction,1,Not an Intersection,0,None,,,1,On Roadway,2,Dark - Not Lighted,,,,,1,Clear,0,No,0000000,Not Applicable,18,6:00pm-6:59pm,12,12,18,6:00pm-6:59pm,19,19,88,"Not Applicable (Not Transported) ",88,Not Applicable (Not Transported),,,,,,,1,0
2020,24,240496,Maryland,3,3,0,0,0,4,4,25,HARFORD (25),0,NOT APPLICABLE,29,29,12,December,2020,3,Tuesday,15,3:00pm-3:59pm,9,9,1,This section IS ON the NHS,2,Urban,3,Principal Arterial - Other,2,County Highway Agency,3,State Highway,SR-22,SR-543,21,21,39.54695000,39.54695000,-76.313122220,-76.313122220,0,No Special Jurisdiction,12,Motor Vehicle In-Transport,1,Front-to-Rear,0,No,3,Intersection-Related,2,Four-Way Intersection,0,None,,,1,On Roadway,1,Daylight,,,,,1,Clear,0,No,0000000,Not Applicable,15,3:00pm-3:59pm,8,8,15,3:00pm-3:59pm,14,14,16,4:00pm-4:59pm,11,11,,,,,,,1,0
2020,24,240497,Maryland,1,1,0,1,1,1,1,17,CHARLES (17),0,NOT APPLICABLE,30,30,12,December,2020,4,Wednesday,18,6:00pm-6:59pm,11,11,0,This section IS NOT on the NHS,2,Urban,4,Minor Arterial,2,County Highway Agency,4,County Road,CR-873,,23,23,38.62707500,38.62707500,-76.920191670,-76.920191670,0,No Special Jurisdiction,8,Pedestrian,0,The First Harmful Event was Not a Collision with a Motor Vehicle in Transport,0,No,1,Non-Junction,1,Not an Intersection,0,None,,,1,On Roadway,3,Dark - Lighted,,,,,1,Clear,0,No,0000000,Not Applicable,99,Unknown,99,Unknown,99,Unknown EMS Scene Arrival Hour,99,Unknown EMS Scene Arrival Minutes,88,"Not Applicable (Not Transported) ",88,Not Applicable (Not Transported),,,,,,,1,0
2020,24,240498,Maryland,1,1,0,1,1,1,1,33,PRINCE GEORGE`S (33),900,LAUREL,18,18,12,December,2020,6,Friday,9,9:00am-9:59am,33,33,0,This section IS NOT on the NHS,2,Urban,7,Local,4,City or Municipal Highway Agency,6,Local Street - Municipality,MU-55 BOWIE RD,,2,2,39.09201667,39.09201667,-76.846350000,-76.846350000,0,No Special Jurisdiction,33,Curb,0,The First Harmful Event was Not a Collision with a Motor Vehicle in Transport,0,No,1,Non-Junction,1,Not an Intersection,0,None,,,4,On Roadside,1,Daylight,,,,,2,Rain,0,No,0000000,Not Applicable,9,9:00am-9:59am,8,8,9,9:00am-9:59am,14,14,88,"Not Applicable (Not Transported) ",88,Not Applicable (Not Transported),,,,,,,1,0
2020,24,240499,Maryland,1,1,0,1,1,1,1,27,HOWARD (27),0,NOT APPLICABLE,26,26,12,December,2020,7,Saturday,17,5:00pm-5:59pm,34,34,1,This section IS ON the NHS,2,Urban,3,Principal Arterial - Other,1,State Highway Agency,2,U.S. Highway,US-1,,14,14,39.12208611,39.12208611,-76.825955560,-76.825955560,0,No Special Jurisdiction,8,Pedestrian,0,The First Harmful Event was Not a Collision with a Motor Vehicle in Transport,0,No,1,Non-Junction,1,Not an Intersection,0,None,,,1,On Roadway,2,Dark - Not Lighted,,,,,1,Clear,0,No,0000000,Not Applicable,17,5:00pm-5:59pm,36,36,17,5:00pm-5:59pm,41,41,18,6:00pm-6:59pm,25,25,,,,,,,1,0
2020,24,240500,Maryland,1,1,0,1,1,1,1,5,BALTIMORE (5),0,NOT APPLICABLE,28,28,8,August,2020,6,Friday,21,9:00pm-9:59pm,28,28,1,This section IS ON the NHS,2,Urban,3,Principal Arterial - Other,1,State Highway Agency,2,U.S. Highway,US-S40,,155,155,39.32242500,39.32242500,-76.504405560,-76.504405560,0,No Special Jurisdiction,8,Pedestrian,0,The First Harmful Event was Not a Collision with a Motor Vehicle in Transport,0,No,1,Non-Junction,1,Not an Intersection,0,None,,,1,On Roadway,3,Dark - Lighted,,,,,2,Rain,0,No,0000000,Not Applicable,21,9:00pm-9:59pm,27,27,21,9:00pm-9:59pm,35,35,22,10:00pm-10:59pm,4,4,,,,,,,1,0
2020,24,240501,Maryland,1,1,0,0,0,2,2,5,BALTIMORE (5),0,NOT APPLICABLE,14,14,6,June,2020,1,Sunday,21,9:00pm-9:59pm,6,6,0,This section IS NOT on the NHS,2,Urban,4,Minor Arterial,1,State Highway Agency,3,State Highway,SR-122,,0,None,39.31236667,39.31236667,-76.744969440,-76.744969440,0,No Special Jurisdiction,33,Curb,0,The First Harmful Event was Not a Collision with a Motor Vehicle in Transport,0,No,1,Non-Junction,1,Not an Intersection,0,None,,,4,On Roadside,3,Dark - Lighted,,,,,98,Not Reported,0,No,0000000,Not Applicable,21,9:00pm-9:59pm,3,3,21,9:00pm-9:59pm,9,9,21,9:00pm-9:59pm,39,39,,,,,,,1,0
2020,24,240502,Maryland,1,1,0,0,0,1,1,21,FREDERICK (21),580,FREDERICK,18,18,11,November,2020,4,Wednesday,13,1:00pm-1:59pm,37,37,0,This section IS NOT on the NHS,2,Urban,5,Major Collector,4,City or Municipal Highway Agency,6,Local Street - Municipality,OP-867 MONOCACY BLVD,,10,10,39.44633056,39.44633056,-77.383583330,-77.383583330,0,No Special Jurisdiction,33,Curb,0,The First Harmful Event was Not a Collision with a Motor Vehicle in Transport,0,No,1,Non-Junction,1,Not an Intersection,0,None,,,4,On Roadside,1,Daylight,,,,,1,Clear,0,No,0000000,Not Applicable,13,1:00pm-1:59pm,37,37,13,1:00pm-1:59pm,46,46,14,2:00pm-2:59pm,32,32,,,,,,,1,0
2020,24,240503,Maryland,2,2,0,0,0,2,2,3,ANNE ARUNDEL (3),901,LAUREL ACRES,25,25,9,September,2020,6,Friday,3,3:00am-3:59am,40,40,1,This section IS ON the NHS,2,Urban,3,Principal Arterial - Other,66,National Park Service,3,State Highway,SR-295,,99998,Not Reported,39.07431667,39.07431667,-76.826994440,-76.826994440,1,National Park Service,12,Motor Vehicle In-Transport,6,Angle,0,No,1,Non-Junction,1,Not an Intersection,0,None,,,1,On Roadway,2,Dark - Not Lighted,,,,,1,Clear,0,No,0000000,Not Applicable,99,Unknown,99,Unknown,99,Unknown EMS Scene Arrival Hour,99,Unknown EMS Scene Arrival Minutes,99,Unknown,99,Unknown EMS Hospital Arrival Time,,,,,,,1,1
2020,24,240504,Maryland,1,1,0,0,0,4,4,510,BALTIMORE (CITY) (510),50,BALTIMORE,20,20,9,September,2020,1,Sunday,0,0:00am-0:59am,15,15,0,This section IS NOT on the NHS,2,Urban,3,Principal Arterial - Other,4,City or Municipal Highway Agency,3,State Highway,SR-41,MU-1140,24,24,39.35595278,39.35595278,-76.574433330,-76.574433330,0,No Special Jurisdiction,33,Curb,0,The First Harmful Event was Not a Collision with a Motor Vehicle in Transport,0,No,3,Intersection-Related,3,T-Intersection,0,None,,,3,On Median,2,Dark - Not Lighted,,,,,1,Clear,0,No,0000000,Not Applicable,0,0:00am-0:59am,14,14,0,0:00am-0:59am,35,35,99,Unknown,99,Unknown EMS Hospital Arrival Time,,,,,,,2,1
2020,24,240505,Maryland,2,2,0,0,0,4,4,5,BALTIMORE (5),0,NOT APPLICABLE,14,14,9,September,2020,2,Monday,0,0:00am-0:59am,14,14,0,This section IS NOT on the NHS,2,Urban,3,Principal Arterial - Other,2,County Highway Agency,4,County Road,CR-8762,CR-3534,35,35,39.39860000,39.39860000,-76.542586110,-76.542586110,0,No Special Jurisdiction,12,Motor Vehicle In-Transport,7,Sideswipe - Same Direction,0,No,2,Intersection,2,Four-Way Intersection,0,None,,,1,On Roadway,3,Dark - Lighted,,,,,1,Clear,0,No,0000000,Not Applicable,0,0:00am-0:59am,13,13,0,0:00am-0:59am,18,18,0,0:00am-0:59am,48,48,,,,,,,1,1
2020,24,240506,Maryland,2,2,0,0,0,3,3,31,MONTGOMERY (31),0,NOT APPLICABLE,18,18,10,October,2020,1,Sunday,1,1:00am-1:59am,9,9,1,This section IS ON the NHS,2,Urban,2,Principal Arterial - Other Freeways and Expressways,1,State Highway Agency,2,U.S. Highway,US-29,CR-2925,62,62,39.05613611,39.05613611,-76.971155560,-76.971155560,0,No Special Jurisdiction,12,Motor Vehicle In-Transport,6,Angle,0,No,2,Intersection,3,T-Intersection,0,None,,,1,On Roadway,3,Dark - Lighted,,,,,98,Not Reported,0,No,0000000,Not Applicable,1,1:00am-1:59am,8,8,1,1:00am-1:59am,16,16,99,Unknown,99,Unknown EMS Hospital Arrival Time,,,,,,,1,1
2020,24,240507,Maryland,3,3,0,0,0,3,3,5,BALTIMORE (5),0,NOT APPLICABLE,16,16,6,June,2020,3,Tuesday,20,8:00pm-8:59pm,39,39,0,This section IS NOT on the NHS,2,Urban,4,Minor Arterial,2,County Highway Agency,4,County Road,CR-6779,CR-8143,12,12,39.42618611,39.42618611,-76.809536110,-76.809536110,0,No Special Jurisdiction,12,Motor Vehicle In-Transport,1,Front-to-Rear,0,No,2,Intersection,3,T-Intersection,0,None,,,1,On Roadway,5,Dusk,,,,,10,Cloudy,0,No,0000000,Not Applicable,20,8:00pm-8:59pm,38,38,20,8:00pm-8:59pm,47,47,99,Unknown,99,Unknown EMS Hospital Arrival Time,,,,,,,1,0
2020,24,240508,Maryland,2,2,0,0,0,3,3,510,BALTIMORE (CITY) (510),50,BALTIMORE,21,21,9,September,2020,2,Monday,17,5:00pm-5:59pm,59,59,1,This section IS ON the NHS,2,Urban,3,Principal Arterial - Other,1,State Highway Agency,2,U.S. Highway,US-1,,0,None,39.27211667,39.27211667,-76.676672220,-76.676672220,0,No Special Jurisdiction,12,Motor Vehicle In-Transport,6,Angle,0,No,4,Driveway Access,1,Not an Intersection,0,None,,,1,On Roadway,1,Daylight,,,,,1,Clear,0,No,0000000,Not Applicable,17,5:00pm-5:59pm,29,29,18,6:00pm-6:59pm,5,5,18,6:00pm-6:59pm,22,22,,,,,,,1,1
2020,24,240509,Maryland,1,1,0,1,1,1,1,510,BALTIMORE (CITY) (510),50,BALTIMORE,20,20,6,June,2020,7,Saturday,0,0:00am-0:59am,15,15,1,This section IS ON the NHS,2,Urban,3,Principal Arterial - Other,4,City or Municipal Highway Agency,2,U.S. Highway,US-1,,0,None,39.31180278,39.31180278,-76.602052780,-76.602052780,0,No Special Jurisdiction,8,Pedestrian,0,The First Harmful Event was Not a Collision with a Motor Vehicle in Transport,0,No,1,Non-Junction,1,Not an Intersection,0,None,,,1,On Roadway,3,Dark - Lighted,,,,,1,Clear,0,No,0000000,Not Applicable,0,0:00am-0:59am,15,15,0,0:00am-0:59am,23,23,0,0:00am-0:59am,39,39,,,,,,,1,0
2020,24,240510,Maryland,1,1,0,1,1,1,1,33,PRINCE GEORGE`S (33),320,CHEVERLY,16,16,2,February,2020,1,Sunday,22,10:00pm-10:59pm,13,13,1,This section IS ON the NHS,2,Urban,3,Principal Arterial - Other,1,State Highway Agency,3,State Highway,SR-295,,0,None,38.93534722,38.93534722,-76.916900000,-76.916900000,1,National Park Service,8,Pedestrian,0,The First Harmful Event was Not a Collision with a Motor Vehicle in Transport,0,No,1,Non-Junction,1,Not an Intersection,0,None,,,1,On Roadway,2,Dark - Not Lighted,,,,,1,Clear,0,No,0000000,Not Applicable,99,Unknown,99,Unknown,99,Unknown EMS Scene Arrival Hour,99,Unknown EMS Scene Arrival Minutes,88,"Not Applicable (Not Transported) ",88,Not Applicable (Not Transported),,,,,,,1,0
2020,24,240511,Maryland,3,3,0,1,1,5,5,33,PRINCE GEORGE`S (33),150,BLADENSBURG,20,20,4,April,2020,2,Monday,21,9:00pm-9:59pm,23,23,1,This section IS ON the NHS,2,Urban,3,Principal Arterial - Other,66,National Park Service,3,State Highway,SR-295,,99998,Not Reported,38.93499167,38.93499167,-76.917269440,-76.917269440,1,National Park Service,8,Pedestrian,0,The First Harmful Event was Not a Collision with a Motor Vehicle in Transport,0,No,1,Non-Junction,1,Not an Intersection,0,None,,,1,On Roadway,2,Dark - Not Lighted,,,,,1,Clear,0,No,0000000,Not Applicable,99,Unknown,99,Unknown,99,Unknown EMS Scene Arrival Hour,99,Unknown EMS Scene Arrival Minutes,99,Unknown,99,Unknown EMS Hospital Arrival Time,,,,,,,1,0
2020,24,240512,Maryland,1,1,0,0,0,2,2,45,WICOMICO (45),0,NOT APPLICABLE,25,25,12,December,2020,6,Friday,19,7:00pm-7:59pm,44,44,1,This section IS ON the NHS,1,Rural,3,Principal Arterial - Other,1,State Highway Agency,2,U.S. Highway,US-50 OCEAN GATEWAY,,249,249,38.38376389,38.38376389,-75.441152780,-75.441152780,0,No Special Jurisdiction,42,Tree (Standing Only),0,The First Harmful Event was Not a Collision with a Motor Vehicle in Transport,0,No,1,Non-Junction,1,Not an Intersection,0,None,,,4,On Roadside,2,Dark - Not Lighted,,,,,11,Blowing Snow,0,No,0000000,Not Applicable,19,7:00pm-7:59pm,41,41,20,8:00pm-8:59pm,2,2,99,Unknown,99,Unknown EMS Hospital Arrival Time,,,,,,,1,0
2020,24,240513,Maryland,2,2,0,0,0,2,2,33,PRINCE GEORGE`S (33),0,NOT APPLICABLE,24,24,12,December,2020,5,Thursday,19,7:00pm-7:59pm,45,45,1,This section IS ON the NHS,2,Urban,3,Principal Arterial - Other,1,State Highway Agency,2,U.S. Highway,US-301 CRAIN HWY,SR-197 COLLINGTON RD,232,232,38.94267222,38.94267222,-76.717783330,-76.717783330,0,No Special Jurisdiction,12,Motor Vehicle In-Transport,6,Angle,0,No,2,Intersection,3,T-Intersection,0,None,,,1,On Roadway,2,Dark - Not Lighted,,,,,2,Rain,0,No,0000000,Not Applicable,19,7:00pm-7:59pm,43,43,19,7:00pm-7:59pm,49,49,88,"Not Applicable (Not Transported) ",88,Not Applicable (Not Transported),,,,,,,1,1
2020,24,240514,Maryland,2,2,0,0,0,2,2,13,CARROLL (13),0,NOT APPLICABLE,12,12,12,December,2020,7,Saturday,17,5:00pm-5:59pm,42,42,0,This section IS NOT on the NHS,2,Urban,3,Principal Arterial - Other,1,State Highway Agency,3,State Highway,SR-31,,94,94,39.57665833,39.57665833,-77.011838890,-77.011838890,0,No Special Jurisdiction,12,Motor Vehicle In-Transport,6,Angle,0,No,1,Non-Junction,1,Not an Intersection,0,None,,,1,On Roadway,2,Dark - Not Lighted,,,,,1,Clear,0,No,0000000,Not Applicable,17,5:00pm-5:59pm,41,41,17,5:00pm-5:59pm,49,49,18,6:00pm-6:59pm,39,39,,,,,,,1,0
2020,24,240515,Maryland,1,1,0,0,0,1,1,17,CHARLES (17),0,NOT APPLICABLE,24,24,12,December,2020,5,Thursday,3,3:00am-3:59am,40,40,0,This section IS NOT on the NHS,2,Urban,5,Major Collector,1,State Highway Agency,3,State Highway,SR-257,,89,89,38.36869722,38.36869722,-76.948455560,-76.948455560,0,No Special Jurisdiction,34,Ditch,0,The First Harmful Event was Not a Collision with a Motor Vehicle in Transport,0,No,1,Non-Junction,1,Not an Intersection,0,None,,,4,On Roadside,2,Dark - Not Lighted,,,,,1,Clear,0,No,0000000,Not Applicable,3,3:00am-3:59am,37,37,3,3:00am-3:59am,53,53,99,Unknown,99,Unknown EMS Hospital Arrival Time,,,,,,,1,0