caseyear,state,st_case,statename,ve_total,ve_forms,pvh_invl,peds,pernotmvit,permvit,persons,county,countyname,city,cityname,day,dayname,month,monthname,year,day_week,day_weekname,hour,hourname,minute,minutename,nhs,nhsname,rur_urb,rur_urbname,func_sys,func_sysname,rd_owner,rd_ownername,route,routename,tway_id,tway_id2,milept,mileptname,latitude,latitudename,longitud,longitudname,sp_jur,sp_jurname,harm_ev,harm_evname,man_coll,man_collname,reljct1,reljct1name,reljct2,reljct2name,typ_int,typ_intname,wrk_zone,wrk_zonename,road_fnc,road_fncname,rel_road,rel_roadname,lgt_cond,lgt_condname,weather1,weather1name,weather2,weather2name,weather,weathername,sch_bus,sch_busname,rail,railname,not_hour,not_hourname,not_min,not_minname,arr_hour,arr_hourname,arr_min,arr_minname,hosp_hr,hosp_hrname,hosp_mn,hosp_mnname,cf1,cf1name,cf2,cf2name,cf3,cf3name,fatals,drunk_dr
2021,24,240027,Maryland,2,2,0,0,0,2,2,3,ANNE ARUNDEL (3),0,NOT APPLICABLE,8,8,2,February,2021,2,Monday,23,11:00pm-11:59pm,53,53,1,This section IS ON the NHS,2,Urban,2,Principal Arterial - Other Freeways and Expressways,1,State Highway Agency,3,State Highway,SR-10,,57,57,39.18721944,39.18721944,-76.604233330,-76.604233330,0,No Special Jurisdiction,12,Motor Vehicle In-Transport,1,Front-to-Rear,0,No,1,Non-Junction,1,Not an Intersection,0,None,,,1,On Roadway,2,Dark - Not Lighted,,,,,1,Clear,0,No,0000000,Not Applicable,23,11:00pm-11:59pm,53,53,0,0:00am-0:59am,4,4,88,"Not Applicable (Not Transported) ",88,Not Applicable (Not Transported),,,,,,,1,
2021,24,240028,Maryland,1,1,0,1,1,1,1,5,BALTIMORE (5),0,NOT APPLICABLE,10,10,1,January,2021,1,Sunday,17,5:00pm-5:59pm,45,45,0,This section IS NOT on the NHS,2,Urban,7,Local,2,County Highway Agency,4,County Road,CR-4001,CR-4000,1,1,39.41534167,39.41534167,-76.464208330,-76.464208330,0,No Special Jurisdiction,8,Pedestrian,0,The First Harmful Event was Not a Collision with a Motor Vehicle in Transport,0,No,3,Intersection-Related,3,T-Intersection,0,None,,,1,On Roadway,2,Dark - Not Lighted,,,,,1,Clear,0,No,0000000,Not Applicable,17,5:00pm-5:59pm,44,44,17,5:00pm-5:59pm,54,54,99,Unknown,99,Unknown EMS Hospital Arrival Time,,,,,,,1,
2021,24,240029,Maryland,6,6,0,0,0,8,8,27,HOWARD (27),0,NOT APPLICABLE,11,11,1,January,2021,2,Monday,14,2:00pm-2:59pm,47,47,0,This section IS NOT on the NHS,2,Urban,3,Principal Arterial - Other,1,State Highway Agency,3,State Highway,SR-32,,142,142,39.24842778,39.24842778,-76.978566670,-76.978566670,0,No Special Jurisdiction,12,Motor Vehicle In-Transport,2,Front-to-Front,0,No,1,Non-Junction,1,Not an Intersection,4,"Work Zone, Type Unknown",,,1,On Roadway,1,Daylight,,,,,98,Not Reported,0,No,0000000,Not Applicable,14,2:00pm-2:59pm,48,48,15,3:00pm-3:59pm,25,25,15,3:00pm-3:59pm,47,47,,,,,,,1,
2021,24,240030,Maryland,4,1,3,2,3,1,2,27,HOWARD (27),0,NOT APPLICABLE,26,26,1,January,2021,3,Tuesday,5,5:00am-5:59am,16,16,1,This section IS ON the NHS,2,Urban,1,Interstate,1,State Highway Agency,1,Interstate,I-95,,41,41,39.15574167,39.15574167,-76.832675000,-76.832675000,0,No Special Jurisdiction,14,Parked Motor Vehicle,0,The First Harmful Event was Not a Collision with a Motor Vehicle in Transport,0,No,1,Non-Junction,1,Not an Intersection,0,None,,,2,On Shoulder,2,Dark - Not Lighted,,,,,8,Other,0,No,0000000,Not Applicable,5,5:00am-5:59am,7,7,5,5:00am-5:59am,16,16,99,Unknown,99,Unknown EMS Hospital Arrival Time,,,,,,,1,
2021,24,240031,Maryland,1,1,0,1,1,1,1,33,PRINCE GEORGE`S (33),0,NOT APPLICABLE,5,5,2,February,2021,6,Friday,2,2:00am-2:59am,10,10,0,This section IS NOT on the NHS,2,Urban,3,Principal Arterial - Other,1,State Highway Agency,3,State Highway,SR-5,,148,148,38.84998611,38.84998611,-76.954472220,-76.954472220,0,No Special Jurisdiction,8,Pedestrian,0,The First Harmful Event was Not a Collision with a Motor Vehicle in Transport,0,No,1,Non-Junction,1,Not an Intersection,0,None,,,1,On Roadway,2,Dark - Not Lighted,,,,,10,Cloudy,0,No,0000000,Not Applicable,2,2:00am-2:59am,10,10,2,2:00am-2:59am,14,14,88,"Not Applicable (Not Transported) ",88,Not Applicable (Not Transported),,,,,,,1,
2021,24,240032,Maryland,1,1,0,0,0,1,1,47,WORCESTER (47),0,NOT APPLICABLE,5,5,2,February,2021,6,Friday,17,5:00pm-5:59pm,58,58,1,This section IS ON the NHS,2,Urban,3,Principal Arterial - Other,1,State Highway Agency,2,U.S. Highway,US-50,,84,84,38.34445556,38.34445556,-75.186650000,-75.186650000,0,No Special Jurisdiction,35,Embankment,0,The First Harmful Event was Not a Collision with a Motor Vehicle in Transport,0,No,1,Non-Junction,1,Not an Intersection,0,None,,,4,On Roadside,5,Dusk,,,,,1,Clear,0,No,0000000,Not Applicable,17,5:00pm-5:59pm,54,54,18,6:00pm-6:59pm,4,4,99,Unknown,99,Unknown EMS Hospital Arrival Time,,,,,,,1,
2021,24,240033,Maryland,1,1,0,0,0,1,1,43,WASHINGTON (43),0,NOT APPLICABLE,11,11,2,February,2021,5,Thursday,7,7:00am-7:59am,33,33,1,This section IS ON the NHS,2,Urban,1,Interstate,1,State Highway Agency,1,Interstate,I-70,,261,261,39.60946111,39.60946111,-77.779930560,-77.779930560,0,No Special Jurisdiction,24,Guardrail Face,0,The First Harmful Event was Not a Collision with a Motor Vehicle in Transport,0,No,1,Non-Junction,1,Not an Intersection,0,None,,,4,On Roadside,1,Daylight,,,,,4,Snow,0,No,0000000,Not Applicable,7,7:00am-7:59am,32,32,7,7:00am-7:59am,47,47,88,"Not Applicable (Not Transported) ",88,Not Applicable (Not Transported),,,,,,,1,
2021,24,240034,Maryland,1,1,0,1,1,1,1,5,BALTIMORE (5),0,NOT APPLICABLE,11,11,1,January,2021,2,Monday,20,8:00pm-8:59pm,14,14,0,This section IS NOT on the NHS,2,Urban,4,Minor Arterial,2,County Highway Agency,4,County Road,CR-5237,CR-5339,19,19,39.25853056,39.25853056,-76.524305560,-76.524305560,0,No Special Jurisdiction,8,Pedestrian,0,The First Harmful Event was Not a Collision with a Motor Vehicle in Transport,0,No,3,Intersection-Related,3,T-Intersection,0,None,,,1,On Roadway,3,Dark - Lighted,,,,,1,Clear,0,No,0000000,Not Applicable,20,8:00pm-8:59pm,13,13,20,8:00pm-8:59pm,16,16,20,8:00pm-8:59pm,40,40,,,,,,,1,
2021,24,240035,Maryland,2,2,0,0,0,3,3,29,KENT (29),0,NOT APPLICABLE,21,21,2,February,2021,1,Sunday,18,6:00pm-6:59pm,44,44,0,This section IS NOT on the NHS,2,Urban,5,Major Collector,1,State Highway Agency,3,State Highway,SR-514,,21,21,39.24053889,39.24053889,-76.103163890,-76.103163890,0,No Special Jurisdiction,12,Motor Vehicle In-Transport,2,Front-to-Front,0,No,1,Non-Junction,1,Not an Intersection,0,None,,,1,On Roadway,2,Dark - Not Lighted,,,,,1,Clear,0,No,0000000,Not Applicable,18,6:00pm-6:59pm,39,39,19,7:00pm-7:59pm,3,3,99,Unknown,99,Unknown EMS Hospital Arrival Time,,,,,,,2,
2021,24,240036,Maryland,1,1,0,1,1,2,2,33,PRINCE GEORGE`S (33),0,NOT APPLICABLE,23,23,1,January,2021,7,Saturday,16,4:00pm-4:59pm,14,14,0,This section IS NOT on the NHS,2,Urban,7,Local,26,Private (other than Railroad),8,Other,EASTOVER SHOPPING CENTER,,99998,Not Reported,38.81862222,38.81862222,-77.002963890,-77.002963890,0,No Special Jurisdiction,8,Pedestrian,0,The First Harmful Event was Not a Collision with a Motor Vehicle in Transport,0,No,1,Non-Junction,1,Not an Intersection,0,None,,,1,On Roadway,1,Daylight,,,,,1,Clear,0,No,0000000,Not Applicable,16,4:00pm-4:59pm,10,10,16,4:00pm-4:59pm,20,20,16,4:00pm-4:59pm,50,50,,,,,,,1,
2021,24,240037,Maryland,1,1,0,1,1,1,1,33,PRINCE GEORGE`S (33),0,NOT APPLICABLE,24,24,2,February,2021,4,Wednesday,12,12:00pm-12:59pm,45,45,1,This section IS ON the NHS,2,Urban,1,Interstate,1,State Highway Agency,1,Interstate,I-95,,196,196,38.95811111,38.95811111,-76.865347220,-76.865347220,0,No Special Jurisdiction,8,Pedestrian,0,The First Harmful Event was Not a Collision with a Motor Vehicle in Transport,0,No,1,Non-Junction,1,Not an Intersection,0,None,,,1,On Roadway,1,Daylight,,,,,1,Clear,0,No,0000000,Not Applicable,12,12:00pm-12:59pm,35,35,12,12:00pm-12:59pm,38,38,12,12:00pm-12:59pm,56,56,,,,,,,1,
2021,24,240038,Maryland,2,2,0,0,0,2,2,33,PRINCE GEORGE`S (33),0,NOT APPLICABLE,23,23,2,February,2021,3,Tuesday,16,4:00pm-4:59pm,41,41,0,This section IS NOT on the NHS,2,Urban,5,Major Collector,2,County Highway Agency,4,County Road,CR-4475,,7,7,38.87771389,38.87771389,-76.851886110,-76.851886110,0,No Special Jurisdiction,12,Motor Vehicle In-Transport,6,Angle,0,No,8,Driveway Access Related,1,Not an Intersection,0,None,,,1,On Roadway,1,Daylight,,,,,98,Not Reported,0,No,0000000,Not Applicable,16,4:00pm-4:59pm,41,41,17,5:00pm-5:59pm,0,0,99,Unknown,99,Unknown EMS Hospital Arrival Time,,,,,,,1,
2021,24,240039,Maryland,1,1,0,0,0,1,1,1,ALLEGANY (1),0,NOT APPLICABLE,21,21,2,February,2021,1,Sunday,5,5:00am-5:59am,33,33,0,This section IS NOT on the NHS,2,Urban,4,Minor Arterial,1,State Highway Agency,3,State Highway,SR-53,US-40AL,0,None,39.63757222,39.63757222,-78.845980560,-78.845980560,0,No Special Jurisdiction,33,Curb,0,The First Harmful Event was Not a Collision with a Motor Vehicle in Transport,0,No,3,Intersection-Related,2,Four-Way Intersection,0,None,,,3,On Median,3,Dark - Lighted,,,,,1,Clear,0,No,0000000,Not Applicable,5,5:00am-5:59am,33,33,5,5:00am-5:59am,38,38,88,"Not Applicable (Not Transported) ",88,Not Applicable (Not Transported),,,,,,,1,
2021,24,240040,Maryland,2,2,0,0,0,2,2,33,PRINCE GEORGE`S (33),0,NOT APPLICABLE,21,21,2,February,2021,1,Sunday,4,4:00am-4:59am,47,47,1,This section IS ON the NHS,2,Urban,2,Principal Arterial - Other Freeways and Expressways,1,State Highway Agency,2,U.S. Highway,US-50,,5,5,38.91820833,38.91820833,-76.930047220,-76.930047220,0,No Special Jurisdiction,12,Motor Vehicle In-Transport,2,Front-to-Front,0,No,1,Non-Junction,1,Not an Intersection,0,None,,,1,On Roadway,2,Dark - Not Lighted,,,,,1,Clear,0,No,0000000,Not Applicable,4,4:00am-4:59am,44,44,5,5:00am-5:59am,0,0,88,"Not Applicable (Not Transported) ",88,Not Applicable (Not Transported),,,,,,,2,
2021,24,240041,Maryland,2,2,0,0,0,2,2,33,PRINCE GEORGE`S (33),0,NOT APPLICABLE,25,25,2,February,2021,5,Thursday,18,6:00pm-6:59pm,31,31,0,This section IS NOT on the NHS,2,Urban,5,Major Collector,2,County Highway Agency,4,County Road,CR-96,,3,3,38.78480833,38.78480833,-76.905341670,-76.905341670,0,No Special Jurisdiction,12,Motor Vehicle In-Transport,2,Front-to-Front,0,No,1,Non-Junction,1,Not an Intersection,0,None,,,1,On Roadway,3,Dark - Lighted,,,,,1,Clear,0,No,0000000,Not Applicable,18,6:00pm-6:59pm,30,30,18,6:00pm-6:59pm,38,38,19,7:00pm-7:59pm,42,42,,,,,,,1,
2021,24,240042,Maryland,2,2,0,0,0,3,3,25,HARFORD (25),0,NOT APPLICABLE,3,3,3,March,2021,4,Wednesday,16,4:00pm-4:59pm,27,27,0,This section IS NOT on the NHS,2,Urban,4,Minor Arterial,1,State Highway Agency,3,State Highway,SR-462,MU-750,0,None,39.52454722,39.52454722,-76.171038890,-76.171038890,0,No Special Jurisdiction,12,Motor Vehicle In-Transport,2,Front-to-Front,0,No,3,Intersection-Related,3,T-Intersection,0,None,,,1,On Roadway,1,Daylight,,,,,1,Clear,0,No,0000000,Not Applicable,16,4:00pm-4:59pm,26,26,16,4:00pm-4:59pm,54,54,17,5:00pm-5:59pm,26,26,,,,,,,1,
2021,24,240043,Maryland,1,1,0,1,1,2,2,33,PRINCE GEORGE`S (33),0,NOT APPLICABLE,28,28,2,February,2021,1,Sunday,19,7:00pm-7:59pm,29,29,1,This section IS ON the NHS,2,Urban,3,Principal Arterial - Other,1,State Highway Agency,3,State Highway,SR-704,,23,23,38.91761111,38.91761111,-76.881255560,-76.881255560,0,No Special Jurisdiction,8,Pedestrian,0,The First Harmful Event was Not a Collision with a Motor Vehicle in Transport,0,No,1,Non-Junction,1,Not an Intersection,0,None,,,1,On Roadway,3,Dark - Lighted,,,,,10,Cloudy,0,No,0000000,Not Applicable,19,7:00pm-7:59pm,29,29,19,7:00pm-7:59pm,36,36,19,7:00pm-7:59pm,53,53,,,,,,,1,
2021,24,240044,Maryland,1,1,0,0,0,1,1,15,CECIL (15),0,NOT APPLICABLE,4,4,3,March,2021,5,Thursday,11,11:00am-11:59am,31,31,0,This section IS NOT on the NHS,2,Urban,4,Minor Arterial,1,State Highway Agency,3,State Highway,SR-213,,109,109,39.49996111,39.49996111,-75.837019440,-75.837019440,0,No Special Jurisdiction,34,Ditch,0,The First Harmful Event was Not a Collision with a Motor Vehicle in Transport,0,No,1,Non-Junction,1,Not an Intersection,0,None,,,4,On Roadside,1,Daylight,,,,,1,Clear,0,No,0000000,Not Applicable,11,11:00am-11:59am,29,29,11,11:00am-11:59am,38,38,88,"Not Applicable (Not Transported) ",88,Not Applicable (Not Transported),,,,,,,1,
2021,24,240045,Maryland,1,1,0,0,0,1,1,43,WASHINGTON (43),0,NOT APPLICABLE,6,6,3,March,2021,7,Saturday,17,5:00pm-5:59pm,14,14,0,This section IS NOT on the NHS,1,Rural,4,Minor Arterial,1,State Highway Agency,2,U.S. Highway,US-40AL,,72,72,39.54502222,39.54502222,-77.676122220,-77.676122220,0,No Special Jurisdiction,30,Utility Pole/Light Support,0,The First Harmful Event was Not a Collision with a Motor Vehicle in Transport,0,No,1,Non-Junction,1,Not an Intersection,0,None,,,4,On Roadside,1,Daylight,,,,,1,Clear,0,No,0000000,Not Applicable,17,5:00pm-5:59pm,9,9,17,5:00pm-5:59pm,16,16,88,"Not Applicable (Not Transported) ",88,Not Applicable (Not Transported),,,,,,,1,
2021,24,240046,Maryland,1,1,0,1,1,1,1,45,WICOMICO (45),0,NOT APPLICABLE,4,4,3,March,2021,5,Thursday,20,8:00pm-8:59pm,39,39,1,This section IS ON the NHS,2,Urban,3,Principal Arterial - Other,1,State Highway Agency,2,U.S. Highway,US-13,W RUARK DR,124,124,38.40570556,38.40570556,-75.568186110,-75.568186110,0,No Special Jurisdiction,8,Pedestrian,0,The First Harmful Event was Not a Collision with a Motor Vehicle in Transport,0,No,3,Intersection-Related,3,T-Intersection,0,None,,,1,On Roadway,3,Dark - Lighted,,,,,1,Clear,0,No,0000000,Not Applicable,20,8:00pm-8:59pm,38,38,20,8:00pm-8:59pm,41,41,20,8:00pm-8:59pm,50,50,,,,,,,1,
2021,24,240047,Maryland,1,1,0,1,1,1,1,5,BALTIMORE (5),0,NOT APPLICABLE,6,6,2,February,2021,7,Saturday,18,6:00pm-6:59pm,59,59,1,This section IS ON the NHS,2,Urban,3,Principal Arterial - Other,1,State Highway Agency,2,U.S. Highway,US-40,CR-4458,173,173,39.33743333,39.33743333,-76.481108330,-76.481108330,0,No Special Jurisdiction,8,Pedestrian,0,The First Harmful Event was Not a Collision with a Motor Vehicle in Transport,0,No,3,Intersection-Related,2,Four-Way Intersection,0,None,,,1,On Roadway,3,Dark - Lighted,,,,,10,Cloudy,0,No,0000000,Not Applicable,18,6:00pm-6:59pm,56,56,19,7:00pm-7:59pm,1,1,99,Unknown,99,Unknown EMS Hospital Arrival Time,,,,,,,1,
2021,24,240048,Maryland,3,3,0,0,0,6,6,37,ST. MARY`S (37),0,NOT APPLICABLE,5,5,3,March,2021,6,Friday,19,7:00pm-7:59pm,2,2,0,This section IS NOT on the NHS,2,Urban,4,Minor Arterial,1,State Highway Agency,3,State Highway,SR-4,CR-495,32,32,38.28355000,38.28355000,-76.562608330,-76.562608330,0,No Special Jurisdiction,12,Motor Vehicle In-Transport,1,Front-to-Rear,0,No,3,Intersection-Related,3,T-Intersection,0,None,,,1,On Roadway,2,Dark - Not Lighted,,,,,1,Clear,0,No,0000000,Not Applicable,19,7:00pm-7:59pm,2,2,19,7:00pm-7:59pm,9,9,99,Unknown,99,Unknown EMS Hospital Arrival Time,,,,,,,1,
2021,24,240049,Maryland,2,1,1,0,0,2,2,17,CHARLES (17),0,NOT APPLICABLE,28,28,2,February,2021,1,Sunday,2,2:00am-2:59am,33,33,1,This section IS ON the NHS,2,Urban,3,Principal Arterial - Other,1,State Highway Agency,2,U.S. Highway,US-301,,256,256,38.65172222,38.65172222,-76.881866670,-76.881866670,0,No Special Jurisdiction,33,Curb,0,The First Harmful Event was Not a Collision with a Motor Vehicle in Transport,0,No,1,Non-Junction,1,Not an Intersection,0,None,,,4,On Roadside,3,Dark - Lighted,,,,,2,Rain,0,No,0000000,Not Applicable,3,3:00am-3:59am,6,6,3,3:00am-3:59am,19,19,88,"Not Applicable (Not Transported) ",88,Not Applicable (Not Transported),,,,,,,1,
2021,24,240050,Maryland,2,2,0,0,0,2,2,21,FREDERICK (21),0,NOT APPLICABLE,8,8,3,March,2021,2,Monday,18,6:00pm-6:59pm,22,22,1,This section IS ON the NHS,2,Urban,1,Interstate,1,State Highway Agency,1,Interstate,I-70,,16,16,39.51879167,39.51879167,-77.598069440,-77.598069440,0,No Special Jurisdiction,12,Motor Vehicle In-Transport,1,Front-to-Rear,0,No,1,Non-Junction,1,Not an Intersection,0,None,,,1,On Roadway,5,Dusk,,,,,1,Clear,0,No,0000000,Not Applicable,18,6:00pm-6:59pm,22,22,18,6:00pm-6:59pm,31,31,88,"Not Applicable (Not Transported) ",88,Not Applicable (Not Transported),,,,,,,1,
2021,24,240051,Maryland,1,1,0,0,0,2,2,33,PRINCE GEORGE`S (33),0,NOT APPLICABLE,9,9,3,March,2021,3,Tuesday,21,9:00pm-9:59pm,49,49,1,This section IS ON the NHS,2,Urban,3,Principal Arterial - Other,1,State Highway Agency,2,U.S. Highway,US-301,,240,240,38.95733889,38.95733889,-76.718780560,-76.718780560,0,No Special Jurisdiction,34,Ditch,0,The First Harmful Event was Not a Collision with a Motor Vehicle in Transport,0,No,1,Non-Junction,1,Not an Intersection,0,None,,,4,On Roadside,3,Dark - Lighted,,,,,1,Clear,0,No,0000000,Not Applicable,21,9:00pm-9:59pm,47,47,21,9:00pm-9:59pm,58,58,22,10:00pm-10:59pm,57,57,,,,,,,1,
2021,24,240052,Maryland,1,1,0,0,0,1,1,3,ANNE ARUNDEL (3),0,NOT APPLICABLE,8,8,3,March,2021,2,Monday,3,3:00am-3:59am,36,36,1,This section IS ON the NHS,2,Urban,3,Principal Arterial - Other,1,State Highway Agency,3,State Highway,SR-2,,35,35,39.14620278,39.14620278,-76.607988890,-76.607988890,0,No Special Jurisdiction,42,Tree (Standing Only),0,The First Harmful Event was Not a Collision with a Motor Vehicle in Transport,0,No,1,Non-Junction,1,Not an Intersection,0,None,,,3,On Median,2,Dark - Not Lighted,,,,,1,Clear,0,No,0000000,Not Applicable,3,3:00am-3:59am,37,37,3,3:00am-3:59am,43,43,88,"Not Applicable (Not Transported) ",88,Not Applicable (Not Transported),,,,,,,1,
2021,24,240053,Maryland,1,1,0,1,1,1,1,31,MONTGOMERY (31),0,NOT APPLICABLE,11,11,3,March,2021,5,Thursday,21,9:00pm-9:59pm,8,8,0,This section IS NOT on the NHS,2,Urban,3,Principal Arterial - Other,1,State Highway Agency,3,State Highway,SR-650,,32,32,39.01724444,39.01724444,-76.977094440,-76.977094440,0,No Special Jurisdiction,8,Pedestrian,0,The First Harmful Event was Not a Collision with a Motor Vehicle in Transport,0,No,1,Non-Junction,1,Not an Intersection,0,None,,,1,On Roadway,2,Dark - Not Lighted,,,,,1,Clear,0,No,0000000,Not Applicable,21,9:00pm-9:59pm,6,6,21,9:00pm-9:59pm,11,11,88,"Not Applicable (Not Transported) ",88,Not Applicable (Not Transported),,,,,,,1,
2021,24,240054,Maryland,1,1,0,1,1,2,2,31,MONTGOMERY (31),0,NOT APPLICABLE,12,12,3,March,2021,6,Friday,21,9:00pm-9:59pm,31,31,1,This section IS ON the NHS,2,Urban,1,Interstate,1,State Highway Agency,1,Interstate,I-270,,109,109,39.13781944,39.13781944,-77.211127780,-77.211127780,0,No Special Jurisdiction,8,Pedestrian,0,The First Harmful Event was Not a Collision with a Motor Vehicle in Transport,0,No,1,Non-Junction,1,Not an Intersection,0,None,,,1,On Roadway,3,Dark - Lighted,,,,,1,Clear,0,No,0000000,Not Applicable,20,8:00pm-8:59pm,57,57,21,9:00pm-9:59pm,3,3,88,"Not Applicable (Not Transported) ",88,Not Applicable (Not Transported),,,,,,,1,
2021,24,240055,Maryland,2,2,0,0,0,2,2,35,QUEEN ANNE`S (35),0,NOT APPLICABLE,12,12,3,March,2021,6,Friday,21,9:00pm-9:59pm,7,7,1,This section IS ON the NHS,2,Urban,2,Principal Arterial - Other Freeways and Expressways,1,State Highway Agency,2,U.S. Highway,US-50,,77,77,38.97028889,38.97028889,-76.244275000,-76.244275000,0,No Special Jurisdiction,12,Motor Vehicle In-Transport,1,Front-to-Rear,0,No,1,Non-Junction,1,Not an Intersection,0,None,,,1,On Roadway,2,Dark - Not Lighted,,,,,98,Not Reported,0,No,0000000,Not Applicable,21,9:00pm-9:59pm,6,6,21,9:00pm-9:59pm,13,13,88,"Not Applicable (Not Transported) ",88,Not Applicable (Not Transported),,,,,,,1,
2021,24,240056,Maryland,1,1,0,1,1,1,1,33,PRINCE GEORGE`S (33),0,NOT APPLICABLE,11,11,3,March,2021,5,Thursday,14,2:00pm-2:59pm,10,10,0,This section IS NOT on the NHS,2,Urban,3,Principal Arterial - Other,1,State Highway Agency,3,State Highway,SR-214,CR-297,2,2,38.88949444,38.88949444,-76.910108330,-76.910108330,0,No Special Jurisdiction,33,Curb,0,The First Harmful Event was Not a Collision with a Motor Vehicle in Transport,0,No,3,Intersection-Related,2,Four-Way Intersection,0,None,,,3,On Median,1,Daylight,,,,,1,Clear,0,No,0000000,Not Applicable,14,2:00pm-2:59pm,8,8,14,2:00pm-2:59pm,16,16,88,"Not Applicable (Not Transported) ",88,Not Applicable (Not Transported),,,,,,,1,
2021,24,240057,Maryland,1,1,0,1,1,1,1,3,ANNE ARUNDEL (3),0,NOT APPLICABLE,11,11,3,March,2021,5,Thursday,16,4:00pm-4:59pm,3,3,0,This section IS NOT on the NHS,2,Urban,4,Minor Arterial,1,State Highway Agency,3,State Highway,SR-3BU,,18,18,39.14345000,39.14345000,-76.631702780,-76.631702780,0,No Special Jurisdiction,8,Pedestrian,0,The First Harmful Event was Not a Collision with a Motor Vehicle in Transport,0,No,1,Non-Junction,1,Not an Intersection,0,None,,,1,On Roadway,1,Daylight,,,,,1,Clear,0,No,0000000,Not Applicable,16,4:00pm-4:59pm,4,4,16,4:00pm-4:59pm,10,10,16,4:00pm-4:59pm,46,46,,,,,,,1,
2021,24,240058,Maryland,2,1,1,0,1,1,2,510,BALTIMORE (CITY) (510),50,BALTIMORE,15,15,3,March,2021,2,Monday,9,9:00am-9:59am,28,28,1,This section IS ON the NHS,2,Urban,3,Principal Arterial - Other,1,State Highway Agency,3,State Highway,SR-695,,9,9,39.20975278,39.20975278,-76.539688890,-76.539688890,0,No Special Jurisdiction,14,Parked Motor Vehicle,0,The First Harmful Event was Not a Collision with a Motor Vehicle in Transport,0,No,1,Non-Junction,1,Not an Intersection,0,None,,,2,On Shoulder,1,Daylight,,,,,1,Clear,0,No,0000000,Not Applicable,9,9:00am-9:59am,40,40,9,9:00am-9:59am,48,48,10,10:00am-10:59am,17,17,,,,,,,1,
2021,24,240059,Maryland,1,1,0,1,1,1,1,33,PRINCE GEORGE`S (33),0,NOT APPLICABLE,13,13,3,March,2021,7,Saturday,7,7:00am-7:59am,37,37,1,This section IS ON the NHS,2,Urban,2,Principal Arterial - Other Freeways and Expressways,1,State Highway Agency,3,State Highway,SR-4,,84,84,38.82555556,38.82555556,-76.853622220,-76.853622220,0,No Special Jurisdiction,8,Pedestrian,0,The First Harmful Event was Not a Collision with a Motor Vehicle in Transport,0,No,1,Non-Junction,1,Not an Intersection,0,None,,,1,On Roadway,2,Dark - Not Lighted,,,,,1,Clear,0,No,0000000,Not Applicable,99,Unknown,99,Unknown,99,Unknown EMS Scene Arrival Hour,99,Unknown EMS Scene Arrival Minutes,88,"Not Applicable (Not Transported) ",88,Not Applicable (Not Transported),,,,,,,1,
2021,24,240060,Maryland,1,1,0,0,0,1,1,3,ANNE ARUNDEL (3),0,NOT APPLICABLE,20,20,3,March,2021,7,Saturday,0,0:00am-0:59am,47,47,0,This section IS NOT on the NHS,2,Urban,4,Minor Arterial,2,County Highway Agency,4,County Road,CR-17,CR-65,12,12,39.21188056,39.21188056,-76.661430560,-76.661430560,0,No Special Jurisdiction,30,Utility Pole/Light Support,0,The First Harmful Event was Not a Collision with a Motor Vehicle in Transport,0,No,3,Intersection-Related,3,T-Intersection,0,None,,,4,On Roadside,3,Dark - Lighted,,,,,1,Clear,0,No,0000000,Not Applicable,0,0:00am-0:59am,45,45,0,0:00am-0:59am,51,51,1,1:00am-1:59am,48,48,,,,,,,1,
2021,24,240061,Maryland,2,2,0,0,0,2,2,21,FREDERICK (21),0,NOT APPLICABLE,23,23,3,March,2021,3,Tuesday,14,2:00pm-2:59pm,55,55,1,This section IS ON the NHS,2,Urban,1,Interstate,1,State Highway Agency,1,Interstate,I-70,,276,276,39.36871944,39.36871944,-77.201358330,-77.201358330,0,No Special Jurisdiction,1,Rollover/Overturn,0,The First Harmful Event was Not a Collision with a Motor Vehicle in Transport,0,No,1,Non-Junction,1,Not an Intersection,0,None,,,3,On Median,1,Daylight,,,,,1,Clear,0,No,0000000,Not Applicable,14,2:00pm-2:59pm,55,55,15,3:00pm-3:59pm,10,10,88,"Not Applicable (Not Transported) ",88,Not Applicable (Not Transported),,,,,,,1,
2021,24,240062,Maryland,1,1,0,0,0,3,3,3,ANNE ARUNDEL (3),0,NOT APPLICABLE,20,20,3,March,2021,7,Saturday,15,3:00pm-3:59pm,15,15,1,This section IS ON the NHS,2,Urban,2,Principal Arterial - Other Freeways and Expressways,1,State Highway Agency,3,State Highway,SR-10,,62,62,39.18980278,39.18980278,-76.603458330,-76.603458330,0,No Special Jurisdiction,42,Tree (Standing Only),0,The First Harmful Event was Not a Collision with a Motor Vehicle in Transport,0,No,1,Non-Junction,1,Not an Intersection,0,None,,,4,On Roadside,1,Daylight,,,,,1,Clear,0,No,0000000,Not Applicable,15,3:00pm-3:59pm,16,16,15,3:00pm-3:59pm,24,24,99,Unknown,99,Unknown EMS Hospital Arrival Time,,,,,,,2,
2021,24,240063,Maryland,1,1,0,0,0,1,1,5,BALTIMORE (5),0,NOT APPLICABLE,15,15,3,March,2021,2,Monday,14,2:00pm-2:59pm,47,47,1,This section IS ON the NHS,2,Urban,1,Interstate,1,State Highway Agency,1,Interstate,I-895,,29,29,39.23237778,39.23237778,-76.650138890,-76.650138890,0,No Special Jurisdiction,21,Bridge Pier or Support,0,The First Harmful Event was Not a Collision with a Motor Vehicle in Transport,0,No,1,Non-Junction,1,Not an Intersection,0,None,,,4,On Roadside,1,Daylight,,,,,1,Clear,0,No,0000000,Not Applicable,14,2:00pm-2:59pm,44,44,15,3:00pm-3:59pm,1,1,88,"Not Applicable (Not Transported) ",88,Not Applicable (Not Transported),,,,,,,1,