caseyear,state,st_case,statename,ve_total,ve_forms,pvh_invl,peds,pernotmvit,permvit,persons,county,countyname,city,cityname,day,dayname,month,monthname,year,day_week,day_weekname,hour,hourname,minute,minutename,nhs,nhsname,rur_urb,rur_urbname,func_sys,func_sysname,rd_owner,rd_ownername,route,routename,tway_id,tway_id2,milept,mileptname,latitude,latitudename,longitud,longitudname,sp_jur,sp_jurname,harm_ev,harm_evname,man_coll,man_collname,reljct1,reljct1name,reljct2,reljct2name,typ_int,typ_intname,wrk_zone,wrk_zonename,road_fnc,road_fncname,rel_road,rel_roadname,lgt_cond,lgt_condname,weather1,weather1name,weather2,weather2name,weather,weathername,sch_bus,sch_busname,rail,railname,not_hour,not_hourname,not_min,not_minname,arr_hour,arr_hourname,arr_min,arr_minname,hosp_hr,hosp_hrname,hosp_mn,hosp_mnname,cf1,cf1name,cf2,cf2name,cf3,cf3name,fatals,drunk_dr
2021,24,240293,Maryland,1,1,0,1,1,1,1,33,PRINCE GEORGE`S (33),320,CHEVERLY,9,9,3,March,2021,3,Tuesday,4,4:00am-4:59am,33,33,1,This section IS ON the NHS,2,Urban,2,Principal Arterial - Other Freeways and Expressways,1,State Highway Agency,3,State Highway,SR-295,,0,None,38.93753333,38.93753333,-76.915158330,-76.915158330,1,National Park Service,8,Pedestrian,0,The First Harmful Event was Not a Collision with a Motor Vehicle in Transport,0,No,1,Non-Junction,1,Not an Intersection,0,None,,,1,On Roadway,2,Dark - Not Lighted,,,,,1,Clear,0,No,0000000,Not Applicable,99,Unknown,99,Unknown,99,Unknown EMS Scene Arrival Hour,99,Unknown EMS Scene Arrival Minutes,88,"Not Applicable (Not Transported) ",88,Not Applicable (Not Transported),,,,,,,1,
2021,24,240294,Maryland,1,1,0,0,0,1,1,27,HOWARD (27),0,NOT APPLICABLE,9,9,9,September,2021,5,Thursday,18,6:00pm-6:59pm,40,40,0,This section IS NOT on the NHS,2,Urban,4,Minor Arterial,1,State Highway Agency,3,State Highway,SR-108,,2,2,39.16647778,39.16647778,-76.973119440,-76.973119440,0,No Special Jurisdiction,30,Utility Pole/Light Support,0,The First Harmful Event was Not a Collision with a Motor Vehicle in Transport,0,No,1,Non-Junction,1,Not an Intersection,0,None,,,4,On Roadside,1,Daylight,,,,,1,Clear,0,No,0000000,Not Applicable,18,6:00pm-6:59pm,39,39,18,6:00pm-6:59pm,48,48,19,7:00pm-7:59pm,24,24,,,,,,,1,
2021,24,240295,Maryland,2,2,0,0,0,2,2,15,CECIL (15),0,NOT APPLICABLE,10,10,9,September,2021,6,Friday,12,12:00pm-12:59pm,4,4,1,This section IS ON the NHS,2,Urban,2,Principal Arterial - Other Freeways and Expressways,1,State Highway Agency,2,U.S. Highway,US-40,,98,98,39.61150833,39.61150833,-75.921355560,-75.921355560,0,No Special Jurisdiction,12,Motor Vehicle In-Transport,6,Angle,0,No,7,"Crossover-Related ",1,Not an Intersection,0,None,,,1,On Roadway,1,Daylight,,,,,1,Clear,0,No,0000000,Not Applicable,12,12:00pm-12:59pm,3,3,99,Unknown EMS Scene Arrival Hour,99,Unknown EMS Scene Arrival Minutes,88,"Not Applicable (Not Transported) ",88,Not Applicable (Not Transported),,,,,,,1,
2021,24,240296,Maryland,2,2,0,0,0,2,2,31,MONTGOMERY (31),0,NOT APPLICABLE,3,3,9,September,2021,6,Friday,10,10:00am-10:59am,2,2,0,This section IS NOT on the NHS,2,Urban,5,Major Collector,2,County Highway Agency,4,County Road,CR-4242,CR-4121,8,8,39.04543056,39.04543056,-77.104930560,-77.104930560,0,No Special Jurisdiction,12,Motor Vehicle In-Transport,6,Angle,0,No,2,Intersection,2,Four-Way Intersection,0,None,,,1,On Roadway,1,Daylight,,,,,1,Clear,0,No,0000000,Not Applicable,10,10:00am-10:59am,1,1,10,10:00am-10:59am,14,14,10,10:00am-10:59am,31,31,,,,,,,1,
2021,24,240297,Maryland,2,2,0,0,0,2,2,31,MONTGOMERY (31),0,NOT APPLICABLE,13,13,9,September,2021,2,Monday,22,10:00pm-10:59pm,15,15,0,This section IS NOT on the NHS,2,Urban,4,Minor Arterial,1,State Highway Agency,4,County Road,CR-4991,UU0,14,14,39.11663333,39.11663333,-77.155319440,-77.155319440,0,No Special Jurisdiction,12,Motor Vehicle In-Transport,6,Angle,0,No,2,Intersection,2,Four-Way Intersection,0,None,,,1,On Roadway,3,Dark - Lighted,,,,,1,Clear,0,No,0000000,Not Applicable,22,10:00pm-10:59pm,26,26,22,10:00pm-10:59pm,33,33,88,"Not Applicable (Not Transported) ",88,Not Applicable (Not Transported),,,,,,,1,
2021,24,240298,Maryland,2,2,0,0,0,2,2,31,MONTGOMERY (31),0,NOT APPLICABLE,10,10,9,September,2021,6,Friday,20,8:00pm-8:59pm,12,12,1,This section IS ON the NHS,2,Urban,2,Principal Arterial - Other Freeways and Expressways,1,State Highway Agency,2,U.S. Highway,US-29,CR-98,77,77,39.07354444,39.07354444,-76.955816670,-76.955816670,0,No Special Jurisdiction,12,Motor Vehicle In-Transport,6,Angle,0,No,2,Intersection,2,Four-Way Intersection,0,None,,,1,On Roadway,3,Dark - Lighted,,,,,1,Clear,0,No,0000000,Not Applicable,20,8:00pm-8:59pm,11,11,20,8:00pm-8:59pm,16,16,99,Unknown,99,Unknown EMS Hospital Arrival Time,,,,,,,1,
2021,24,240299,Maryland,1,1,0,1,1,1,1,31,MONTGOMERY (31),0,NOT APPLICABLE,13,13,9,September,2021,2,Monday,20,8:00pm-8:59pm,59,59,1,This section IS ON the NHS,2,Urban,3,Principal Arterial - Other,1,State Highway Agency,3,State Highway,SR-586,CR-4339,39,39,39.05292778,39.05292778,-77.076972220,-77.076972220,0,No Special Jurisdiction,8,Pedestrian,0,The First Harmful Event was Not a Collision with a Motor Vehicle in Transport,0,No,3,Intersection-Related,2,Four-Way Intersection,0,None,,,1,On Roadway,3,Dark - Lighted,,,,,1,Clear,0,No,0000000,Not Applicable,20,8:00pm-8:59pm,58,58,21,9:00pm-9:59pm,1,1,88,"Not Applicable (Not Transported) ",88,Not Applicable (Not Transported),,,,,,,1,
2021,24,240300,Maryland,1,1,0,1,1,1,1,27,HOWARD (27),0,NOT APPLICABLE,10,10,9,September,2021,6,Friday,2,2:00am-2:59am,32,32,0,This section IS NOT on the NHS,2,Urban,4,Minor Arterial,2,County Highway Agency,4,County Road,CR-1140,,12,12,39.17951111,39.17951111,-76.826638890,-76.826638890,0,No Special Jurisdiction,8,Pedestrian,0,The First Harmful Event was Not a Collision with a Motor Vehicle in Transport,0,No,5,Entrance/Exit Ramp Related,1,Not an Intersection,0,None,,,1,On Roadway,3,Dark - Lighted,,,,,1,Clear,0,No,0000000,Not Applicable,2,2:00am-2:59am,31,31,2,2:00am-2:59am,38,38,3,3:00am-3:59am,3,3,,,,,,,1,
2021,24,240301,Maryland,4,4,0,0,0,7,7,37,ST. MARY`S (37),0,NOT APPLICABLE,31,31,8,August,2021,3,Tuesday,18,6:00pm-6:59pm,47,47,0,This section IS NOT on the NHS,2,Urban,5,Major Collector,2,County Highway Agency,4,County Road,CR-272,CR-756,2,2,38.27458611,38.27458611,-76.468036110,-76.468036110,0,No Special Jurisdiction,12,Motor Vehicle In-Transport,2,Front-to-Front,0,No,3,Intersection-Related,3,T-Intersection,0,None,,,1,On Roadway,1,Daylight,,,,,1,Clear,0,No,0000000,Not Applicable,18,6:00pm-6:59pm,46,46,18,6:00pm-6:59pm,50,50,99,Unknown,99,Unknown EMS Hospital Arrival Time,,,,,,,2,
2021,24,240302,Maryland,2,2,0,0,0,2,2,5,BALTIMORE (5),0,NOT APPLICABLE,15,15,6,June,2021,3,Tuesday,23,11:00pm-11:59pm,41,41,0,This section IS NOT on the NHS,2,Urban,3,Principal Arterial - Other,1,State Highway Agency,3,State Highway,SR-140,,6,6,39.36942222,39.36942222,-76.718194440,-76.718194440,0,No Special Jurisdiction,12,Motor Vehicle In-Transport,6,Angle,0,No,8,Driveway Access Related,1,Not an Intersection,0,None,,,1,On Roadway,3,Dark - Lighted,,,,,1,Clear,0,No,0000000,Not Applicable,23,11:00pm-11:59pm,29,29,23,11:00pm-11:59pm,45,45,0,0:00am-0:59am,3,3,,,,,,,1,
2021,24,240303,Maryland,4,4,0,0,0,8,8,3,ANNE ARUNDEL (3),0,NOT APPLICABLE,11,11,9,September,2021,7,Saturday,15,3:00pm-3:59pm,32,32,1,This section IS ON the NHS,2,Urban,1,Interstate,1,State Highway Agency,1,Interstate,I-97,,121,121,39.13056389,39.13056389,-76.642338890,-76.642338890,0,No Special Jurisdiction,12,Motor Vehicle In-Transport,1,Front-to-Rear,0,No,1,Non-Junction,1,Not an Intersection,0,None,,,1,On Roadway,1,Daylight,,,,,1,Clear,0,No,0000000,Not Applicable,15,3:00pm-3:59pm,27,27,15,3:00pm-3:59pm,37,37,16,4:00pm-4:59pm,15,15,,,,,,,1,
2021,24,240304,Maryland,1,1,0,0,0,1,1,25,HARFORD (25),0,NOT APPLICABLE,23,23,8,August,2021,2,Monday,13,1:00pm-1:59pm,35,35,9,Unknown if this section is on the NHS,6,Trafficway Not in State Inventory,96,Trafficway Not in State Inventory,96,Trafficway Not in State Inventory,9,Unknown,GOLF DR,,0,None,39.44940000,39.44940000,-76.227002780,-76.227002780,9,Unknown,5,Fell/Jumped from Vehicle,0,The First Harmful Event was Not a Collision with a Motor Vehicle in Transport,0,No,1,Non-Junction,1,Not an Intersection,0,None,,,1,On Roadway,1,Daylight,,,,,1,Clear,0,No,0000000,Not Applicable,13,1:00pm-1:59pm,35,35,13,1:00pm-1:59pm,48,48,88,"Not Applicable (Not Transported) ",88,Not Applicable (Not Transported),,,,,,,1,
2021,24,240305,Maryland,1,1,0,0,0,1,1,39,SOMERSET (39),0,NOT APPLICABLE,16,16,9,September,2021,5,Thursday,17,5:00pm-5:59pm,2,2,0,This section IS NOT on the NHS,1,Rural,5,Major Collector,1,State Highway Agency,3,State Highway,SR-364,,5,5,38.08788056,38.08788056,-75.574686110,-75.574686110,0,No Special Jurisdiction,43,Other Fixed Object,0,The First Harmful Event was Not a Collision with a Motor Vehicle in Transport,0,No,1,Non-Junction,1,Not an Intersection,0,None,,,4,On Roadside,1,Daylight,,,,,1,Clear,0,No,0000000,Not Applicable,16,4:00pm-4:59pm,53,53,17,5:00pm-5:59pm,1,1,88,"Not Applicable (Not Transported) ",88,Not Applicable (Not Transported),,,,,,,1,
2021,24,240306,Maryland,1,1,0,0,0,1,1,47,WORCESTER (47),0,NOT APPLICABLE,15,15,9,September,2021,4,Wednesday,16,4:00pm-4:59pm,46,46,1,This section IS ON the NHS,1,Rural,3,Principal Arterial - Other,1,State Highway Agency,2,U.S. Highway,US-113,,374,374,38.45048056,38.45048056,-75.232886110,-75.232886110,0,No Special Jurisdiction,24,Guardrail Face,0,The First Harmful Event was Not a Collision with a Motor Vehicle in Transport,0,No,1,Non-Junction,1,Not an Intersection,0,None,,,4,On Roadside,1,Daylight,,,,,1,Clear,0,No,0000000,Not Applicable,99,Unknown,99,Unknown,99,Unknown EMS Scene Arrival Hour,99,Unknown EMS Scene Arrival Minutes,99,Unknown,99,Unknown EMS Hospital Arrival Time,,,,,,,1,
2021,24,240307,Maryland,2,2,0,0,0,3,3,510,BALTIMORE (CITY) (510),50,BALTIMORE,17,17,1,January,2021,1,Sunday,22,10:00pm-10:59pm,59,59,0,This section IS NOT on the NHS,2,Urban,4,Minor Arterial,4,City or Municipal Highway Agency,6,Local Street - Municipality,MU-2915,CARLVIEW RD,12,12,39.32621111,39.32621111,-76.696666670,-76.696666670,0,No Special Jurisdiction,12,Motor Vehicle In-Transport,6,Angle,0,No,2,Intersection,3,T-Intersection,0,None,,,1,On Roadway,3,Dark - Lighted,,,,,1,Clear,0,No,0000000,Not Applicable,99,Unknown,99,Unknown,99,Unknown EMS Scene Arrival Hour,99,Unknown EMS Scene Arrival Minutes,99,Unknown,99,Unknown EMS Hospital Arrival Time,,,,,,,1,
2021,24,240308,Maryland,1,1,0,0,0,1,1,37,ST. MARY`S (37),0,NOT APPLICABLE,11,11,9,September,2021,7,Saturday,18,6:00pm-6:59pm,45,45,0,This section IS NOT on the NHS,2,Urban,5,Major Collector,1,State Highway Agency,3,State Highway,SR-245,,26,26,38.32396944,38.32396944,-76.608555560,-76.608555560,0,No Special Jurisdiction,53,Mail Box,0,The First Harmful Event was Not a Collision with a Motor Vehicle in Transport,0,No,1,Non-Junction,1,Not an Intersection,0,None,,,4,On Roadside,1,Daylight,,,,,1,Clear,0,No,0000000,Not Applicable,18,6:00pm-6:59pm,47,47,18,6:00pm-6:59pm,53,53,88,"Not Applicable (Not Transported) ",88,Not Applicable (Not Transported),,,,,,,1,
2021,24,240309,Maryland,2,1,1,0,0,2,2,21,FREDERICK (21),0,NOT APPLICABLE,29,29,8,August,2021,1,Sunday,0,0:00am-0:59am,9,9,0,This section IS NOT on the NHS,1,Rural,4,Minor Arterial,1,State Highway Agency,3,State Highway,SR-144FA,,56,56,39.41260278,39.41260278,-77.421263890,-77.421263890,0,No Special Jurisdiction,33,Curb,0,The First Harmful Event was Not a Collision with a Motor Vehicle in Transport,0,No,1,Non-Junction,1,Not an Intersection,0,None,,,4,On Roadside,3,Dark - Lighted,,,,,2,Rain,0,No,0000000,Not Applicable,0,0:00am-0:59am,9,9,0,0:00am-0:59am,17,17,0,0:00am-0:59am,47,47,,,,,,,1,
2021,24,240310,Maryland,1,1,0,1,1,1,1,27,HOWARD (27),0,NOT APPLICABLE,9,9,9,September,2021,5,Thursday,0,0:00am-0:59am,2,2,1,This section IS ON the NHS,2,Urban,2,Principal Arterial - Other Freeways and Expressways,1,State Highway Agency,2,U.S. Highway,US-29,,118,118,39.27087222,39.27087222,-76.818238890,-76.818238890,0,No Special Jurisdiction,8,Pedestrian,0,The First Harmful Event was Not a Collision with a Motor Vehicle in Transport,0,No,1,Non-Junction,1,Not an Intersection,0,None,,,1,On Roadway,2,Dark - Not Lighted,,,,,10,Cloudy,0,No,0000000,Not Applicable,99,Unknown,99,Unknown,99,Unknown EMS Scene Arrival Hour,99,Unknown EMS Scene Arrival Minutes,88,"Not Applicable (Not Transported) ",88,Not Applicable (Not Transported),,,,,,,1,
2021,24,240311,Maryland,1,1,0,0,0,1,1,45,WICOMICO (45),0,NOT APPLICABLE,31,31,8,August,2021,3,Tuesday,15,3:00pm-3:59pm,51,51,1,This section IS ON the NHS,2,Urban,3,Principal Arterial - Other,2,County Highway Agency,2,U.S. Highway,US-13BU,,65,65,38.38067222,38.38067222,-75.588116670,-75.588116670,0,No Special Jurisdiction,23,Bridge Rail (Includes parapet),0,The First Harmful Event was Not a Collision with a Motor Vehicle in Transport,0,No,1,Non-Junction,1,Not an Intersection,0,None,,,3,On Median,1,Daylight,,,,,1,Clear,0,No,0000000,Not Applicable,15,3:00pm-3:59pm,48,48,15,3:00pm-3:59pm,53,53,88,"Not Applicable (Not Transported) ",88,Not Applicable (Not Transported),,,,,,,1,
2021,24,240312,Maryland,2,2,0,0,0,5,5,25,HARFORD (25),0,NOT APPLICABLE,29,29,8,August,2021,1,Sunday,2,2:00am-2:59am,32,32,0,This section IS NOT on the NHS,1,Rural,7,Local,1,State Highway Agency,4,County Road,CR-507,,17,17,39.41543611,39.41543611,-76.319822220,-76.319822220,0,No Special Jurisdiction,12,Motor Vehicle In-Transport,6,Angle,0,No,1,Non-Junction,1,Not an Intersection,0,None,,,1,On Roadway,2,Dark - Not Lighted,,,,,1,Clear,0,No,0000000,Not Applicable,2,2:00am-2:59am,32,32,2,2:00am-2:59am,45,45,3,3:00am-3:59am,29,29,,,,,,,1,
2021,24,240313,Maryland,1,1,0,1,1,2,2,25,HARFORD (25),0,NOT APPLICABLE,20,20,8,August,2021,6,Friday,23,11:00pm-11:59pm,16,16,1,This section IS ON the NHS,2,Urban,3,Principal Arterial - Other,1,State Highway Agency,2,U.S. Highway,US-40,MU-290,122,122,39.49896389,39.49896389,-76.172036110,-76.172036110,0,No Special Jurisdiction,8,Pedestrian,0,The First Harmful Event was Not a Collision with a Motor Vehicle in Transport,0,No,3,Intersection-Related,3,T-Intersection,0,None,,,1,On Roadway,3,Dark - Lighted,,,,,1,Clear,0,No,0000000,Not Applicable,23,11:00pm-11:59pm,16,16,23,11:00pm-11:59pm,21,21,88,"Not Applicable (Not Transported) ",88,Not Applicable (Not Transported),,,,,,,1,
2021,24,240314,Maryland,5,5,0,0,0,5,5,5,BALTIMORE (5),0,NOT APPLICABLE,17,17,9,September,2021,6,Friday,14,2:00pm-2:59pm,37,37,1,This section IS ON the NHS,2,Urban,1,Interstate,1,State Highway Agency,1,Interstate,I-695,,4,4,39.23549444,39.23549444,-76.667552780,-76.667552780,0,No Special Jurisdiction,24,Guardrail Face,0,The First Harmful Event was Not a Collision with a Motor Vehicle in Transport,0,No,1,Non-Junction,1,Not an Intersection,0,None,,,4,On Roadside,1,Daylight,,,,,10,Cloudy,0,No,0000000,Not Applicable,14,2:00pm-2:59pm,32,32,14,2:00pm-2:59pm,55,55,15,3:00pm-3:59pm,10,10,,,,,,,1,
2021,24,240315,Maryland,2,2,0,0,0,2,2,27,HOWARD (27),0,NOT APPLICABLE,19,19,9,September,2021,1,Sunday,20,8:00pm-8:59pm,55,55,1,This section IS ON the NHS,1,Rural,1,Interstate,1,State Highway Agency,1,Interstate,I-70,,107,107,39.30738611,39.30738611,-76.940263890,-76.940263890,0,No Special Jurisdiction,12,Motor Vehicle In-Transport,1,Front-to-Rear,0,No,1,Non-Junction,1,Not an Intersection,0,None,,,1,On Roadway,2,Dark - Not Lighted,,,,,1,Clear,0,No,0000000,Not Applicable,20,8:00pm-8:59pm,53,53,21,9:00pm-9:59pm,3,3,21,9:00pm-9:59pm,31,31,,,,,,,1,
2021,24,240316,Maryland,1,1,0,1,1,1,1,41,TALBOT (41),0,NOT APPLICABLE,7,7,9,September,2021,3,Tuesday,15,3:00pm-3:59pm,20,20,1,This section IS ON the NHS,2,Urban,3,Principal Arterial - Other,1,State Highway Agency,2,U.S. Highway,US-50,,227,227,38.61043889,38.61043889,-76.046613890,-76.046613890,0,No Special Jurisdiction,9,Pedalcyclist,0,The First Harmful Event was Not a Collision with a Motor Vehicle in Transport,0,No,1,Non-Junction,1,Not an Intersection,0,None,,,1,On Roadway,1,Daylight,,,,,1,Clear,0,No,0000000,Not Applicable,15,3:00pm-3:59pm,13,13,15,3:00pm-3:59pm,21,21,88,"Not Applicable (Not Transported) ",88,Not Applicable (Not Transported),,,,,,,1,
2021,24,240317,Maryland,1,1,0,0,0,1,1,3,ANNE ARUNDEL (3),0,NOT APPLICABLE,20,20,9,September,2021,2,Monday,14,2:00pm-2:59pm,52,52,0,This section IS NOT on the NHS,2,Urban,3,Principal Arterial - Other,1,State Highway Agency,3,State Highway,SR-100,,119,119,39.12085833,39.12085833,-76.571594440,-76.571594440,0,No Special Jurisdiction,42,Tree (Standing Only),0,The First Harmful Event was Not a Collision with a Motor Vehicle in Transport,0,No,1,Non-Junction,1,Not an Intersection,0,None,,,4,On Roadside,1,Daylight,,,,,1,Clear,0,No,0000000,Not Applicable,14,2:00pm-2:59pm,52,52,15,3:00pm-3:59pm,0,0,88,"Not Applicable (Not Transported) ",88,Not Applicable (Not Transported),,,,,,,1,
2021,24,240318,Maryland,1,1,0,0,0,1,1,33,PRINCE GEORGE`S (33),0,NOT APPLICABLE,17,17,9,September,2021,6,Friday,1,1:00am-1:59am,23,23,0,This section IS NOT on the NHS,1,Rural,6,Minor Collector,2,County Highway Agency,4,County Road,CR-225,,10,10,38.70420000,38.70420000,-76.915613890,-76.915613890,0,No Special Jurisdiction,42,Tree (Standing Only),0,The First Harmful Event was Not a Collision with a Motor Vehicle in Transport,0,No,1,Non-Junction,1,Not an Intersection,0,None,,,4,On Roadside,2,Dark - Not Lighted,,,,,1,Clear,0,No,0000000,Not Applicable,1,1:00am-1:59am,24,24,1,1:00am-1:59am,33,33,88,"Not Applicable (Not Transported) ",88,Not Applicable (Not Transported),,,,,,,1,
2021,24,240319,Maryland,1,1,0,0,0,1,1,47,WORCESTER (47),0,NOT APPLICABLE,17,17,9,September,2021,6,Friday,17,5:00pm-5:59pm,56,56,1,This section IS ON the NHS,1,Rural,3,Principal Arterial - Other,1,State Highway Agency,2,U.S. Highway,US-113,,329,329,38.38707778,38.38707778,-75.203775000,-75.203775000,0,No Special Jurisdiction,24,Guardrail Face,0,The First Harmful Event was Not a Collision with a Motor Vehicle in Transport,0,No,1,Non-Junction,1,Not an Intersection,0,None,,,3,On Median,1,Daylight,,,,,10,Cloudy,0,No,0000000,Not Applicable,17,5:00pm-5:59pm,53,53,18,6:00pm-6:59pm,0,0,88,"Not Applicable (Not Transported) ",88,Not Applicable (Not Transported),,,,,,,1,
2021,24,240320,Maryland,3,3,0,0,0,4,4,43,WASHINGTON (43),0,NOT APPLICABLE,21,21,9,September,2021,3,Tuesday,7,7:00am-7:59am,59,59,1,This section IS ON the NHS,1,Rural,1,Interstate,1,State Highway Agency,1,Interstate,I-68,,45,45,39.70449167,39.70449167,-78.258327780,-78.258327780,0,No Special Jurisdiction,12,Motor Vehicle In-Transport,1,Front-to-Rear,0,No,1,Non-Junction,1,Not an Intersection,0,None,,,1,On Roadway,1,Daylight,,,,,10,Cloudy,0,No,0000000,Not Applicable,7,7:00am-7:59am,54,54,8,8:00am-8:59am,7,7,88,"Not Applicable (Not Transported) ",88,Not Applicable (Not Transported),,,,,,,1,
2021,24,240322,Maryland,1,1,0,0,0,1,1,31,MONTGOMERY (31),0,NOT APPLICABLE,16,16,9,September,2021,5,Thursday,12,12:00pm-12:59pm,30,30,0,This section IS NOT on the NHS,1,Rural,5,Major Collector,1,State Highway Agency,4,County Road,CR-237,,0,None,39.22732778,39.22732778,-77.406625000,-77.406625000,0,No Special Jurisdiction,38,Fence,0,The First Harmful Event was Not a Collision with a Motor Vehicle in Transport,0,No,1,Non-Junction,1,Not an Intersection,0,None,,,4,On Roadside,1,Daylight,,,,,1,Clear,0,No,0000000,Not Applicable,99,Unknown,99,Unknown,99,Unknown EMS Scene Arrival Hour,99,Unknown EMS Scene Arrival Minutes,88,"Not Applicable (Not Transported) ",88,Not Applicable (Not Transported),,,,,,,1,
2021,24,240323,Maryland,1,1,0,1,1,1,1,5,BALTIMORE (5),0,NOT APPLICABLE,24,24,9,September,2021,6,Friday,2,2:00am-2:59am,49,49,1,This section IS ON the NHS,2,Urban,1,Interstate,1,State Highway Agency,1,Interstate,I-83,,10,10,39.39839167,39.39839167,-76.664713890,-76.664713890,0,No Special Jurisdiction,8,Pedestrian,0,The First Harmful Event was Not a Collision with a Motor Vehicle in Transport,0,No,1,Non-Junction,1,Not an Intersection,0,None,,,1,On Roadway,2,Dark - Not Lighted,,,,,1,Clear,0,No,0000000,Not Applicable,3,3:00am-3:59am,13,13,3,3:00am-3:59am,31,31,88,"Not Applicable (Not Transported) ",88,Not Applicable (Not Transported),,,,,,,1,
2021,24,240324,Maryland,2,2,0,0,0,3,3,1,ALLEGANY (1),0,NOT APPLICABLE,26,26,9,September,2021,1,Sunday,14,2:00pm-2:59pm,18,18,1,This section IS ON the NHS,2,Urban,1,Interstate,1,State Highway Agency,1,Interstate,I-68,,195,195,39.69485556,39.69485556,-78.644222220,-78.644222220,0,No Special Jurisdiction,12,Motor Vehicle In-Transport,1,Front-to-Rear,0,No,1,Non-Junction,1,Not an Intersection,0,None,,,1,On Roadway,1,Daylight,,,,,1,Clear,0,No,0000000,Not Applicable,14,2:00pm-2:59pm,16,16,14,2:00pm-2:59pm,24,24,99,Unknown,99,Unknown EMS Hospital Arrival Time,,,,,,,1,
2021,24,240325,Maryland,1,1,0,0,0,1,1,11,CAROLINE (11),0,NOT APPLICABLE,28,28,9,September,2021,3,Tuesday,0,0:00am-0:59am,8,8,0,This section IS NOT on the NHS,2,Urban,5,Major Collector,1,State Highway Agency,3,State Highway,SR-318,,23,23,38.90374167,38.90374167,-75.779586110,-75.779586110,0,No Special Jurisdiction,35,Embankment,0,The First Harmful Event was Not a Collision with a Motor Vehicle in Transport,0,No,1,Non-Junction,1,Not an Intersection,0,None,,,4,On Roadside,2,Dark - Not Lighted,,,,,1,Clear,0,No,0000000,Not Applicable,99,Unknown,99,Unknown,99,Unknown EMS Scene Arrival Hour,99,Unknown EMS Scene Arrival Minutes,88,"Not Applicable (Not Transported) ",88,Not Applicable (Not Transported),,,,,,,1,
2021,24,240326,Maryland,2,2,0,0,0,2,2,33,PRINCE GEORGE`S (33),0,NOT APPLICABLE,26,26,9,September,2021,1,Sunday,14,2:00pm-2:59pm,24,24,0,This section IS NOT on the NHS,2,Urban,3,Principal Arterial - Other,1,State Highway Agency,3,State Highway,SR-650,NORTHHAMPTON DR,32,32,39.00685000,39.00685000,-76.980333330,-76.980333330,0,No Special Jurisdiction,12,Motor Vehicle In-Transport,6,Angle,0,No,2,Intersection,2,Four-Way Intersection,0,None,,,1,On Roadway,1,Daylight,,,,,1,Clear,0,No,0000000,Not Applicable,14,2:00pm-2:59pm,24,24,14,2:00pm-2:59pm,31,31,14,2:00pm-2:59pm,50,50,,,,,,,1,
2021,24,240327,Maryland,2,2,0,0,0,2,2,33,PRINCE GEORGE`S (33),0,NOT APPLICABLE,29,29,9,September,2021,4,Wednesday,17,5:00pm-5:59pm,17,17,0,This section IS NOT on the NHS,2,Urban,5,Major Collector,2,County Highway Agency,4,County Road,CR-5068,ANNAPOLIS RD,0,None,38.97400556,38.97400556,-76.773000000,-76.773000000,0,No Special Jurisdiction,12,Motor Vehicle In-Transport,6,Angle,0,No,2,Intersection,3,T-Intersection,0,None,,,1,On Roadway,1,Daylight,,,,,1,Clear,0,No,0000000,Not Applicable,17,5:00pm-5:59pm,17,17,17,5:00pm-5:59pm,21,21,17,5:00pm-5:59pm,43,43,,,,,,,1,
2021,24,240328,Maryland,1,1,0,1,1,2,2,5,BALTIMORE (5),0,NOT APPLICABLE,1,1,9,September,2021,4,Wednesday,9,9:00am-9:59am,32,32,0,This section IS NOT on the NHS,1,Rural,4,Minor Arterial,1,State Highway Agency,4,County Road,CR-7297,,23,23,39.44926667,39.44926667,-76.785105560,-76.785105560,0,No Special Jurisdiction,8,Pedestrian,0,The First Harmful Event was Not a Collision with a Motor Vehicle in Transport,0,No,1,Non-Junction,1,Not an Intersection,0,None,,,1,On Roadway,1,Daylight,,,,,2,Rain,0,No,0000000,Not Applicable,9,9:00am-9:59am,30,30,9,9:00am-9:59am,35,35,10,10:00am-10:59am,11,11,,,,,,,1,
2021,24,240329,Maryland,1,1,0,0,0,1,1,45,WICOMICO (45),0,NOT APPLICABLE,12,12,9,September,2021,1,Sunday,20,8:00pm-8:59pm,47,47,0,This section IS NOT on the NHS,2,Urban,5,Major Collector,1,State Highway Agency,3,State Highway,SR-313,,23,23,38.49286389,38.49286389,-75.753447220,-75.753447220,0,No Special Jurisdiction,24,Guardrail Face,0,The First Harmful Event was Not a Collision with a Motor Vehicle in Transport,0,No,1,Non-Junction,1,Not an Intersection,0,None,,,4,On Roadside,6,Dark - Unknown Lighting,,,,,1,Clear,0,No,0000000,Not Applicable,20,8:00pm-8:59pm,45,45,20,8:00pm-8:59pm,56,56,88,"Not Applicable (Not Transported) ",88,Not Applicable (Not Transported),,,,,,,1,
2021,24,240330,Maryland,1,1,0,0,0,1,1,3,ANNE ARUNDEL (3),0,NOT APPLICABLE,29,29,9,September,2021,4,Wednesday,5,5:00am-5:59am,9,9,1,This section IS ON the NHS,2,Urban,1,Interstate,1,State Highway Agency,1,Interstate,I-97,,97,97,39.09291389,39.09291389,-76.628236110,-76.628236110,0,No Special Jurisdiction,31,"Post, Pole or Other Supports",0,The First Harmful Event was Not a Collision with a Motor Vehicle in Transport,1,Yes,20,Entrance/Exit Ramp,1,Not an Intersection,0,None,,,1,On Roadway,2,Dark - Not Lighted,,,,,1,Clear,0,No,0000000,Not Applicable,5,5:00am-5:59am,5,5,5,5:00am-5:59am,17,17,88,"Not Applicable (Not Transported) ",88,Not Applicable (Not Transported),,,,,,,1,