caseyear,state,st_case,statename,ve_total,ve_forms,pvh_invl,peds,pernotmvit,permvit,persons,county,countyname,city,cityname,day,dayname,month,monthname,year,day_week,day_weekname,hour,hourname,minute,minutename,nhs,nhsname,rur_urb,rur_urbname,func_sys,func_sysname,rd_owner,rd_ownername,route,routename,tway_id,tway_id2,milept,mileptname,latitude,latitudename,longitud,longitudname,sp_jur,sp_jurname,harm_ev,harm_evname,man_coll,man_collname,reljct1,reljct1name,reljct2,reljct2name,typ_int,typ_intname,wrk_zone,wrk_zonename,road_fnc,road_fncname,rel_road,rel_roadname,lgt_cond,lgt_condname,weather1,weather1name,weather2,weather2name,weather,weathername,sch_bus,sch_busname,rail,railname,not_hour,not_hourname,not_min,not_minname,arr_hour,arr_hourname,arr_min,arr_minname,hosp_hr,hosp_hrname,hosp_mn,hosp_mnname,cf1,cf1name,cf2,cf2name,cf3,cf3name,fatals,drunk_dr
2021,24,240331,Maryland,1,1,0,0,0,1,1,15,CECIL (15),0,NOT APPLICABLE,2,2,10,October,2021,7,Saturday,20,8:00pm-8:59pm,34,34,1,This section IS ON the NHS,2,Urban,1,Interstate,1,State Highway Agency,1,Interstate,I-95,,24,24,39.58662500,39.58662500,-76.076794440,-76.076794440,0,No Special Jurisdiction,43,Other Fixed Object,0,The First Harmful Event was Not a Collision with a Motor Vehicle in Transport,0,No,1,Non-Junction,1,Not an Intersection,4,"Work Zone, Type Unknown",,,1,On Roadway,2,Dark - Not Lighted,,,,,1,Clear,0,No,0000000,Not Applicable,20,8:00pm-8:59pm,33,33,20,8:00pm-8:59pm,42,42,88,"Not Applicable (Not Transported) ",88,Not Applicable (Not Transported),,,,,,,1,
2021,24,240332,Maryland,2,2,0,0,0,2,2,17,CHARLES (17),0,NOT APPLICABLE,1,1,10,October,2021,6,Friday,15,3:00pm-3:59pm,24,24,0,This section IS NOT on the NHS,2,Urban,6,Minor Collector,2,County Highway Agency,4,County Road,CR-69,,25,25,38.60244722,38.60244722,-76.777744440,-76.777744440,0,No Special Jurisdiction,12,Motor Vehicle In-Transport,6,Angle,0,No,8,Driveway Access Related,1,Not an Intersection,0,None,,,1,On Roadway,1,Daylight,,,,,1,Clear,0,No,0000000,Not Applicable,13,1:00pm-1:59pm,24,24,13,1:00pm-1:59pm,29,29,88,"Not Applicable (Not Transported) ",88,Not Applicable (Not Transported),,,,,,,1,
2021,24,240333,Maryland,1,1,0,1,1,1,1,1,ALLEGANY (1),0,NOT APPLICABLE,21,21,2,February,2021,1,Sunday,18,6:00pm-6:59pm,52,52,0,This section IS NOT on the NHS,2,Urban,5,Major Collector,1,State Highway Agency,2,U.S. Highway,US-40AL,,10,10,39.66346667,39.66346667,-78.933858330,-78.933858330,0,No Special Jurisdiction,8,Pedestrian,0,The First Harmful Event was Not a Collision with a Motor Vehicle in Transport,0,No,1,Non-Junction,1,Not an Intersection,0,None,,,1,On Roadway,3,Dark - Lighted,,,,,1,Clear,0,No,0000000,Not Applicable,18,6:00pm-6:59pm,51,51,18,6:00pm-6:59pm,54,54,99,Unknown,99,Unknown EMS Hospital Arrival Time,,,,,,,1,
2021,24,240334,Maryland,2,2,0,0,0,2,2,17,CHARLES (17),0,NOT APPLICABLE,2,2,10,October,2021,7,Saturday,8,8:00am-8:59am,45,45,0,This section IS NOT on the NHS,2,Urban,5,Major Collector,2,County Highway Agency,4,County Road,CR-1955,,0,None,38.62293611,38.62293611,-77.059033330,-77.059033330,0,No Special Jurisdiction,12,Motor Vehicle In-Transport,2,Front-to-Front,0,No,1,Non-Junction,1,Not an Intersection,0,None,,,1,On Roadway,1,Daylight,,,,,1,Clear,0,No,0000000,Not Applicable,8,8:00am-8:59am,45,45,8,8:00am-8:59am,51,51,88,"Not Applicable (Not Transported) ",88,Not Applicable (Not Transported),,,,,,,1,
2021,24,240335,Maryland,1,1,0,0,0,1,1,5,BALTIMORE (5),0,NOT APPLICABLE,6,6,9,September,2021,2,Monday,19,7:00pm-7:59pm,21,21,0,This section IS NOT on the NHS,1,Rural,7,Local,2,County Highway Agency,4,County Road,CR-64,,0,None,39.33603056,39.33603056,-76.456872220,-76.456872220,0,No Special Jurisdiction,24,Guardrail Face,0,The First Harmful Event was Not a Collision with a Motor Vehicle in Transport,0,No,1,Non-Junction,1,Not an Intersection,0,None,,,4,On Roadside,2,Dark - Not Lighted,,,,,98,Not Reported,0,No,0000000,Not Applicable,99,Unknown,99,Unknown,99,Unknown EMS Scene Arrival Hour,99,Unknown EMS Scene Arrival Minutes,99,Unknown,99,Unknown EMS Hospital Arrival Time,,,,,,,1,
2021,24,240336,Maryland,2,2,0,0,0,2,2,5,BALTIMORE (5),0,NOT APPLICABLE,22,22,5,May,2021,7,Saturday,17,5:00pm-5:59pm,38,38,0,This section IS NOT on the NHS,1,Rural,5,Major Collector,1,State Highway Agency,3,State Highway,SR-439,,14,14,39.69489444,39.69489444,-76.618700000,-76.618700000,0,No Special Jurisdiction,12,Motor Vehicle In-Transport,2,Front-to-Front,0,No,1,Non-Junction,1,Not an Intersection,0,None,,,4,On Roadside,1,Daylight,,,,,1,Clear,0,No,0000000,Not Applicable,17,5:00pm-5:59pm,35,35,17,5:00pm-5:59pm,42,42,99,Unknown,99,Unknown EMS Hospital Arrival Time,,,,,,,1,
2021,24,240337,Maryland,1,1,0,0,0,1,1,33,PRINCE GEORGE`S (33),0,NOT APPLICABLE,3,3,10,October,2021,1,Sunday,21,9:00pm-9:59pm,11,11,0,This section IS NOT on the NHS,2,Urban,5,Major Collector,2,County Highway Agency,4,County Road,CR-3668,MU-641,16,16,38.91647500,38.91647500,-76.911250000,-76.911250000,0,No Special Jurisdiction,33,Curb,0,The First Harmful Event was Not a Collision with a Motor Vehicle in Transport,0,No,3,Intersection-Related,3,T-Intersection,0,None,,,4,On Roadside,6,Dark - Unknown Lighting,,,,,1,Clear,0,No,0000000,Not Applicable,21,9:00pm-9:59pm,11,11,21,9:00pm-9:59pm,34,34,88,"Not Applicable (Not Transported) ",88,Not Applicable (Not Transported),,,,,,,1,
2021,24,240338,Maryland,1,1,0,0,0,1,1,3,ANNE ARUNDEL (3),0,NOT APPLICABLE,7,7,10,October,2021,5,Thursday,14,2:00pm-2:59pm,43,43,1,This section IS ON the NHS,2,Urban,3,Principal Arterial - Other,1,State Highway Agency,3,State Highway,SR-2,,248,248,39.02557778,39.02557778,-76.501072220,-76.501072220,0,No Special Jurisdiction,42,Tree (Standing Only),0,The First Harmful Event was Not a Collision with a Motor Vehicle in Transport,0,No,1,Non-Junction,1,Not an Intersection,0,None,,,3,On Median,1,Daylight,,,,,1,Clear,0,No,0000000,Not Applicable,14,2:00pm-2:59pm,42,42,14,2:00pm-2:59pm,47,47,15,3:00pm-3:59pm,9,9,,,,,,,1,
2021,24,240339,Maryland,2,2,0,0,0,2,2,3,ANNE ARUNDEL (3),0,NOT APPLICABLE,30,30,9,September,2021,5,Thursday,18,6:00pm-6:59pm,47,47,0,This section IS NOT on the NHS,2,Urban,6,Minor Collector,2,County Highway Agency,4,County Road,CR-360,CR-362,2,2,39.22795278,39.22795278,-76.609055560,-76.609055560,0,No Special Jurisdiction,12,Motor Vehicle In-Transport,6,Angle,0,No,2,Intersection,2,Four-Way Intersection,0,None,,,1,On Roadway,1,Daylight,,,,,98,Not Reported,0,No,0000000,Not Applicable,18,6:00pm-6:59pm,47,47,18,6:00pm-6:59pm,59,59,19,7:00pm-7:59pm,20,20,,,,,,,1,
2021,24,240340,Maryland,1,1,0,1,1,1,1,33,PRINCE GEORGE`S (33),0,NOT APPLICABLE,3,3,10,October,2021,1,Sunday,19,7:00pm-7:59pm,21,21,0,This section IS NOT on the NHS,2,Urban,3,Principal Arterial - Other,1,State Highway Agency,3,State Highway,SR-214,,51,51,38.89902778,38.89902778,-76.827777780,-76.827777780,0,No Special Jurisdiction,8,Pedestrian,0,The First Harmful Event was Not a Collision with a Motor Vehicle in Transport,0,No,1,Non-Junction,1,Not an Intersection,0,None,,,1,On Roadway,3,Dark - Lighted,,,,,1,Clear,0,No,0000000,Not Applicable,19,7:00pm-7:59pm,17,17,19,7:00pm-7:59pm,23,23,88,"Not Applicable (Not Transported) ",88,Not Applicable (Not Transported),,,,,,,1,
2021,24,240341,Maryland,2,2,0,0,0,2,2,33,PRINCE GEORGE`S (33),0,NOT APPLICABLE,10,10,10,October,2021,1,Sunday,18,6:00pm-6:59pm,42,42,1,This section IS ON the NHS,2,Urban,2,Principal Arterial - Other Freeways and Expressways,1,State Highway Agency,3,State Highway,SR-5,CR-2951,50,50,38.72795278,38.72795278,-76.881236110,-76.881236110,0,No Special Jurisdiction,12,Motor Vehicle In-Transport,6,Angle,0,No,2,Intersection,2,Four-Way Intersection,0,None,,,1,On Roadway,3,Dark - Lighted,,,,,10,Cloudy,0,No,0000000,Not Applicable,18,6:00pm-6:59pm,39,39,18,6:00pm-6:59pm,47,47,18,6:00pm-6:59pm,57,57,,,,,,,1,
2021,24,240342,Maryland,1,1,0,1,1,2,2,15,CECIL (15),0,NOT APPLICABLE,9,9,10,October,2021,7,Saturday,21,9:00pm-9:59pm,49,49,0,This section IS NOT on the NHS,2,Urban,4,Minor Arterial,1,State Highway Agency,3,State Highway,SR-272,,134,134,39.62648056,39.62648056,-75.951780560,-75.951780560,0,No Special Jurisdiction,8,Pedestrian,0,The First Harmful Event was Not a Collision with a Motor Vehicle in Transport,0,No,1,Non-Junction,1,Not an Intersection,0,None,,,1,On Roadway,3,Dark - Lighted,,,,,1,Clear,0,No,0000000,Not Applicable,21,9:00pm-9:59pm,47,47,21,9:00pm-9:59pm,44,44,88,"Not Applicable (Not Transported) ",88,Not Applicable (Not Transported),,,,,,,1,
2021,24,240343,Maryland,2,2,0,0,0,4,4,15,CECIL (15),0,NOT APPLICABLE,10,10,10,October,2021,1,Sunday,2,2:00am-2:59am,1,1,0,This section IS NOT on the NHS,2,Urban,4,Minor Arterial,1,State Highway Agency,3,State Highway,SR-272,,134,134,39.62878889,39.62878889,-75.953363890,-75.953363890,0,No Special Jurisdiction,12,Motor Vehicle In-Transport,2,Front-to-Front,0,No,1,Non-Junction,1,Not an Intersection,0,None,,,1,On Roadway,2,Dark - Not Lighted,,,,,2,Rain,0,No,0000000,Not Applicable,2,2:00am-2:59am,2,2,2,2:00am-2:59am,6,6,99,Unknown,99,Unknown EMS Hospital Arrival Time,,,,,,,1,
2021,24,240344,Maryland,2,2,0,0,0,3,3,33,PRINCE GEORGE`S (33),0,NOT APPLICABLE,2,2,10,October,2021,7,Saturday,5,5:00am-5:59am,20,20,1,This section IS ON the NHS,2,Urban,1,Interstate,1,State Highway Agency,1,Interstate,I-495,,0,None,39.01870000,39.01870000,-76.968072220,-76.968072220,0,No Special Jurisdiction,12,Motor Vehicle In-Transport,1,Front-to-Rear,0,No,1,Non-Junction,1,Not an Intersection,0,None,,,1,On Roadway,3,Dark - Lighted,,,,,1,Clear,0,No,0000000,Not Applicable,4,4:00am-4:59am,35,35,4,4:00am-4:59am,45,45,5,5:00am-5:59am,46,46,,,,,,,1,
2021,24,240345,Maryland,2,2,0,0,0,4,4,33,PRINCE GEORGE`S (33),0,NOT APPLICABLE,18,18,9,September,2021,7,Saturday,19,7:00pm-7:59pm,38,38,1,This section IS ON the NHS,2,Urban,3,Principal Arterial - Other,1,State Highway Agency,2,U.S. Highway,US-301,CR-136,87,87,38.76390833,38.76390833,-76.805805560,-76.805805560,0,No Special Jurisdiction,12,Motor Vehicle In-Transport,6,Angle,0,No,2,Intersection,2,Four-Way Intersection,0,None,,,1,On Roadway,2,Dark - Not Lighted,,,,,1,Clear,0,No,0000000,Not Applicable,19,7:00pm-7:59pm,35,35,19,7:00pm-7:59pm,43,43,20,8:00pm-8:59pm,21,21,,,,,,,1,
2021,24,240346,Maryland,1,1,0,0,0,2,2,37,ST. MARY`S (37),0,NOT APPLICABLE,9,9,10,October,2021,7,Saturday,1,1:00am-1:59am,0,0,0,This section IS NOT on the NHS,2,Urban,4,Minor Arterial,2,County Highway Agency,4,County Road,CR-44,,23,23,38.43598889,38.43598889,-76.729627780,-76.729627780,0,No Special Jurisdiction,24,Guardrail Face,0,The First Harmful Event was Not a Collision with a Motor Vehicle in Transport,0,No,1,Non-Junction,1,Not an Intersection,0,None,,,4,On Roadside,3,Dark - Lighted,,,,,1,Clear,0,No,0000000,Not Applicable,99,Unknown,99,Unknown,99,Unknown EMS Scene Arrival Hour,99,Unknown EMS Scene Arrival Minutes,88,"Not Applicable (Not Transported) ",88,Not Applicable (Not Transported),,,,,,,2,
2021,24,240347,Maryland,1,1,0,0,0,2,2,27,HOWARD (27),0,NOT APPLICABLE,3,3,10,October,2021,1,Sunday,2,2:00am-2:59am,23,23,0,This section IS NOT on the NHS,2,Urban,5,Major Collector,2,County Highway Agency,4,County Road,CR-194,,6,6,39.15924444,39.15924444,-76.840369440,-76.840369440,0,No Special Jurisdiction,33,Curb,0,The First Harmful Event was Not a Collision with a Motor Vehicle in Transport,0,No,1,Non-Junction,1,Not an Intersection,0,None,,,4,On Roadside,3,Dark - Lighted,,,,,1,Clear,0,No,0000000,Not Applicable,2,2:00am-2:59am,26,26,2,2:00am-2:59am,36,36,99,Unknown,99,Unknown EMS Hospital Arrival Time,,,,,,,1,
2021,24,240348,Maryland,1,1,0,1,1,1,1,33,PRINCE GEORGE`S (33),0,NOT APPLICABLE,7,7,10,October,2021,5,Thursday,19,7:00pm-7:59pm,32,32,0,This section IS NOT on the NHS,2,Urban,3,Principal Arterial - Other,2,County Highway Agency,4,County Road,CR-624,,0,None,38.97173611,38.97173611,-76.978880560,-76.978880560,0,No Special Jurisdiction,8,Pedestrian,0,The First Harmful Event was Not a Collision with a Motor Vehicle in Transport,0,No,1,Non-Junction,1,Not an Intersection,0,None,,,1,On Roadway,3,Dark - Lighted,,,,,98,Not Reported,0,No,0000000,Not Applicable,19,7:00pm-7:59pm,30,30,19,7:00pm-7:59pm,47,47,20,8:00pm-8:59pm,12,12,,,,,,,1,
2021,24,240349,Maryland,4,2,2,0,0,4,4,25,HARFORD (25),0,NOT APPLICABLE,16,16,10,October,2021,7,Saturday,20,8:00pm-8:59pm,3,3,0,This section IS NOT on the NHS,2,Urban,4,Minor Arterial,1,State Highway Agency,3,State Highway,SR-7,CR-1988,40,40,39.44508056,39.44508056,-76.309438890,-76.309438890,0,No Special Jurisdiction,12,Motor Vehicle In-Transport,6,Angle,0,No,2,Intersection,2,Four-Way Intersection,0,None,,,1,On Roadway,2,Dark - Not Lighted,,,,,1,Clear,0,No,0000000,Not Applicable,99,Unknown,99,Unknown,99,Unknown EMS Scene Arrival Hour,99,Unknown EMS Scene Arrival Minutes,99,Unknown,99,Unknown EMS Hospital Arrival Time,,,,,,,1,
2021,24,240350,Maryland,3,1,2,2,2,1,1,510,BALTIMORE (CITY) (510),50,BALTIMORE,2,2,3,March,2021,3,Tuesday,13,1:00pm-1:59pm,34,34,0,This section IS NOT on the NHS,6,Trafficway Not in State Inventory,96,Trafficway Not in State Inventory,96,Trafficway Not in State Inventory,8,Other,EDDGECOMB CIRCLE SOUTH,,0,None,39.34213333,39.34213333,-76.661088890,-76.661088890,0,No Special Jurisdiction,14,Parked Motor Vehicle,0,The First Harmful Event was Not a Collision with a Motor Vehicle in Transport,0,No,1,Non-Junction,1,Not an Intersection,0,None,,,7,In Parking Lane/Zone,1,Daylight,,,,,1,Clear,0,No,0000000,Not Applicable,99,Unknown,99,Unknown,99,Unknown EMS Scene Arrival Hour,99,Unknown EMS Scene Arrival Minutes,99,Unknown,99,Unknown EMS Hospital Arrival Time,,,,,,,1,
2021,24,240351,Maryland,1,1,0,1,1,1,1,510,BALTIMORE (CITY) (510),50,BALTIMORE,29,29,7,July,2021,5,Thursday,6,6:00am-6:59am,8,8,0,This section IS NOT on the NHS,2,Urban,3,Principal Arterial - Other,4,City or Municipal Highway Agency,6,Local Street - Municipality,MU-4465,MU-1670,0,None,39.28577500,39.28577500,-76.672308330,-76.672308330,0,No Special Jurisdiction,8,Pedestrian,0,The First Harmful Event was Not a Collision with a Motor Vehicle in Transport,0,No,3,Intersection-Related,2,Four-Way Intersection,0,None,,,1,On Roadway,1,Daylight,,,,,10,Cloudy,0,No,0000000,Not Applicable,99,Unknown,99,Unknown,99,Unknown EMS Scene Arrival Hour,99,Unknown EMS Scene Arrival Minutes,99,Unknown,99,Unknown EMS Hospital Arrival Time,,,,,,,1,
2021,24,240352,Maryland,1,1,0,0,0,1,1,33,PRINCE GEORGE`S (33),0,NOT APPLICABLE,13,13,10,October,2021,4,Wednesday,0,0:00am-0:59am,13,13,1,This section IS ON the NHS,2,Urban,3,Principal Arterial - Other,1,State Highway Agency,2,U.S. Highway,US-301,,227,227,38.92991111,38.92991111,-76.716938890,-76.716938890,0,No Special Jurisdiction,42,Tree (Standing Only),0,The First Harmful Event was Not a Collision with a Motor Vehicle in Transport,0,No,1,Non-Junction,1,Not an Intersection,0,None,,,3,On Median,2,Dark - Not Lighted,,,,,2,Rain,0,No,0000000,Not Applicable,0,0:00am-0:59am,12,12,0,0:00am-0:59am,51,51,88,"Not Applicable (Not Transported) ",88,Not Applicable (Not Transported),,,,,,,1,
2021,24,240353,Maryland,2,2,0,0,0,2,2,23,GARRETT (23),0,NOT APPLICABLE,9,9,8,August,2021,2,Monday,15,3:00pm-3:59pm,25,25,0,This section IS NOT on the NHS,2,Urban,4,Minor Arterial,1,State Highway Agency,3,State Highway,SR-135,,82,82,39.43876111,39.43876111,-79.242925000,-79.242925000,0,No Special Jurisdiction,12,Motor Vehicle In-Transport,6,Angle,0,No,1,Non-Junction,1,Not an Intersection,0,None,,,1,On Roadway,1,Daylight,,,,,1,Clear,0,No,0000000,Not Applicable,15,3:00pm-3:59pm,20,20,15,3:00pm-3:59pm,32,32,16,4:00pm-4:59pm,34,34,,,,,,,1,
2021,24,240354,Maryland,3,3,0,0,0,3,3,5,BALTIMORE (5),0,NOT APPLICABLE,24,24,8,August,2021,3,Tuesday,20,8:00pm-8:59pm,54,54,0,This section IS NOT on the NHS,2,Urban,4,Minor Arterial,1,State Highway Agency,4,County Road,CR-6539,CR-6558,9,9,39.37695000,39.37695000,-76.459961110,-76.459961110,0,No Special Jurisdiction,12,Motor Vehicle In-Transport,6,Angle,0,No,2,Intersection,2,Four-Way Intersection,0,None,,,1,On Roadway,3,Dark - Lighted,,,,,1,Clear,0,No,0000000,Not Applicable,20,8:00pm-8:59pm,47,47,20,8:00pm-8:59pm,51,51,88,"Not Applicable (Not Transported) ",88,Not Applicable (Not Transported),,,,,,,1,
2021,24,240355,Maryland,1,1,0,1,1,1,1,5,BALTIMORE (5),0,NOT APPLICABLE,9,9,4,April,2021,6,Friday,23,11:00pm-11:59pm,33,33,1,This section IS ON the NHS,2,Urban,3,Principal Arterial - Other,1,State Highway Agency,2,U.S. Highway,US-40,,215,215,39.38373333,39.38373333,-76.422888890,-76.422888890,0,No Special Jurisdiction,8,Pedestrian,0,The First Harmful Event was Not a Collision with a Motor Vehicle in Transport,0,No,1,Non-Junction,1,Not an Intersection,0,None,,,1,On Roadway,3,Dark - Lighted,,,,,1,Clear,0,No,0000000,Not Applicable,23,11:00pm-11:59pm,30,30,23,11:00pm-11:59pm,36,36,0,0:00am-0:59am,10,10,,,,,,,1,
2021,24,240356,Maryland,1,1,0,1,1,1,1,25,HARFORD (25),0,NOT APPLICABLE,18,18,10,October,2021,2,Monday,12,12:00pm-12:59pm,12,12,1,This section IS ON the NHS,2,Urban,3,Principal Arterial - Other,1,State Highway Agency,2,U.S. Highway,US-40,,52,52,39.44570278,39.44570278,-76.285625000,-76.285625000,0,No Special Jurisdiction,8,Pedestrian,0,The First Harmful Event was Not a Collision with a Motor Vehicle in Transport,0,No,1,Non-Junction,1,Not an Intersection,0,None,,,2,On Shoulder,1,Daylight,,,,,1,Clear,0,No,0000000,Not Applicable,12,12:00pm-12:59pm,3,3,12,12:00pm-12:59pm,47,47,13,1:00pm-1:59pm,24,24,,,,,,,1,
2021,24,240357,Maryland,1,1,0,1,1,1,1,9,CALVERT (9),0,NOT APPLICABLE,1,1,9,September,2021,4,Wednesday,17,5:00pm-5:59pm,12,12,1,This section IS ON the NHS,2,Urban,3,Principal Arterial - Other,1,State Highway Agency,3,State Highway,SR-2,,236,236,38.60598056,38.60598056,-76.613719440,-76.613719440,0,No Special Jurisdiction,9,Pedalcyclist,0,The First Harmful Event was Not a Collision with a Motor Vehicle in Transport,0,No,1,Non-Junction,1,Not an Intersection,0,None,,,1,On Roadway,1,Daylight,,,,,98,Not Reported,0,No,0000000,Not Applicable,17,5:00pm-5:59pm,12,12,17,5:00pm-5:59pm,17,17,17,5:00pm-5:59pm,28,28,,,,,,,1,
2021,24,240358,Maryland,2,2,0,0,0,5,5,23,GARRETT (23),0,NOT APPLICABLE,10,10,10,October,2021,1,Sunday,12,12:00pm-12:59pm,43,43,0,This section IS NOT on the NHS,1,Rural,6,Minor Collector,2,County Highway Agency,4,County Road,CR-139,,21,21,39.38521111,39.38521111,-79.315597220,-79.315597220,0,No Special Jurisdiction,12,Motor Vehicle In-Transport,2,Front-to-Front,0,No,1,Non-Junction,1,Not an Intersection,0,None,,,1,On Roadway,1,Daylight,,,,,1,Clear,0,No,0000000,Not Applicable,12,12:00pm-12:59pm,39,39,12,12:00pm-12:59pm,56,56,99,Unknown,99,Unknown EMS Hospital Arrival Time,,,,,,,2,
2021,24,240359,Maryland,1,1,0,0,0,1,1,29,KENT (29),0,NOT APPLICABLE,16,16,10,October,2021,7,Saturday,8,8:00am-8:59am,23,23,1,This section IS ON the NHS,2,Urban,2,Principal Arterial - Other Freeways and Expressways,1,State Highway Agency,2,U.S. Highway,US-301,,55,55,39.33647500,39.33647500,-75.836291670,-75.836291670,0,No Special Jurisdiction,42,Tree (Standing Only),0,The First Harmful Event was Not a Collision with a Motor Vehicle in Transport,0,No,1,Non-Junction,1,Not an Intersection,0,None,,,4,On Roadside,9,Reported as Unknown,,,,,10,Cloudy,0,No,0000000,Not Applicable,8,8:00am-8:59am,20,20,8,8:00am-8:59am,30,30,88,"Not Applicable (Not Transported) ",88,Not Applicable (Not Transported),,,,,,,1,
2021,24,240360,Maryland,4,4,0,0,0,7,7,5,BALTIMORE (5),0,NOT APPLICABLE,19,19,10,October,2021,3,Tuesday,16,4:00pm-4:59pm,26,26,1,This section IS ON the NHS,2,Urban,1,Interstate,1,State Highway Agency,1,Interstate,I-695,,173,173,39.39974167,39.39974167,-76.681500000,-76.681500000,0,No Special Jurisdiction,12,Motor Vehicle In-Transport,1,Front-to-Rear,0,No,1,Non-Junction,1,Not an Intersection,0,None,,,1,On Roadway,1,Daylight,,,,,1,Clear,0,No,0000000,Not Applicable,15,3:00pm-3:59pm,47,47,15,3:00pm-3:59pm,54,54,16,4:00pm-4:59pm,47,47,,,,,,,1,
2021,24,240361,Maryland,2,2,0,0,0,2,2,25,HARFORD (25),0,NOT APPLICABLE,8,8,10,October,2021,6,Friday,12,12:00pm-12:59pm,35,35,1,This section IS ON the NHS,2,Urban,3,Principal Arterial - Other,1,State Highway Agency,2,U.S. Highway,US-40,,40,40,39.43736389,39.43736389,-76.301905560,-76.301905560,0,No Special Jurisdiction,12,Motor Vehicle In-Transport,6,Angle,0,No,7,"Crossover-Related ",1,Not an Intersection,0,None,,,1,On Roadway,1,Daylight,,,,,1,Clear,0,No,0000000,Not Applicable,99,Unknown,99,Unknown,99,Unknown EMS Scene Arrival Hour,99,Unknown EMS Scene Arrival Minutes,99,Unknown,99,Unknown EMS Hospital Arrival Time,,,,,,,1,
2021,24,240362,Maryland,3,3,0,0,0,5,5,31,MONTGOMERY (31),0,NOT APPLICABLE,21,21,10,October,2021,5,Thursday,22,10:00pm-10:59pm,9,9,0,This section IS NOT on the NHS,2,Urban,3,Principal Arterial - Other,1,State Highway Agency,3,State Highway,SR-97,CR-790,21,21,39.02221111,39.02221111,-77.045136110,-77.045136110,0,No Special Jurisdiction,12,Motor Vehicle In-Transport,6,Angle,0,No,2,Intersection,2,Four-Way Intersection,0,None,,,1,On Roadway,3,Dark - Lighted,,,,,1,Clear,0,No,0000000,Not Applicable,22,10:00pm-10:59pm,8,8,22,10:00pm-10:59pm,24,24,22,10:00pm-10:59pm,39,39,,,,,,,1,
2021,24,240363,Maryland,2,2,0,0,0,4,4,1,ALLEGANY (1),0,NOT APPLICABLE,8,8,10,October,2021,6,Friday,13,1:00pm-1:59pm,37,37,0,This section IS NOT on the NHS,2,Urban,4,Minor Arterial,1,State Highway Agency,3,State Highway,SR-53,COUNTRY CLUB MALL ENT,9,9,39.62668611,39.62668611,-78.839055560,-78.839055560,0,No Special Jurisdiction,12,Motor Vehicle In-Transport,6,Angle,0,No,2,Intersection,2,Four-Way Intersection,0,None,,,1,On Roadway,1,Daylight,,,,,1,Clear,0,No,0000000,Not Applicable,13,1:00pm-1:59pm,36,36,13,1:00pm-1:59pm,41,41,14,2:00pm-2:59pm,1,1,,,,,,,1,
2021,24,240364,Maryland,2,2,0,0,0,2,2,15,CECIL (15),0,NOT APPLICABLE,30,30,9,September,2021,5,Thursday,20,8:00pm-8:59pm,12,12,0,This section IS NOT on the NHS,1,Rural,7,Local,2,County Highway Agency,4,County Road,CR-411,,31,31,39.67153889,39.67153889,-75.911286110,-75.911286110,0,No Special Jurisdiction,35,Embankment,0,The First Harmful Event was Not a Collision with a Motor Vehicle in Transport,0,No,1,Non-Junction,1,Not an Intersection,0,None,,,4,On Roadside,2,Dark - Not Lighted,,,,,1,Clear,0,No,0000000,Not Applicable,20,8:00pm-8:59pm,11,11,20,8:00pm-8:59pm,21,21,88,"Not Applicable (Not Transported) ",88,Not Applicable (Not Transported),,,,,,,1,
2021,24,240365,Maryland,1,1,0,0,0,2,2,23,GARRETT (23),0,NOT APPLICABLE,22,22,5,May,2021,7,Saturday,15,3:00pm-3:59pm,55,55,0,This section IS NOT on the NHS,2,Urban,4,Minor Arterial,1,State Highway Agency,3,State Highway,SR-135,,78,78,39.43147500,39.43147500,-79.282683330,-79.282683330,0,No Special Jurisdiction,42,Tree (Standing Only),0,The First Harmful Event was Not a Collision with a Motor Vehicle in Transport,0,No,1,Non-Junction,1,Not an Intersection,0,None,,,4,On Roadside,1,Daylight,,,,,1,Clear,0,No,0000000,Not Applicable,15,3:00pm-3:59pm,48,48,16,4:00pm-4:59pm,0,0,16,4:00pm-4:59pm,50,50,,,,,,,2,
2021,24,240366,Maryland,1,1,0,1,1,1,1,33,PRINCE GEORGE`S (33),0,NOT APPLICABLE,29,29,5,May,2021,7,Saturday,2,2:00am-2:59am,23,23,1,This section IS ON the NHS,2,Urban,2,Principal Arterial - Other Freeways and Expressways,1,State Highway Agency,3,State Highway,SR-5,,119,119,38.81544167,38.81544167,-76.914491670,-76.914491670,0,No Special Jurisdiction,8,Pedestrian,0,The First Harmful Event was Not a Collision with a Motor Vehicle in Transport,0,No,1,Non-Junction,1,Not an Intersection,0,None,,,1,On Roadway,3,Dark - Lighted,,,,,2,Rain,0,No,0000000,Not Applicable,2,2:00am-2:59am,17,17,2,2:00am-2:59am,31,31,88,"Not Applicable (Not Transported) ",88,Not Applicable (Not Transported),,,,,,,1,
2021,24,240367,Maryland,3,2,1,0,0,3,3,45,WICOMICO (45),0,NOT APPLICABLE,21,21,10,October,2021,5,Thursday,22,10:00pm-10:59pm,0,0,0,This section IS NOT on the NHS,2,Urban,6,Minor Collector,2,County Highway Agency,4,County Road,CR-563,CR-840,2,2,38.38872222,38.38872222,-75.617650000,-75.617650000,0,No Special Jurisdiction,12,Motor Vehicle In-Transport,7,Sideswipe - Same Direction,0,No,3,Intersection-Related,3,T-Intersection,0,None,,,1,On Roadway,2,Dark - Not Lighted,,,,,1,Clear,0,No,0000000,Not Applicable,22,10:00pm-10:59pm,2,2,22,10:00pm-10:59pm,8,8,88,"Not Applicable (Not Transported) ",88,Not Applicable (Not Transported),,,,,,,1,
2021,24,240369,Maryland,1,1,0,0,0,1,1,37,ST. MARY`S (37),0,NOT APPLICABLE,26,26,10,October,2021,3,Tuesday,16,4:00pm-4:59pm,21,21,0,This section IS NOT on the NHS,2,Urban,4,Minor Arterial,1,State Highway Agency,3,State Highway,SR-235,,58,58,38.19397778,38.19397778,-76.392613890,-76.392613890,0,No Special Jurisdiction,53,Mail Box,0,The First Harmful Event was Not a Collision with a Motor Vehicle in Transport,0,No,1,Non-Junction,1,Not an Intersection,0,None,,,4,On Roadside,1,Daylight,,,,,6,Severe Crosswinds,0,No,0000000,Not Applicable,16,4:00pm-4:59pm,21,21,16,4:00pm-4:59pm,30,30,17,5:00pm-5:59pm,8,8,,,,,,,1,