caseyear,state,st_case,statename,ve_total,ve_forms,pvh_invl,peds,pernotmvit,permvit,persons,county,countyname,city,cityname,day,dayname,month,monthname,year,day_week,day_weekname,hour,hourname,minute,minutename,nhs,nhsname,rur_urb,rur_urbname,func_sys,func_sysname,rd_owner,rd_ownername,route,routename,tway_id,tway_id2,milept,mileptname,latitude,latitudename,longitud,longitudname,sp_jur,sp_jurname,harm_ev,harm_evname,man_coll,man_collname,reljct1,reljct1name,reljct2,reljct2name,typ_int,typ_intname,wrk_zone,wrk_zonename,road_fnc,road_fncname,rel_road,rel_roadname,lgt_cond,lgt_condname,weather1,weather1name,weather2,weather2name,weather,weathername,sch_bus,sch_busname,rail,railname,not_hour,not_hourname,not_min,not_minname,arr_hour,arr_hourname,arr_min,arr_minname,hosp_hr,hosp_hrname,hosp_mn,hosp_mnname,cf1,cf1name,cf2,cf2name,cf3,cf3name,fatals,drunk_dr
2022,24,240019,Maryland,1,1,0,0,0,1,1,33,PRINCE GEORGE`S (33),0,NOT APPLICABLE,23,23,1,January,2022,1,Sunday,0,0:00am-0:59am,46,46,0,This section IS NOT on the NHS,2,Urban,5,Major Collector,1,State Highway Agency,4,County Road,CR-122,,7,7,38.80522778,38.80522778,-76.964866670,-76.96486667,0,No Special Jurisdiction,33,Curb,0,The First Harmful Event was Not a Collision with a Motor Vehicle in Transport,0,No,1,Non-Junction,1,Not an Intersection,0,None,,,4,On Roadside,3,Dark - Lighted,,,,,98,Not Reported,0,No,0000000,Not Applicable,0,0:00am-0:59am,46,46,0,0:00am-0:59am,53,53,88,"Not Applicable (Not Transported) ",88,Not Applicable (Not Transported),,,,,,,1,
2022,24,240020,Maryland,1,1,0,1,1,1,1,33,PRINCE GEORGE`S (33),0,NOT APPLICABLE,13,13,1,January,2022,5,Thursday,20,8:00pm-8:59pm,32,32,0,This section IS NOT on the NHS,2,Urban,3,Principal Arterial - Other,1,State Highway Agency,3,State Highway,SR-704,MU-140,36,36,38.93255000,38.93255000,-76.866797220,-76.86679722,0,No Special Jurisdiction,8,Pedestrian,0,The First Harmful Event was Not a Collision with a Motor Vehicle in Transport,0,No,3,Intersection-Related,2,Four-Way Intersection,0,None,,,1,On Roadway,3,Dark - Lighted,,,,,1,Clear,0,No,0000000,Not Applicable,20,8:00pm-8:59pm,31,31,20,8:00pm-8:59pm,37,37,88,"Not Applicable (Not Transported) ",88,Not Applicable (Not Transported),,,,,,,1,
2022,24,240021,Maryland,2,2,0,0,0,9,9,15,CECIL (15),0,NOT APPLICABLE,14,14,1,January,2022,6,Friday,19,7:00pm-7:59pm,45,45,0,This section IS NOT on the NHS,2,Urban,5,Major Collector,1,State Highway Agency,3,State Highway,SR-545,,32,32,39.64455278,39.64455278,-75.869169440,-75.86916944,0,No Special Jurisdiction,12,Motor Vehicle In-Transport,2,Front-to-Front,0,No,1,Non-Junction,1,Not an Intersection,0,None,,,1,On Roadway,2,Dark - Not Lighted,,,,,1,Clear,0,No,0000000,Not Applicable,19,7:00pm-7:59pm,42,42,19,7:00pm-7:59pm,49,49,99,Unknown,99,Unknown EMS Hospital Arrival Time,,,,,,,1,
2022,24,240022,Maryland,1,1,0,0,0,1,1,29,KENT (29),0,NOT APPLICABLE,19,19,1,January,2022,4,Wednesday,6,6:00am-6:59am,56,56,0,This section IS NOT on the NHS,1,Rural,5,Major Collector,1,State Highway Agency,3,State Highway,SR-297,,11,11,39.24683889,39.24683889,-76.073788890,-76.07378889,0,No Special Jurisdiction,34,Ditch,0,The First Harmful Event was Not a Collision with a Motor Vehicle in Transport,0,No,1,Non-Junction,1,Not an Intersection,0,None,,,4,On Roadside,2,Dark - Not Lighted,,,,,1,Clear,0,No,0000000,Not Applicable,6,6:00am-6:59am,56,56,7,7:00am-7:59am,4,4,88,"Not Applicable (Not Transported) ",88,Not Applicable (Not Transported),,,,,,,1,
2022,24,240023,Maryland,1,1,0,0,0,1,1,27,HOWARD (27),0,NOT APPLICABLE,13,13,1,January,2022,5,Thursday,17,5:00pm-5:59pm,4,4,1,This section IS ON the NHS,2,Urban,2,Principal Arterial - Other Freeways and Expressways,1,State Highway Agency,2,U.S. Highway,US-29,,14,14,39.15103889,39.15103889,-76.895500000,-76.89550000,0,No Special Jurisdiction,35,Embankment,0,The First Harmful Event was Not a Collision with a Motor Vehicle in Transport,0,No,1,Non-Junction,1,Not an Intersection,0,None,,,4,On Roadside,1,Daylight,,,,,1,Clear,0,No,0000000,Not Applicable,17,5:00pm-5:59pm,3,3,17,5:00pm-5:59pm,10,10,17,5:00pm-5:59pm,55,55,,,,,,,1,
2022,24,240024,Maryland,1,1,0,0,0,2,2,5,BALTIMORE (5),0,NOT APPLICABLE,23,23,1,January,2022,1,Sunday,22,10:00pm-10:59pm,23,23,1,This section IS ON the NHS,1,Rural,1,Interstate,1,State Highway Agency,1,Interstate,I-83,,265,265,39.70452778,39.70452778,-76.642616670,-76.64261667,0,No Special Jurisdiction,59,"Traffic Sign Support ",0,The First Harmful Event was Not a Collision with a Motor Vehicle in Transport,0,No,1,Non-Junction,1,Not an Intersection,0,None,,,3,On Median,2,Dark - Not Lighted,,,,,1,Clear,0,No,0000000,Not Applicable,22,10:00pm-10:59pm,30,30,22,10:00pm-10:59pm,41,41,23,11:00pm-11:59pm,17,17,,,,,,,1,
2022,24,240025,Maryland,2,2,0,0,0,3,3,17,CHARLES (17),0,NOT APPLICABLE,23,23,1,January,2022,1,Sunday,19,7:00pm-7:59pm,52,52,0,This section IS NOT on the NHS,1,Rural,4,Minor Arterial,1,State Highway Agency,3,State Highway,SR-225,,55,55,38.54587500,38.54587500,-77.072694440,-77.07269444,0,No Special Jurisdiction,12,Motor Vehicle In-Transport,2,Front-to-Front,0,No,1,Non-Junction,1,Not an Intersection,0,None,,,1,On Roadway,2,Dark - Not Lighted,,,,,1,Clear,0,No,0000000,Not Applicable,19,7:00pm-7:59pm,49,49,19,7:00pm-7:59pm,59,59,88,"Not Applicable (Not Transported) ",88,Not Applicable (Not Transported),,,,,,,3,
2022,24,240026,Maryland,1,1,0,0,0,1,1,33,PRINCE GEORGE`S (33),0,NOT APPLICABLE,23,23,1,January,2022,1,Sunday,7,7:00am-7:59am,4,4,1,This section IS ON the NHS,2,Urban,3,Principal Arterial - Other,1,State Highway Agency,3,State Highway,SR-704,,45,45,38.94280556,38.94280556,-76.850619440,-76.85061944,0,No Special Jurisdiction,59,"Traffic Sign Support ",0,The First Harmful Event was Not a Collision with a Motor Vehicle in Transport,0,No,1,Non-Junction,1,Not an Intersection,0,None,,,3,On Median,2,Dark - Not Lighted,,,,,1,Clear,0,No,0000000,Not Applicable,7,7:00am-7:59am,4,4,7,7:00am-7:59am,14,14,99,Unknown,98,Unknown if Transported,,,,,,,1,
2022,24,240027,Maryland,1,1,0,0,0,1,1,45,WICOMICO (45),0,NOT APPLICABLE,12,12,1,January,2022,4,Wednesday,14,2:00pm-2:59pm,13,13,1,This section IS ON the NHS,2,Urban,2,Principal Arterial - Other Freeways and Expressways,1,State Highway Agency,2,U.S. Highway,US-13,,27,27,38.30701111,38.30701111,-75.606402780,-75.60640278,0,No Special Jurisdiction,32,Culvert,0,The First Harmful Event was Not a Collision with a Motor Vehicle in Transport,0,No,1,Non-Junction,1,Not an Intersection,0,None,,,4,On Roadside,1,Daylight,,,,,1,Clear,0,No,0000000,Not Applicable,14,2:00pm-2:59pm,12,12,14,2:00pm-2:59pm,19,19,88,"Not Applicable (Not Transported) ",88,Not Applicable (Not Transported),,,,,,,1,
2022,24,240028,Maryland,2,2,0,0,0,5,5,25,HARFORD (25),0,NOT APPLICABLE,31,31,1,January,2022,2,Monday,13,1:00pm-1:59pm,38,38,1,This section IS ON the NHS,2,Urban,2,Principal Arterial - Other Freeways and Expressways,1,State Highway Agency,2,U.S. Highway,US-1,,62,62,39.55465278,39.55465278,-76.367730560,-76.36773056,0,No Special Jurisdiction,12,Motor Vehicle In-Transport,2,Front-to-Front,0,No,1,Non-Junction,1,Not an Intersection,0,None,,,1,On Roadway,1,Daylight,,,,,1,Clear,0,No,0000000,Not Applicable,13,1:00pm-1:59pm,45,45,14,2:00pm-2:59pm,26,26,15,3:00pm-3:59pm,1,1,,,,,,,4,
2022,24,240029,Maryland,1,1,0,0,0,1,1,43,WASHINGTON (43),0,NOT APPLICABLE,28,28,1,January,2022,6,Friday,1,1:00am-1:59am,37,37,1,This section IS ON the NHS,1,Rural,1,Interstate,1,State Highway Agency,1,Interstate,I-81,,3,3,39.61375556,39.61375556,-77.795966670,-77.79596667,0,No Special Jurisdiction,35,Embankment,0,The First Harmful Event was Not a Collision with a Motor Vehicle in Transport,0,No,1,Non-Junction,1,Not an Intersection,0,None,,,4,On Roadside,2,Dark - Not Lighted,,,,,1,Clear,0,No,0000000,Not Applicable,1,1:00am-1:59am,35,35,1,1:00am-1:59am,50,50,88,"Not Applicable (Not Transported) ",88,Not Applicable (Not Transported),,,,,,,1,
2022,24,240030,Maryland,3,3,0,0,0,3,3,37,ST. MARY`S (37),0,NOT APPLICABLE,27,27,1,January,2022,5,Thursday,8,8:00am-8:59am,0,0,0,This section IS NOT on the NHS,1,Rural,4,Minor Arterial,1,State Highway Agency,3,State Highway,SR-4,,23,23,38.28505000,38.28505000,-76.576652780,-76.57665278,0,No Special Jurisdiction,12,Motor Vehicle In-Transport,2,Front-to-Front,0,No,1,Non-Junction,1,Not an Intersection,0,None,,,1,On Roadway,1,Daylight,,,,,1,Clear,0,No,0000000,Not Applicable,8,8:00am-8:59am,0,0,8,8:00am-8:59am,5,5,9,9:00am-9:59am,18,18,,,,,,,1,
2022,24,240031,Maryland,2,2,0,0,0,3,3,5,BALTIMORE (5),0,NOT APPLICABLE,30,30,1,January,2022,1,Sunday,6,6:00am-6:59am,40,40,1,This section IS ON the NHS,2,Urban,1,Interstate,1,State Highway Agency,1,Interstate,I-95EN,,161,161,39.33692500,39.33692500,-76.516416670,-76.51641667,0,No Special Jurisdiction,12,Motor Vehicle In-Transport,2,Front-to-Front,0,No,1,Non-Junction,1,Not an Intersection,0,None,,,1,On Roadway,3,Dark - Lighted,,,,,1,Clear,0,No,0000000,Not Applicable,6,6:00am-6:59am,50,50,6,6:00am-6:59am,55,55,99,Unknown,99,Unknown EMS Hospital Arrival Time,,,,,,,1,
2022,24,240032,Maryland,2,2,0,0,0,2,2,21,FREDERICK (21),0,NOT APPLICABLE,1,1,2,February,2022,3,Tuesday,7,7:00am-7:59am,35,35,0,This section IS NOT on the NHS,2,Urban,4,Minor Arterial,1,State Highway Agency,3,State Highway,SR-144FA,,27,27,39.40080833,39.40080833,-77.372850000,-77.37285000,0,No Special Jurisdiction,35,Embankment,0,The First Harmful Event was Not a Collision with a Motor Vehicle in Transport,0,No,1,Non-Junction,1,Not an Intersection,0,None,,,4,On Roadside,1,Daylight,,,,,1,Clear,0,No,0000000,Not Applicable,7,7:00am-7:59am,35,35,7,7:00am-7:59am,35,35,99,Unknown,99,Unknown EMS Hospital Arrival Time,,,,,,,1,
2022,24,240033,Maryland,1,1,0,1,1,1,1,21,FREDERICK (21),0,NOT APPLICABLE,3,3,2,February,2022,5,Thursday,14,2:00pm-2:59pm,38,38,0,This section IS NOT on the NHS,1,Rural,5,Major Collector,1,State Highway Agency,3,State Highway,SR-464,,48,48,39.32253333,39.32253333,-77.550697220,-77.55069722,0,No Special Jurisdiction,15,Non-Motorist on Personal Conveyance,0,The First Harmful Event was Not a Collision with a Motor Vehicle in Transport,0,No,1,Non-Junction,1,Not an Intersection,0,None,,,1,On Roadway,1,Daylight,,,,,5,"Fog, Smog, Smoke",0,No,0000000,Not Applicable,14,2:00pm-2:59pm,36,36,14,2:00pm-2:59pm,42,42,88,"Not Applicable (Not Transported) ",88,Not Applicable (Not Transported),,,,,,,1,
2022,24,240034,Maryland,1,1,0,0,0,1,1,3,ANNE ARUNDEL (3),0,NOT APPLICABLE,2,2,2,February,2022,4,Wednesday,9,9:00am-9:59am,10,10,0,This section IS NOT on the NHS,2,Urban,6,Minor Collector,1,State Highway Agency,3,State Highway,SR-169 W MAPLE RD,,3,3,39.20530556,39.20530556,-76.653422220,-76.65342222,0,No Special Jurisdiction,10,Railway Vehicle,0,The First Harmful Event was Not a Collision with a Motor Vehicle in Transport,0,No,6,"Railway Grade Crossing ",1,Not an Intersection,0,None,,,1,On Roadway,1,Daylight,,,,,1,Clear,0,No,845057L,845057L,9,9:00am-9:59am,9,9,9,9:00am-9:59am,18,18,88,"Not Applicable (Not Transported) ",88,Not Applicable (Not Transported),,,,,,,1,
2022,24,240035,Maryland,1,1,0,0,0,1,1,17,CHARLES (17),0,NOT APPLICABLE,22,22,1,January,2022,7,Saturday,22,10:00pm-10:59pm,42,42,0,This section IS NOT on the NHS,2,Urban,6,Minor Collector,1,State Highway Agency,4,County Road,CR-345,CR-623,0,None,38.60111944,38.60111944,-76.907047220,-76.90704722,0,No Special Jurisdiction,42,Tree (Standing Only),0,The First Harmful Event was Not a Collision with a Motor Vehicle in Transport,0,No,3,Intersection-Related,3,T-Intersection,0,None,,,4,On Roadside,2,Dark - Not Lighted,,,,,1,Clear,0,No,0000000,Not Applicable,22,10:00pm-10:59pm,42,42,22,10:00pm-10:59pm,47,47,88,"Not Applicable (Not Transported) ",88,Not Applicable (Not Transported),,,,,,,1,
2022,24,240036,Maryland,2,2,0,0,0,2,2,33,PRINCE GEORGE`S (33),0,NOT APPLICABLE,22,22,1,January,2022,7,Saturday,12,12:00pm-12:59pm,15,15,0,This section IS NOT on the NHS,2,Urban,7,Local,1,State Highway Agency,4,County Road,CR-154,SR-210,8,8,38.68528889,38.68528889,-76.995330560,-76.99533056,0,No Special Jurisdiction,12,Motor Vehicle In-Transport,1,Front-to-Rear,0,No,2,Intersection,2,Four-Way Intersection,0,None,,,1,On Roadway,1,Daylight,,,,,1,Clear,0,No,0000000,Not Applicable,12,12:00pm-12:59pm,15,15,12,12:00pm-12:59pm,23,23,99,Unknown,99,Unknown EMS Hospital Arrival Time,,,,,,,1,
2022,24,240037,Maryland,1,1,0,0,0,1,1,43,WASHINGTON (43),0,NOT APPLICABLE,12,12,2,February,2022,7,Saturday,6,6:00am-6:59am,5,5,1,This section IS ON the NHS,2,Urban,1,Interstate,1,State Highway Agency,1,Interstate,I-70,,319,319,39.60215278,39.60215278,-77.682616670,-77.68261667,0,No Special Jurisdiction,35,Embankment,0,The First Harmful Event was Not a Collision with a Motor Vehicle in Transport,1,Yes,5,Entrance/Exit Ramp Related,1,Not an Intersection,0,None,,,4,On Roadside,3,Dark - Lighted,,,,,1,Clear,0,No,0000000,Not Applicable,5,5:00am-5:59am,58,58,6,6:00am-6:59am,8,8,88,"Not Applicable (Not Transported) ",88,Not Applicable (Not Transported),,,,,,,1,
2022,24,240038,Maryland,1,1,0,0,0,1,1,25,HARFORD (25),0,NOT APPLICABLE,12,12,2,February,2022,7,Saturday,17,5:00pm-5:59pm,30,30,0,This section IS NOT on the NHS,1,Rural,6,Minor Collector,1,State Highway Agency,3,State Highway,SR-623,,2,2,39.65417500,39.65417500,-76.204038890,-76.20403889,0,No Special Jurisdiction,38,Fence,0,The First Harmful Event was Not a Collision with a Motor Vehicle in Transport,0,No,1,Non-Junction,1,Not an Intersection,0,None,,,4,On Roadside,5,Dusk,,,,,10,Cloudy,0,No,0000000,Not Applicable,17,5:00pm-5:59pm,24,24,17,5:00pm-5:59pm,31,31,88,"Not Applicable (Not Transported) ",88,Not Applicable (Not Transported),,,,,,,1,
2022,24,240039,Maryland,2,2,0,0,0,2,2,33,PRINCE GEORGE`S (33),0,NOT APPLICABLE,11,11,2,February,2022,6,Friday,23,11:00pm-11:59pm,38,38,1,This section IS ON the NHS,2,Urban,2,Principal Arterial - Other Freeways and Expressways,1,State Highway Agency,3,State Highway,SR-4,,77,77,38.82113056,38.82113056,-76.849161110,-76.84916111,0,No Special Jurisdiction,12,Motor Vehicle In-Transport,1,Front-to-Rear,0,No,1,Non-Junction,1,Not an Intersection,0,None,,,1,On Roadway,2,Dark - Not Lighted,,,,,1,Clear,0,No,0000000,Not Applicable,23,11:00pm-11:59pm,32,32,23,11:00pm-11:59pm,38,38,88,"Not Applicable (Not Transported) ",88,Not Applicable (Not Transported),,,,,,,1,
2022,24,240040,Maryland,2,2,0,0,0,2,2,33,PRINCE GEORGE`S (33),0,NOT APPLICABLE,2,2,2,February,2022,4,Wednesday,6,6:00am-6:59am,6,6,1,This section IS ON the NHS,2,Urban,4,Minor Arterial,1,State Highway Agency,3,State Highway,SR-197,,79,79,39.03667500,39.03667500,-76.793016670,-76.79301667,0,No Special Jurisdiction,12,Motor Vehicle In-Transport,6,Angle,0,No,1,Non-Junction,1,Not an Intersection,0,None,,,1,On Roadway,4,Dawn,,,,,1,Clear,0,No,0000000,Not Applicable,99,Unknown,99,Unknown,99,Unknown EMS Scene Arrival Hour,99,Unknown EMS Scene Arrival Minutes,99,Unknown,99,Unknown EMS Hospital Arrival Time,,,,,,,1,
2022,24,240041,Maryland,2,2,0,0,0,2,2,3,ANNE ARUNDEL (3),0,NOT APPLICABLE,8,8,2,February,2022,3,Tuesday,5,5:00am-5:59am,25,25,1,This section IS ON the NHS,2,Urban,3,Principal Arterial - Other,1,State Highway Agency,3,State Highway,SR-173,,57,57,39.16244167,39.16244167,-76.523905560,-76.52390556,0,No Special Jurisdiction,25,Concrete Traffic Barrier,0,The First Harmful Event was Not a Collision with a Motor Vehicle in Transport,0,No,1,Non-Junction,1,Not an Intersection,0,None,,,4,On Roadside,3,Dark - Lighted,,,,,98,Not Reported,0,No,0000000,Not Applicable,5,5:00am-5:59am,27,27,5,5:00am-5:59am,34,34,99,Unknown,99,Unknown EMS Hospital Arrival Time,,,,,,,1,
2022,24,240042,Maryland,1,1,0,1,1,1,1,33,PRINCE GEORGE`S (33),0,NOT APPLICABLE,10,10,2,February,2022,5,Thursday,18,6:00pm-6:59pm,55,55,0,This section IS NOT on the NHS,2,Urban,4,Minor Arterial,1,State Highway Agency,3,State Highway,SR-210,,126,126,38.79706667,38.79706667,-76.998805560,-76.99880556,0,No Special Jurisdiction,8,Pedestrian,0,The First Harmful Event was Not a Collision with a Motor Vehicle in Transport,1,Yes,17,Acceleration/Deceleration Lane,1,Not an Intersection,0,None,,,1,On Roadway,2,Dark - Not Lighted,,,,,1,Clear,0,No,0000000,Not Applicable,18,6:00pm-6:59pm,55,55,19,7:00pm-7:59pm,4,4,19,7:00pm-7:59pm,38,38,,,,,,,1,
2022,24,240043,Maryland,1,1,0,0,0,1,1,33,PRINCE GEORGE`S (33),0,NOT APPLICABLE,12,12,2,February,2022,7,Saturday,3,3:00am-3:59am,39,39,0,This section IS NOT on the NHS,2,Urban,5,Major Collector,2,County Highway Agency,4,County Road,CR-118,,56,56,38.75564167,38.75564167,-76.992436110,-76.99243611,0,No Special Jurisdiction,30,Utility Pole/Light Support,0,The First Harmful Event was Not a Collision with a Motor Vehicle in Transport,0,No,1,Non-Junction,1,Not an Intersection,0,None,,,4,On Roadside,6,Dark - Unknown Lighting,,,,,1,Clear,0,No,0000000,Not Applicable,3,3:00am-3:59am,38,38,3,3:00am-3:59am,43,43,88,"Not Applicable (Not Transported) ",88,Not Applicable (Not Transported),,,,,,,1,
2022,24,240044,Maryland,1,1,0,0,0,1,1,33,PRINCE GEORGE`S (33),0,NOT APPLICABLE,14,14,2,February,2022,2,Monday,4,4:00am-4:59am,57,57,1,This section IS ON the NHS,2,Urban,3,Principal Arterial - Other,1,State Highway Agency,3,State Highway,SR-201,,4,4,38.91940556,38.91940556,-76.930933330,-76.93093333,0,No Special Jurisdiction,25,Concrete Traffic Barrier,0,The First Harmful Event was Not a Collision with a Motor Vehicle in Transport,0,No,99,Reported as Unknown,98,Not Reported,0,None,,,4,On Roadside,6,Dark - Unknown Lighting,,,,,10,Cloudy,0,No,0000000,Not Applicable,99,Unknown,99,Unknown,99,Unknown EMS Scene Arrival Hour,99,Unknown EMS Scene Arrival Minutes,88,"Not Applicable (Not Transported) ",88,Not Applicable (Not Transported),,,,,,,1,
2022,24,240045,Maryland,2,1,1,0,0,1,1,33,PRINCE GEORGE`S (33),0,NOT APPLICABLE,13,13,2,February,2022,1,Sunday,0,0:00am-0:59am,45,45,1,This section IS ON the NHS,2,Urban,1,Interstate,1,State Highway Agency,1,Interstate,I-95,,285,285,39.05468333,39.05468333,-76.929066670,-76.92906667,0,No Special Jurisdiction,14,Parked Motor Vehicle,0,The First Harmful Event was Not a Collision with a Motor Vehicle in Transport,0,No,1,Non-Junction,1,Not an Intersection,0,None,,,2,On Shoulder,6,Dark - Unknown Lighting,,,,,2,Rain,0,No,0000000,Not Applicable,0,0:00am-0:59am,36,36,0,0:00am-0:59am,55,55,88,"Not Applicable (Not Transported) ",88,Not Applicable (Not Transported),,,,,,,1,
2022,24,240046,Maryland,1,1,0,0,0,1,1,33,PRINCE GEORGE`S (33),0,NOT APPLICABLE,14,14,2,February,2022,2,Monday,1,1:00am-1:59am,38,38,1,This section IS ON the NHS,2,Urban,1,Interstate,1,State Highway Agency,1,Interstate,I-95,,221,221,38.98983889,38.98983889,-76.884183330,-76.88418333,0,No Special Jurisdiction,34,Ditch,0,The First Harmful Event was Not a Collision with a Motor Vehicle in Transport,0,No,1,Non-Junction,1,Not an Intersection,0,None,,,4,On Roadside,3,Dark - Lighted,,,,,1,Clear,0,No,0000000,Not Applicable,1,1:00am-1:59am,36,36,1,1:00am-1:59am,43,43,99,Unknown,99,Unknown EMS Hospital Arrival Time,,,,,,,1,
2022,24,240047,Maryland,1,1,0,0,0,2,2,41,TALBOT (41),0,NOT APPLICABLE,23,23,2,February,2022,4,Wednesday,15,3:00pm-3:59pm,22,22,0,This section IS NOT on the NHS,1,Rural,5,Major Collector,1,State Highway Agency,3,State Highway,SR-33,,21,21,38.73345278,38.73345278,-76.330808330,-76.33080833,0,No Special Jurisdiction,34,Ditch,0,The First Harmful Event was Not a Collision with a Motor Vehicle in Transport,0,No,1,Non-Junction,1,Not an Intersection,0,None,,,4,On Roadside,1,Daylight,,,,,1,Clear,0,No,0000000,Not Applicable,15,3:00pm-3:59pm,14,14,15,3:00pm-3:59pm,20,20,99,Unknown,99,Unknown EMS Hospital Arrival Time,,,,,,,1,
2022,24,240048,Maryland,3,3,0,0,0,9,9,33,PRINCE GEORGE`S (33),0,NOT APPLICABLE,21,21,2,February,2022,2,Monday,18,6:00pm-6:59pm,27,27,1,This section IS ON the NHS,2,Urban,2,Principal Arterial - Other Freeways and Expressways,1,State Highway Agency,3,State Highway,SR-5 BRANCH AVE,CR-5092 MOORES RD,40,40,38.82937500,38.82937500,-76.855836110,-76.85583611,0,No Special Jurisdiction,12,Motor Vehicle In-Transport,6,Angle,0,No,2,Intersection,2,Four-Way Intersection,0,None,,,1,On Roadway,3,Dark - Lighted,,,,,1,Clear,0,No,0000000,Not Applicable,18,6:00pm-6:59pm,26,26,18,6:00pm-6:59pm,29,29,99,Unknown,99,Unknown EMS Hospital Arrival Time,,,,,,,1,
2022,24,240049,Maryland,2,2,0,0,0,2,2,35,QUEEN ANNE`S (35),0,NOT APPLICABLE,7,7,2,February,2022,2,Monday,13,1:00pm-1:59pm,45,45,1,This section IS ON the NHS,2,Urban,2,Principal Arterial - Other Freeways and Expressways,1,State Highway Agency,2,U.S. Highway,US-301,SR-405,266,266,39.09921667,39.09921667,-75.960788890,-75.96078889,0,No Special Jurisdiction,12,Motor Vehicle In-Transport,6,Angle,0,No,2,Intersection,2,Four-Way Intersection,0,None,,,1,On Roadway,1,Daylight,,,,,1,Clear,0,No,0000000,Not Applicable,99,Unknown,99,Unknown,99,Unknown EMS Scene Arrival Hour,99,Unknown EMS Scene Arrival Minutes,99,Unknown,99,Unknown EMS Hospital Arrival Time,,,,,,,1,
2022,24,240050,Maryland,1,1,0,0,0,1,1,31,MONTGOMERY (31),0,NOT APPLICABLE,26,26,2,February,2022,7,Saturday,3,3:00am-3:59am,9,9,1,This section IS ON the NHS,2,Urban,1,Interstate,1,State Highway Agency,1,Interstate,I-270,,65,65,39.08890278,39.08890278,-77.174002780,-77.17400278,0,No Special Jurisdiction,24,Guardrail Face,0,The First Harmful Event was Not a Collision with a Motor Vehicle in Transport,0,No,7,"Crossover-Related ",1,Not an Intersection,0,None,,,3,On Median,3,Dark - Lighted,,,,,1,Clear,0,No,0000000,Not Applicable,3,3:00am-3:59am,2,2,3,3:00am-3:59am,11,11,99,Unknown,99,Unknown EMS Hospital Arrival Time,,,,,,,1,
2022,24,240051,Maryland,2,2,0,0,0,2,2,33,PRINCE GEORGE`S (33),0,NOT APPLICABLE,25,25,4,April,2022,2,Monday,17,5:00pm-5:59pm,22,22,1,This section IS ON the NHS,2,Urban,3,Principal Arterial - Other,1,State Highway Agency,3,State Highway,SR-201,,11,11,38.92538611,38.92538611,-76.928061110,-76.92806111,0,No Special Jurisdiction,42,Tree (Standing Only),0,The First Harmful Event was Not a Collision with a Motor Vehicle in Transport,0,No,1,Non-Junction,1,Not an Intersection,0,None,,,3,On Median,3,Dark - Lighted,,,,,1,Clear,0,No,0000000,Not Applicable,17,5:00pm-5:59pm,22,22,17,5:00pm-5:59pm,35,35,99,Unknown,99,Unknown EMS Hospital Arrival Time,,,,,,,1,
2022,24,240052,Maryland,1,1,0,0,0,2,2,31,MONTGOMERY (31),0,NOT APPLICABLE,26,26,2,February,2022,7,Saturday,1,1:00am-1:59am,33,33,1,This section IS ON the NHS,2,Urban,3,Principal Arterial - Other,2,County Highway Agency,4,County Road,CR-1659 RANDOLPH RD,,23,23,39.05728611,39.05728611,-77.072588890,-77.07258889,0,No Special Jurisdiction,33,Curb,0,The First Harmful Event was Not a Collision with a Motor Vehicle in Transport,0,No,1,Non-Junction,1,Not an Intersection,0,None,,,4,On Roadside,3,Dark - Lighted,,,,,1,Clear,0,No,0000000,Not Applicable,99,Unknown,99,Unknown,99,Unknown EMS Scene Arrival Hour,99,Unknown EMS Scene Arrival Minutes,99,Unknown,99,Unknown EMS Hospital Arrival Time,,,,,,,1,
2022,24,240053,Maryland,3,3,0,0,0,6,6,39,SOMERSET (39),0,NOT APPLICABLE,27,27,2,February,2022,1,Sunday,18,6:00pm-6:59pm,51,51,1,This section IS ON the NHS,2,Urban,3,Principal Arterial - Other,1,State Highway Agency,2,U.S. Highway,US-13,,97,97,38.14914444,38.14914444,-75.695611110,-75.69561111,0,No Special Jurisdiction,12,Motor Vehicle In-Transport,2,Front-to-Front,0,No,1,Non-Junction,1,Not an Intersection,0,None,,,1,On Roadway,2,Dark - Not Lighted,,,,,1,Clear,0,No,0000000,Not Applicable,18,6:00pm-6:59pm,51,51,18,6:00pm-6:59pm,57,57,19,7:00pm-7:59pm,35,35,,,,,,,1,
2022,24,240054,Maryland,1,1,0,1,1,1,1,17,CHARLES (17),0,NOT APPLICABLE,1,1,3,March,2022,3,Tuesday,19,7:00pm-7:59pm,47,47,1,This section IS ON the NHS,2,Urban,3,Principal Arterial - Other,1,State Highway Agency,3,State Highway,SR-210,,53,53,38.62671944,38.62671944,-77.073894440,-77.07389444,0,No Special Jurisdiction,8,Pedestrian,0,The First Harmful Event was Not a Collision with a Motor Vehicle in Transport,0,No,1,Non-Junction,1,Not an Intersection,0,None,,,1,On Roadway,3,Dark - Lighted,,,,,1,Clear,0,No,0000000,Not Applicable,19,7:00pm-7:59pm,44,44,19,7:00pm-7:59pm,48,48,20,8:00pm-8:59pm,20,20,,,,,,,1,
2022,24,240055,Maryland,3,3,0,0,0,5,5,31,MONTGOMERY (31),0,NOT APPLICABLE,25,25,2,February,2022,6,Friday,16,4:00pm-4:59pm,39,39,1,This section IS ON the NHS,2,Urban,3,Principal Arterial - Other,1,State Highway Agency,3,State Highway,SR-27,,40,40,39.25539167,39.25539167,-77.226869440,-77.22686944,0,No Special Jurisdiction,12,Motor Vehicle In-Transport,8,Sideswipe - Opposite Direction,0,No,1,Non-Junction,1,Not an Intersection,0,None,,,1,On Roadway,1,Daylight,,,,,1,Clear,0,No,0000000,Not Applicable,16,4:00pm-4:59pm,38,38,16,4:00pm-4:59pm,47,47,99,Unknown,99,Unknown EMS Hospital Arrival Time,,,,,,,1,