caseyear,state,st_case,statename,ve_total,ve_forms,pvh_invl,peds,pernotmvit,permvit,persons,county,countyname,city,cityname,day,dayname,month,monthname,year,day_week,day_weekname,hour,hourname,minute,minutename,nhs,nhsname,rur_urb,rur_urbname,func_sys,func_sysname,rd_owner,rd_ownername,route,routename,tway_id,tway_id2,milept,mileptname,latitude,latitudename,longitud,longitudname,sp_jur,sp_jurname,harm_ev,harm_evname,man_coll,man_collname,reljct1,reljct1name,reljct2,reljct2name,typ_int,typ_intname,wrk_zone,wrk_zonename,road_fnc,road_fncname,rel_road,rel_roadname,lgt_cond,lgt_condname,weather1,weather1name,weather2,weather2name,weather,weathername,sch_bus,sch_busname,rail,railname,not_hour,not_hourname,not_min,not_minname,arr_hour,arr_hourname,arr_min,arr_minname,hosp_hr,hosp_hrname,hosp_mn,hosp_mnname,cf1,cf1name,cf2,cf2name,cf3,cf3name,fatals,drunk_dr
2022,24,240056,Maryland,2,2,0,0,0,2,2,27,HOWARD (27),0,NOT APPLICABLE,2,2,3,March,2022,4,Wednesday,2,2:00am-2:59am,1,1,1,This section IS ON the NHS,2,Urban,3,Principal Arterial - Other,1,State Highway Agency,2,U.S. Highway,US-1,UU0,65,65,39.17663333,39.17663333,-76.774691670,-76.77469167,0,No Special Jurisdiction,12,Motor Vehicle In-Transport,1,Front-to-Rear,0,No,2,Intersection,2,Four-Way Intersection,0,None,,,1,On Roadway,3,Dark - Lighted,,,,,1,Clear,0,No,0000000,Not Applicable,99,Unknown,99,Unknown,99,Unknown EMS Scene Arrival Hour,99,Unknown EMS Scene Arrival Minutes,88,"Not Applicable (Not Transported) ",88,Not Applicable (Not Transported),,,,,,,1,
2022,24,240057,Maryland,1,1,0,1,1,1,1,33,PRINCE GEORGE`S (33),0,NOT APPLICABLE,2,2,3,March,2022,4,Wednesday,6,6:00am-6:59am,4,4,0,This section IS NOT on the NHS,2,Urban,4,Minor Arterial,2,County Highway Agency,4,County Road,CR-42,,19,19,38.97486667,38.97486667,-76.884138890,-76.88413889,0,No Special Jurisdiction,8,Pedestrian,0,The First Harmful Event was Not a Collision with a Motor Vehicle in Transport,0,No,1,Non-Junction,1,Not an Intersection,0,None,,,1,On Roadway,3,Dark - Lighted,,,,,1,Clear,0,No,0000000,Not Applicable,6,6:00am-6:59am,2,2,6,6:00am-6:59am,10,10,88,"Not Applicable (Not Transported) ",88,Not Applicable (Not Transported),,,,,,,1,
2022,24,240058,Maryland,1,1,0,1,1,1,1,47,WORCESTER (47),0,NOT APPLICABLE,22,22,2,February,2022,3,Tuesday,0,0:00am-0:59am,4,4,1,This section IS ON the NHS,2,Urban,3,Principal Arterial - Other,1,State Highway Agency,2,U.S. Highway,US-50,,105,105,38.33903056,38.33903056,-75.151127780,-75.15112778,0,No Special Jurisdiction,15,Non-Motorist on Personal Conveyance,0,The First Harmful Event was Not a Collision with a Motor Vehicle in Transport,0,No,1,Non-Junction,1,Not an Intersection,0,None,,,1,On Roadway,2,Dark - Not Lighted,,,,,1,Clear,0,No,0000000,Not Applicable,0,0:00am-0:59am,19,19,0,0:00am-0:59am,30,30,88,"Not Applicable (Not Transported) ",88,Not Applicable (Not Transported),,,,,,,1,
2022,24,240059,Maryland,1,1,0,0,0,3,3,1,ALLEGANY (1),0,NOT APPLICABLE,20,20,2,February,2022,1,Sunday,3,3:00am-3:59am,59,59,1,This section IS ON the NHS,1,Rural,1,Interstate,1,State Highway Agency,1,Interstate,I-68,,57,57,39.64023333,39.64023333,-78.867466670,-78.86746667,0,No Special Jurisdiction,24,Guardrail Face,0,The First Harmful Event was Not a Collision with a Motor Vehicle in Transport,0,No,1,Non-Junction,1,Not an Intersection,0,None,,,3,On Median,2,Dark - Not Lighted,,,,,1,Clear,0,No,0000000,Not Applicable,99,Unknown,99,Unknown,99,Unknown EMS Scene Arrival Hour,99,Unknown EMS Scene Arrival Minutes,99,Unknown,99,Unknown EMS Hospital Arrival Time,,,,,,,1,
2022,24,240060,Maryland,1,1,0,0,0,1,1,9,CALVERT (9),0,NOT APPLICABLE,9,9,3,March,2022,4,Wednesday,17,5:00pm-5:59pm,4,4,0,This section IS NOT on the NHS,2,Urban,5,Major Collector,1,State Highway Agency,3,State Highway,SR-765A,,8,8,38.52958056,38.52958056,-76.576286110,-76.57628611,0,No Special Jurisdiction,35,Embankment,0,The First Harmful Event was Not a Collision with a Motor Vehicle in Transport,0,No,1,Non-Junction,1,Not an Intersection,0,None,,,4,On Roadside,5,Dusk,,,,,2,Rain,0,No,0000000,Not Applicable,17,5:00pm-5:59pm,4,4,17,5:00pm-5:59pm,10,10,17,5:00pm-5:59pm,33,33,,,,,,,1,
2022,24,240061,Maryland,1,1,0,1,1,1,1,510,BALTIMORE (CITY) (510),50,BALTIMORE,24,24,2,February,2022,5,Thursday,23,11:00pm-11:59pm,17,17,1,This section IS ON the NHS,2,Urban,1,Interstate,1,State Highway Agency,1,Interstate,I-895,,57,57,39.28737222,39.28737222,-76.553625000,-76.55362500,0,No Special Jurisdiction,8,Pedestrian,0,The First Harmful Event was Not a Collision with a Motor Vehicle in Transport,0,No,1,Non-Junction,1,Not an Intersection,0,None,,,1,On Roadway,3,Dark - Lighted,,,,,2,Rain,0,No,0000000,Not Applicable,23,11:00pm-11:59pm,16,16,23,11:00pm-11:59pm,35,35,23,11:00pm-11:59pm,48,48,,,,,,,1,
2022,24,240062,Maryland,2,2,0,1,1,2,2,3,ANNE ARUNDEL (3),0,NOT APPLICABLE,4,4,3,March,2022,6,Friday,11,11:00am-11:59am,51,51,1,This section IS ON the NHS,2,Urban,1,Interstate,1,State Highway Agency,1,Interstate,I-97,,26,26,39.01108333,39.01108333,-76.611883330,-76.61188333,0,No Special Jurisdiction,8,Pedestrian,0,The First Harmful Event was Not a Collision with a Motor Vehicle in Transport,0,No,1,Non-Junction,1,Not an Intersection,0,None,,,1,On Roadway,1,Daylight,,,,,1,Clear,0,No,0000000,Not Applicable,11,11:00am-11:59am,48,48,12,12:00pm-12:59pm,2,2,88,"Not Applicable (Not Transported) ",88,Not Applicable (Not Transported),,,,,,,1,
2022,24,240063,Maryland,2,2,0,2,2,4,4,19,DORCHESTER (19),0,NOT APPLICABLE,12,12,3,March,2022,7,Saturday,18,6:00pm-6:59pm,28,28,0,This section IS NOT on the NHS,2,Urban,4,Minor Arterial,1,State Highway Agency,3,State Highway,SR-16,,244,244,38.59160556,38.59160556,-75.936675000,-75.93667500,0,No Special Jurisdiction,12,Motor Vehicle In-Transport,1,Front-to-Rear,0,No,1,Non-Junction,1,Not an Intersection,0,None,,,1,On Roadway,3,Dark - Lighted,,,,,11,Blowing Snow,0,No,0000000,Not Applicable,18,6:00pm-6:59pm,25,25,18,6:00pm-6:59pm,32,32,19,7:00pm-7:59pm,34,34,,,,,,,1,
2022,24,240064,Maryland,2,2,0,0,0,5,5,43,WASHINGTON (43),0,NOT APPLICABLE,6,6,3,March,2022,1,Sunday,2,2:00am-2:59am,59,59,1,This section IS ON the NHS,2,Urban,1,Interstate,1,State Highway Agency,1,Interstate,I-81,,24,24,39.60135556,39.60135556,-77.804977780,-77.80497778,0,No Special Jurisdiction,12,Motor Vehicle In-Transport,1,Front-to-Rear,0,No,1,Non-Junction,1,Not an Intersection,0,None,,,1,On Roadway,3,Dark - Lighted,,,,,1,Clear,0,No,0000000,Not Applicable,2,2:00am-2:59am,54,54,3,3:00am-3:59am,1,1,99,Unknown,99,Unknown EMS Hospital Arrival Time,,,,,,,1,
2022,24,240065,Maryland,1,1,0,0,0,1,1,17,CHARLES (17),0,NOT APPLICABLE,11,11,3,March,2022,6,Friday,5,5:00am-5:59am,48,48,0,This section IS NOT on the NHS,2,Urban,4,Minor Arterial,2,County Highway Agency,4,County Road,CR-623,,6,6,38.60986944,38.60986944,-76.886911110,-76.88691111,0,No Special Jurisdiction,42,Tree (Standing Only),0,The First Harmful Event was Not a Collision with a Motor Vehicle in Transport,0,No,1,Non-Junction,1,Not an Intersection,0,None,,,3,On Median,2,Dark - Not Lighted,,,,,1,Clear,0,No,0000000,Not Applicable,4,4:00am-4:59am,50,50,4,4:00am-4:59am,55,55,88,"Not Applicable (Not Transported) ",88,Not Applicable (Not Transported),,,,,,,1,
2022,24,240066,Maryland,1,1,0,0,0,1,1,47,WORCESTER (47),0,NOT APPLICABLE,11,11,3,March,2022,6,Friday,11,11:00am-11:59am,6,6,0,This section IS NOT on the NHS,2,Urban,4,Minor Arterial,1,State Highway Agency,3,State Highway,SR-12,,129,129,38.17916111,38.17916111,-75.394472220,-75.39447222,0,No Special Jurisdiction,3,Immersion or Partial Immersion,0,The First Harmful Event was Not a Collision with a Motor Vehicle in Transport,0,No,1,Non-Junction,1,Not an Intersection,0,None,,,4,On Roadside,1,Daylight,,,,,1,Clear,0,No,0000000,Not Applicable,99,Unknown,99,Unknown,99,Unknown EMS Scene Arrival Hour,99,Unknown EMS Scene Arrival Minutes,88,"Not Applicable (Not Transported) ",88,Not Applicable (Not Transported),,,,,,,1,
2022,24,240067,Maryland,1,1,0,1,1,1,1,15,CECIL (15),0,NOT APPLICABLE,14,14,3,March,2022,2,Monday,21,9:00pm-9:59pm,7,7,0,This section IS NOT on the NHS,2,Urban,4,Minor Arterial,1,State Highway Agency,3,State Highway,SR-213,,158,158,39.56992222,39.56992222,-75.813563890,-75.81356389,0,No Special Jurisdiction,8,Pedestrian,0,The First Harmful Event was Not a Collision with a Motor Vehicle in Transport,0,No,1,Non-Junction,1,Not an Intersection,0,None,,,1,On Roadway,2,Dark - Not Lighted,,,,,1,Clear,0,No,0000000,Not Applicable,21,9:00pm-9:59pm,5,5,21,9:00pm-9:59pm,17,17,22,10:00pm-10:59pm,1,1,,,,,,,1,
2022,24,240068,Maryland,3,3,0,1,1,4,4,33,PRINCE GEORGE`S (33),0,NOT APPLICABLE,13,13,3,March,2022,1,Sunday,3,3:00am-3:59am,6,6,1,This section IS ON the NHS,2,Urban,1,Interstate,1,State Highway Agency,1,Interstate,I-495,,0,None,38.91619722,38.91619722,-76.851472220,-76.85147222,0,No Special Jurisdiction,12,Motor Vehicle In-Transport,1,Front-to-Rear,0,No,1,Non-Junction,1,Not an Intersection,0,None,,,1,On Roadway,2,Dark - Not Lighted,,,,,1,Clear,0,No,0000000,Not Applicable,3,3:00am-3:59am,3,3,3,3:00am-3:59am,19,19,4,4:00am-4:59am,45,45,,,,,,,1,
2022,24,240069,Maryland,1,1,0,0,0,1,1,45,WICOMICO (45),0,NOT APPLICABLE,16,16,3,March,2022,4,Wednesday,18,6:00pm-6:59pm,3,3,1,This section IS ON the NHS,2,Urban,2,Principal Arterial - Other Freeways and Expressways,1,State Highway Agency,2,U.S. Highway,US-50,US-50A,132,132,38.40271111,38.40271111,-75.619255560,-75.61925556,0,No Special Jurisdiction,5,Fell/Jumped from Vehicle,0,The First Harmful Event was Not a Collision with a Motor Vehicle in Transport,1,Yes,3,Intersection-Related,98,Not Reported,0,None,,,1,On Roadway,1,Daylight,,,,,1,Clear,0,No,0000000,Not Applicable,17,5:00pm-5:59pm,53,53,18,6:00pm-6:59pm,2,2,88,"Not Applicable (Not Transported) ",88,Not Applicable (Not Transported),,,,,,,1,
2022,24,240070,Maryland,2,2,0,0,0,4,4,33,PRINCE GEORGE`S (33),0,NOT APPLICABLE,15,15,3,March,2022,3,Tuesday,20,8:00pm-8:59pm,24,24,1,This section IS ON the NHS,2,Urban,2,Principal Arterial - Other Freeways and Expressways,1,State Highway Agency,3,State Highway,SR-5,OP-5092,40,40,38.71439722,38.71439722,-76.878011110,-76.87801111,0,No Special Jurisdiction,12,Motor Vehicle In-Transport,6,Angle,0,No,2,Intersection,2,Four-Way Intersection,0,None,,,1,On Roadway,3,Dark - Lighted,,,,,1,Clear,0,No,0000000,Not Applicable,20,8:00pm-8:59pm,22,22,20,8:00pm-8:59pm,42,42,99,Unknown,99,Unknown EMS Hospital Arrival Time,,,,,,,1,
2022,24,240071,Maryland,1,1,0,1,1,1,1,510,BALTIMORE (CITY) (510),50,BALTIMORE,17,17,3,March,2022,5,Thursday,6,6:00am-6:59am,35,35,1,This section IS ON the NHS,2,Urban,3,Principal Arterial - Other,1,State Highway Agency,3,State Highway,SR-150 EASTERN AVE,ANGLESEA ST,15,15,39.28748333,39.28748333,-76.546555560,-76.54655556,0,No Special Jurisdiction,8,Pedestrian,0,The First Harmful Event was Not a Collision with a Motor Vehicle in Transport,0,No,3,Intersection-Related,2,Four-Way Intersection,0,None,,,1,On Roadway,3,Dark - Lighted,,,,,2,Rain,0,No,0000000,Not Applicable,6,6:00am-6:59am,34,34,6,6:00am-6:59am,38,38,6,6:00am-6:59am,56,56,,,,,,,1,
2022,24,240072,Maryland,1,1,0,1,1,2,2,510,BALTIMORE (CITY) (510),0,NOT APPLICABLE,2,2,2,February,2022,4,Wednesday,23,11:00pm-11:59pm,46,46,1,This section IS ON the NHS,2,Urban,1,Interstate,31,State Toll Road,1,Interstate,I-395A,,0,None,39.28098611,39.28098611,-76.622394440,-76.62239444,0,No Special Jurisdiction,8,Pedestrian,0,The First Harmful Event was Not a Collision with a Motor Vehicle in Transport,0,No,1,Non-Junction,1,Not an Intersection,0,None,,,1,On Roadway,2,Dark - Not Lighted,,,,,1,Clear,0,No,0000000,Not Applicable,99,Unknown,99,Unknown,99,Unknown EMS Scene Arrival Hour,99,Unknown EMS Scene Arrival Minutes,99,Unknown,99,Unknown EMS Hospital Arrival Time,,,,,,,1,
2022,24,240073,Maryland,1,1,0,0,0,2,2,47,WORCESTER (47),0,NOT APPLICABLE,12,12,3,March,2022,7,Saturday,6,6:00am-6:59am,16,16,1,This section IS ON the NHS,2,Urban,3,Principal Arterial - Other,1,State Highway Agency,2,U.S. Highway,US-113,,298,298,38.35251389,38.35251389,-75.214408330,-75.21440833,0,No Special Jurisdiction,42,Tree (Standing Only),0,The First Harmful Event was Not a Collision with a Motor Vehicle in Transport,0,No,1,Non-Junction,1,Not an Intersection,0,None,,,3,On Median,6,Dark - Unknown Lighting,,,,,2,Rain,0,No,0000000,Not Applicable,6,6:00am-6:59am,15,15,6,6:00am-6:59am,21,21,99,Unknown,99,Unknown EMS Hospital Arrival Time,,,,,,,1,
2022,24,240074,Maryland,2,2,0,0,0,3,3,33,PRINCE GEORGE`S (33),0,NOT APPLICABLE,20,20,3,March,2022,1,Sunday,11,11:00am-11:59am,55,55,1,This section IS ON the NHS,2,Urban,3,Principal Arterial - Other,1,State Highway Agency,3,State Highway,SR-410,CR-680,13,13,38.96903889,38.96903889,-76.972772220,-76.97277222,0,No Special Jurisdiction,12,Motor Vehicle In-Transport,6,Angle,0,No,2,Intersection,2,Four-Way Intersection,0,None,,,1,On Roadway,1,Daylight,,,,,1,Clear,0,No,0000000,Not Applicable,11,11:00am-11:59am,55,55,12,12:00pm-12:59pm,4,4,88,"Not Applicable (Not Transported) ",88,Not Applicable (Not Transported),,,,,,,1,
2022,24,240075,Maryland,1,1,0,1,1,1,1,21,FREDERICK (21),0,NOT APPLICABLE,21,21,3,March,2022,2,Monday,12,12:00pm-12:59pm,36,36,1,This section IS ON the NHS,1,Rural,3,Principal Arterial - Other,1,State Highway Agency,3,State Highway,SR-140,,31,31,39.69830556,39.69830556,-77.293044440,-77.29304444,0,No Special Jurisdiction,9,Pedalcyclist,0,The First Harmful Event was Not a Collision with a Motor Vehicle in Transport,0,No,1,Non-Junction,1,Not an Intersection,0,None,,,2,On Shoulder,1,Daylight,,,,,1,Clear,0,No,0000000,Not Applicable,12,12:00pm-12:59pm,31,31,12,12:00pm-12:59pm,37,37,88,"Not Applicable (Not Transported) ",88,Not Applicable (Not Transported),,,,,,,1,
2022,24,240076,Maryland,1,1,0,0,0,1,1,21,FREDERICK (21),0,NOT APPLICABLE,19,19,3,March,2022,7,Saturday,0,0:00am-0:59am,48,48,0,This section IS NOT on the NHS,2,Urban,5,Major Collector,2,County Highway Agency,4,County Road,CR-413,,40,40,39.43318056,39.43318056,-77.332127780,-77.33212778,0,No Special Jurisdiction,42,Tree (Standing Only),0,The First Harmful Event was Not a Collision with a Motor Vehicle in Transport,0,No,1,Non-Junction,1,Not an Intersection,0,None,,,4,On Roadside,2,Dark - Not Lighted,,,,,1,Clear,0,No,0000000,Not Applicable,99,Unknown,99,Unknown,99,Unknown EMS Scene Arrival Hour,99,Unknown EMS Scene Arrival Minutes,88,"Not Applicable (Not Transported) ",88,Not Applicable (Not Transported),,,,,,,1,
2022,24,240077,Maryland,1,1,0,1,1,1,1,33,PRINCE GEORGE`S (33),0,NOT APPLICABLE,27,27,2,February,2022,1,Sunday,4,4:00am-4:59am,0,0,1,This section IS ON the NHS,2,Urban,3,Principal Arterial - Other,1,State Highway Agency,2,U.S. Highway,US-1,,93,93,39.05056111,39.05056111,-76.897436110,-76.89743611,0,No Special Jurisdiction,8,Pedestrian,0,The First Harmful Event was Not a Collision with a Motor Vehicle in Transport,0,No,1,Non-Junction,1,Not an Intersection,0,None,,,1,On Roadway,3,Dark - Lighted,,,,,1,Clear,0,No,0000000,Not Applicable,4,4:00am-4:59am,4,4,4,4:00am-4:59am,15,15,88,"Not Applicable (Not Transported) ",88,Not Applicable (Not Transported),,,,,,,1,
2022,24,240078,Maryland,2,2,0,0,0,2,2,45,WICOMICO (45),0,NOT APPLICABLE,17,17,3,March,2022,5,Thursday,8,8:00am-8:59am,28,28,0,This section IS NOT on the NHS,2,Urban,5,Major Collector,2,County Highway Agency,4,County Road,CR-1320,CR-176,10,10,38.38987222,38.38987222,-75.641786110,-75.64178611,0,No Special Jurisdiction,12,Motor Vehicle In-Transport,6,Angle,0,No,2,Intersection,2,Four-Way Intersection,0,None,,,1,On Roadway,1,Daylight,,,,,2,Rain,0,No,0000000,Not Applicable,8,8:00am-8:59am,23,23,8,8:00am-8:59am,34,34,99,Unknown,99,Unknown EMS Hospital Arrival Time,,,,,,,1,
2022,24,240079,Maryland,3,3,0,0,0,3,3,25,HARFORD (25),0,NOT APPLICABLE,19,19,3,March,2022,7,Saturday,10,10:00am-10:59am,0,0,1,This section IS ON the NHS,2,Urban,3,Principal Arterial - Other,1,State Highway Agency,3,State Highway,SR-22,,94,94,39.53154444,39.53154444,-76.198630560,-76.19863056,0,No Special Jurisdiction,12,Motor Vehicle In-Transport,2,Front-to-Front,0,No,1,Non-Junction,1,Not an Intersection,0,None,,,1,On Roadway,1,Daylight,,,,,1,Clear,0,No,0000000,Not Applicable,9,9:00am-9:59am,57,57,10,10:00am-10:59am,4,4,88,"Not Applicable (Not Transported) ",88,Not Applicable (Not Transported),,,,,,,1,
2022,24,240080,Maryland,2,2,0,0,0,4,4,27,HOWARD (27),0,NOT APPLICABLE,20,20,3,March,2022,1,Sunday,16,4:00pm-4:59pm,28,28,0,This section IS NOT on the NHS,2,Urban,4,Minor Arterial,1,State Highway Agency,3,State Highway,SR-97,,30,30,39.27674444,39.27674444,-77.034533330,-77.03453333,0,No Special Jurisdiction,12,Motor Vehicle In-Transport,2,Front-to-Front,0,No,1,Non-Junction,1,Not an Intersection,0,None,,,1,On Roadway,1,Daylight,,,,,1,Clear,0,No,0000000,Not Applicable,16,4:00pm-4:59pm,28,28,16,4:00pm-4:59pm,42,42,17,5:00pm-5:59pm,16,16,,,,,,,1,
2022,24,240081,Maryland,1,1,0,0,0,1,1,3,ANNE ARUNDEL (3),0,NOT APPLICABLE,22,22,3,March,2022,3,Tuesday,19,7:00pm-7:59pm,12,12,1,This section IS ON the NHS,2,Urban,2,Principal Arterial - Other Freeways and Expressways,1,State Highway Agency,3,State Highway,SR-100,,62,62,39.15302222,39.15302222,-76.647622220,-76.64762222,0,No Special Jurisdiction,24,Guardrail Face,0,The First Harmful Event was Not a Collision with a Motor Vehicle in Transport,1,Yes,19,Other location within Interchange Area,1,Not an Intersection,0,None,,,4,On Roadside,1,Daylight,,,,,10,Cloudy,0,No,0000000,Not Applicable,19,7:00pm-7:59pm,12,12,19,7:00pm-7:59pm,17,17,19,7:00pm-7:59pm,47,47,,,,,,,1,
2022,24,240083,Maryland,2,2,0,0,0,2,2,31,MONTGOMERY (31),0,NOT APPLICABLE,23,23,3,March,2022,4,Wednesday,9,9:00am-9:59am,58,58,0,This section IS NOT on the NHS,2,Urban,3,Principal Arterial - Other,1,State Highway Agency,3,State Highway,SR-97,CR-128,64,64,39.07770833,39.07770833,-77.070588890,-77.07058889,0,No Special Jurisdiction,12,Motor Vehicle In-Transport,6,Angle,0,No,2,Intersection,3,T-Intersection,0,None,,,1,On Roadway,1,Daylight,,,,,10,Cloudy,0,No,0000000,Not Applicable,9,9:00am-9:59am,57,57,10,10:00am-10:59am,1,1,10,10:00am-10:59am,28,28,,,,,,,1,
2022,24,240084,Maryland,1,1,0,0,0,1,1,5,BALTIMORE (5),0,NOT APPLICABLE,23,23,3,March,2022,4,Wednesday,21,9:00pm-9:59pm,49,49,1,This section IS ON the NHS,2,Urban,1,Interstate,1,State Highway Agency,1,Interstate,I-695,,137,137,39.38914167,39.38914167,-76.726094440,-76.72609444,0,No Special Jurisdiction,25,Concrete Traffic Barrier,0,The First Harmful Event was Not a Collision with a Motor Vehicle in Transport,0,No,1,Non-Junction,1,Not an Intersection,0,None,,,4,On Roadside,3,Dark - Lighted,,,,,2,Rain,0,No,0000000,Not Applicable,21,9:00pm-9:59pm,35,35,21,9:00pm-9:59pm,41,41,88,"Not Applicable (Not Transported) ",88,Not Applicable (Not Transported),,,,,,,1,
2022,24,240085,Maryland,1,1,0,0,0,1,1,3,ANNE ARUNDEL (3),0,NOT APPLICABLE,24,24,3,March,2022,5,Thursday,22,10:00pm-10:59pm,17,17,0,This section IS NOT on the NHS,2,Urban,4,Minor Arterial,2,County Highway Agency,4,County Road,CR-10,SR-170,14,14,39.19528333,39.19528333,-76.658700000,-76.65870000,0,No Special Jurisdiction,42,Tree (Standing Only),0,The First Harmful Event was Not a Collision with a Motor Vehicle in Transport,0,No,3,Intersection-Related,2,Four-Way Intersection,0,None,,,4,On Roadside,3,Dark - Lighted,,,,,2,Rain,0,No,0000000,Not Applicable,99,Unknown,99,Unknown,99,Unknown EMS Scene Arrival Hour,99,Unknown EMS Scene Arrival Minutes,99,Unknown,99,Unknown EMS Hospital Arrival Time,,,,,,,1,
2022,24,240086,Maryland,1,1,0,0,0,1,1,43,WASHINGTON (43),0,NOT APPLICABLE,26,26,3,March,2022,7,Saturday,5,5:00am-5:59am,8,8,1,This section IS ON the NHS,2,Urban,1,Interstate,1,State Highway Agency,1,Interstate,I-68,,66,66,39.71328056,39.71328056,-78.228652780,-78.22865278,0,No Special Jurisdiction,24,Guardrail Face,0,The First Harmful Event was Not a Collision with a Motor Vehicle in Transport,0,No,1,Non-Junction,1,Not an Intersection,0,None,,,4,On Roadside,2,Dark - Not Lighted,,,,,1,Clear,0,No,0000000,Not Applicable,5,5:00am-5:59am,4,4,5,5:00am-5:59am,17,17,88,"Not Applicable (Not Transported) ",88,Not Applicable (Not Transported),,,,,,,1,
2022,24,240087,Maryland,1,1,0,0,0,3,3,33,PRINCE GEORGE`S (33),0,NOT APPLICABLE,24,24,3,March,2022,5,Thursday,16,4:00pm-4:59pm,12,12,1,This section IS ON the NHS,2,Urban,1,Interstate,1,State Highway Agency,1,Interstate,I-95,,285,285,39.05884167,39.05884167,-76.926022220,-76.92602222,0,No Special Jurisdiction,31,"Post, Pole or Other Supports",0,The First Harmful Event was Not a Collision with a Motor Vehicle in Transport,0,No,1,Non-Junction,1,Not an Intersection,0,None,,,4,On Roadside,1,Daylight,,,,,1,Clear,0,No,0000000,Not Applicable,99,Unknown,99,Unknown,99,Unknown EMS Scene Arrival Hour,99,Unknown EMS Scene Arrival Minutes,99,Unknown,99,Unknown EMS Hospital Arrival Time,,,,,,,1,
2022,24,240088,Maryland,2,2,0,0,0,2,2,33,PRINCE GEORGE`S (33),0,NOT APPLICABLE,25,25,3,March,2022,6,Friday,18,6:00pm-6:59pm,19,19,1,This section IS ON the NHS,2,Urban,3,Principal Arterial - Other,1,State Highway Agency,3,State Highway,SR-4,SR-458,119,119,38.85318333,38.85318333,-76.910313890,-76.91031389,0,No Special Jurisdiction,12,Motor Vehicle In-Transport,6,Angle,0,No,2,Intersection,2,Four-Way Intersection,0,None,,,1,On Roadway,1,Daylight,,,,,1,Clear,0,No,0000000,Not Applicable,99,Unknown,99,Unknown,99,Unknown EMS Scene Arrival Hour,99,Unknown EMS Scene Arrival Minutes,99,Unknown,99,Unknown EMS Hospital Arrival Time,,,,,,,1,
2022,24,240089,Maryland,1,1,0,0,0,1,1,33,PRINCE GEORGE`S (33),0,NOT APPLICABLE,23,23,3,March,2022,4,Wednesday,9,9:00am-9:59am,19,19,0,This section IS NOT on the NHS,2,Urban,7,Local,2,County Highway Agency,4,County Road,CR-2439,,2,2,38.88067500,38.88067500,-76.890583330,-76.89058333,0,No Special Jurisdiction,33,Curb,0,The First Harmful Event was Not a Collision with a Motor Vehicle in Transport,0,No,1,Non-Junction,1,Not an Intersection,0,None,,,4,On Roadside,1,Daylight,,,,,10,Cloudy,0,No,0000000,Not Applicable,9,9:00am-9:59am,19,19,9,9:00am-9:59am,26,26,9,9:00am-9:59am,57,57,,,,,,,1,
2022,24,240090,Maryland,1,1,0,1,1,1,1,33,PRINCE GEORGE`S (33),0,NOT APPLICABLE,21,21,3,March,2022,2,Monday,1,1:00am-1:59am,46,46,1,This section IS ON the NHS,2,Urban,2,Principal Arterial - Other Freeways and Expressways,1,State Highway Agency,3,State Highway,SR-5,,120,120,38.81522778,38.81522778,-76.914480560,-76.91448056,0,No Special Jurisdiction,8,Pedestrian,0,The First Harmful Event was Not a Collision with a Motor Vehicle in Transport,0,No,1,Non-Junction,1,Not an Intersection,0,None,,,1,On Roadway,3,Dark - Lighted,,,,,1,Clear,0,No,0000000,Not Applicable,99,Unknown,99,Unknown,99,Unknown EMS Scene Arrival Hour,99,Unknown EMS Scene Arrival Minutes,88,"Not Applicable (Not Transported) ",88,Not Applicable (Not Transported),,,,,,,1,
2022,24,240091,Maryland,2,2,0,0,0,4,4,17,CHARLES (17),0,NOT APPLICABLE,25,25,2,February,2022,6,Friday,11,11:00am-11:59am,1,1,0,This section IS NOT on the NHS,2,Urban,3,Principal Arterial - Other,1,State Highway Agency,3,State Highway,SR-5,CR-560,135,135,38.65130556,38.65130556,-76.872980560,-76.87298056,0,No Special Jurisdiction,12,Motor Vehicle In-Transport,6,Angle,0,No,2,Intersection,2,Four-Way Intersection,0,None,,,1,On Roadway,1,Daylight,,,,,1,Clear,0,No,0000000,Not Applicable,10,10:00am-10:59am,59,59,11,11:00am-11:59am,11,11,13,1:00pm-1:59pm,0,0,,,,,,,1,
2022,24,240092,Maryland,2,2,0,0,0,2,2,5,BALTIMORE (5),0,NOT APPLICABLE,22,22,1,January,2022,7,Saturday,0,0:00am-0:59am,26,26,1,This section IS ON the NHS,2,Urban,3,Principal Arterial - Other,1,State Highway Agency,2,U.S. Highway,US-40,,163,163,39.32727500,39.32727500,-76.495058330,-76.49505833,0,No Special Jurisdiction,12,Motor Vehicle In-Transport,2,Front-to-Front,0,No,1,Non-Junction,1,Not an Intersection,0,None,,,1,On Roadway,3,Dark - Lighted,,,,,1,Clear,0,No,0000000,Not Applicable,0,0:00am-0:59am,26,26,0,0:00am-0:59am,34,34,99,Unknown,99,Unknown EMS Hospital Arrival Time,,,,,,,1,
2022,24,240094,Maryland,1,1,0,0,0,1,1,21,FREDERICK (21),0,NOT APPLICABLE,27,27,3,March,2022,1,Sunday,18,6:00pm-6:59pm,2,2,0,This section IS NOT on the NHS,2,Urban,7,Local,4,City or Municipal Highway Agency,6,Local Street - Municipality,IRISHTOWN RD,,0,None,39.70921944,39.70921944,-77.328455560,-77.32845556,0,No Special Jurisdiction,35,Embankment,0,The First Harmful Event was Not a Collision with a Motor Vehicle in Transport,0,No,1,Non-Junction,1,Not an Intersection,0,None,,,4,On Roadside,1,Daylight,,,,,1,Clear,0,No,0000000,Not Applicable,18,6:00pm-6:59pm,2,2,18,6:00pm-6:59pm,6,6,99,Unknown,99,Unknown EMS Hospital Arrival Time,,,,,,,1,