caseyear,state,st_case,statename,ve_total,ve_forms,pvh_invl,peds,pernotmvit,permvit,persons,county,countyname,city,cityname,day,dayname,month,monthname,year,day_week,day_weekname,hour,hourname,minute,minutename,nhs,nhsname,rur_urb,rur_urbname,func_sys,func_sysname,rd_owner,rd_ownername,route,routename,tway_id,tway_id2,milept,mileptname,latitude,latitudename,longitud,longitudname,sp_jur,sp_jurname,harm_ev,harm_evname,man_coll,man_collname,reljct1,reljct1name,reljct2,reljct2name,typ_int,typ_intname,wrk_zone,wrk_zonename,road_fnc,road_fncname,rel_road,rel_roadname,lgt_cond,lgt_condname,weather1,weather1name,weather2,weather2name,weather,weathername,sch_bus,sch_busname,rail,railname,not_hour,not_hourname,not_min,not_minname,arr_hour,arr_hourname,arr_min,arr_minname,hosp_hr,hosp_hrname,hosp_mn,hosp_mnname,cf1,cf1name,cf2,cf2name,cf3,cf3name,fatals,drunk_dr
2022,24,240174,Maryland,1,1,0,0,0,1,1,47,WORCESTER (47),0,NOT APPLICABLE,8,8,6,June,2022,4,Wednesday,3,3:00am-3:59am,19,19,0,This section IS NOT on the NHS,2,Urban,4,Minor Arterial,1,State Highway Agency,3,State Highway,SR-589,,9,9,38.36006389,38.36006389,-75.168744440,-75.16874444,0,No Special Jurisdiction,30,Utility Pole/Light Support,0,The First Harmful Event was Not a Collision with a Motor Vehicle in Transport,0,No,1,Non-Junction,1,Not an Intersection,0,None,,,4,On Roadside,2,Dark - Not Lighted,,,,,1,Clear,0,No,0000000,Not Applicable,3,3:00am-3:59am,15,15,3,3:00am-3:59am,20,20,88,"Not Applicable (Not Transported) ",88,Not Applicable (Not Transported),,,,,,,1,
2022,24,240175,Maryland,1,1,0,0,0,2,2,5,BALTIMORE (5),0,NOT APPLICABLE,4,4,4,April,2022,2,Monday,13,1:00pm-1:59pm,5,5,0,This section IS NOT on the NHS,2,Urban,4,Minor Arterial,1,State Highway Agency,3,State Highway,SR-130,,15,15,39.41068333,39.41068333,-76.733555560,-76.73355556,0,No Special Jurisdiction,31,"Post, Pole or Other Supports",0,The First Harmful Event was Not a Collision with a Motor Vehicle in Transport,0,No,1,Non-Junction,1,Not an Intersection,0,None,,,4,On Roadside,1,Daylight,,,,,1,Clear,0,No,0000000,Not Applicable,13,1:00pm-1:59pm,4,4,13,1:00pm-1:59pm,14,14,88,"Not Applicable (Not Transported) ",88,Not Applicable (Not Transported),,,,,,,1,
2022,24,240176,Maryland,1,1,0,1,1,1,1,31,MONTGOMERY (31),0,NOT APPLICABLE,3,3,6,June,2022,6,Friday,22,10:00pm-10:59pm,0,0,0,This section IS NOT on the NHS,2,Urban,3,Principal Arterial - Other,2,County Highway Agency,4,County Road,CR-1172,CR-1174,1,1,39.05656111,39.05656111,-77.085302780,-77.08530278,0,No Special Jurisdiction,8,Pedestrian,0,The First Harmful Event was Not a Collision with a Motor Vehicle in Transport,0,No,3,Intersection-Related,2,Four-Way Intersection,0,None,,,1,On Roadway,2,Dark - Not Lighted,,,,,1,Clear,0,No,0000000,Not Applicable,21,9:00pm-9:59pm,59,59,22,10:00pm-10:59pm,8,8,22,10:00pm-10:59pm,29,29,,,,,,,1,
2022,24,240177,Maryland,2,2,0,0,0,6,6,33,PRINCE GEORGE`S (33),0,NOT APPLICABLE,3,3,6,June,2022,6,Friday,20,8:00pm-8:59pm,46,46,0,This section IS NOT on the NHS,2,Urban,4,Minor Arterial,2,County Highway Agency,4,County Road,CR-14,,4,4,39.01958611,39.01958611,-76.938927780,-76.93892778,0,No Special Jurisdiction,12,Motor Vehicle In-Transport,2,Front-to-Front,0,No,1,Non-Junction,1,Not an Intersection,0,None,,,1,On Roadway,6,Dark - Unknown Lighting,,,,,98,Not Reported,0,No,0000000,Not Applicable,20,8:00pm-8:59pm,45,45,20,8:00pm-8:59pm,51,51,21,9:00pm-9:59pm,19,19,,,,,,,1,
2022,24,240178,Maryland,1,1,0,1,1,1,1,17,CHARLES (17),0,NOT APPLICABLE,24,24,5,May,2022,3,Tuesday,10,10:00am-10:59am,15,15,0,This section IS NOT on the NHS,6,Trafficway Not in State Inventory,96,Trafficway Not in State Inventory,96,Trafficway Not in State Inventory,8,Other,NONE,,99998,Not Reported,38.63017222,38.63017222,-76.907411110,-76.90741111,0,No Special Jurisdiction,8,Pedestrian,0,The First Harmful Event was Not a Collision with a Motor Vehicle in Transport,0,No,1,Non-Junction,1,Not an Intersection,0,None,,,1,On Roadway,1,Daylight,,,,,2,Rain,0,No,0000000,Not Applicable,10,10:00am-10:59am,19,19,10,10:00am-10:59am,25,25,11,11:00am-11:59am,26,26,,,,,,,1,
2022,24,240179,Maryland,2,2,0,0,0,2,2,33,PRINCE GEORGE`S (33),0,NOT APPLICABLE,15,15,6,June,2022,4,Wednesday,19,7:00pm-7:59pm,47,47,0,This section IS NOT on the NHS,2,Urban,3,Principal Arterial - Other,1,State Highway Agency,3,State Highway,SR-214,CR-297,2,2,38.88945278,38.88945278,-76.910158330,-76.91015833,0,No Special Jurisdiction,12,Motor Vehicle In-Transport,6,Angle,0,No,2,Intersection,2,Four-Way Intersection,0,None,,,1,On Roadway,5,Dusk,,,,,10,Cloudy,0,No,0000000,Not Applicable,19,7:00pm-7:59pm,47,47,19,7:00pm-7:59pm,53,53,20,8:00pm-8:59pm,12,12,,,,,,,1,
2022,24,240180,Maryland,3,3,0,0,0,6,6,23,GARRETT (23),0,NOT APPLICABLE,12,12,6,June,2022,1,Sunday,12,12:00pm-12:59pm,20,20,1,This section IS ON the NHS,2,Urban,3,Principal Arterial - Other,1,State Highway Agency,2,U.S. Highway,US-219,,292,292,39.60974167,39.60974167,-79.333577780,-79.33357778,0,No Special Jurisdiction,12,Motor Vehicle In-Transport,6,Angle,0,No,1,Non-Junction,1,Not an Intersection,0,None,,,1,On Roadway,1,Daylight,,,,,10,Cloudy,0,No,0000000,Not Applicable,12,12:00pm-12:59pm,16,16,12,12:00pm-12:59pm,35,35,99,Unknown,99,Unknown EMS Hospital Arrival Time,,,,,,,1,
2022,24,240181,Maryland,2,2,0,0,0,2,2,5,BALTIMORE (5),0,NOT APPLICABLE,16,16,6,June,2022,5,Thursday,23,11:00pm-11:59pm,39,39,1,This section IS ON the NHS,2,Urban,1,Interstate,1,State Highway Agency,1,Interstate,I-695,,72,72,39.30598056,39.30598056,-76.744025000,-76.74402500,0,No Special Jurisdiction,12,Motor Vehicle In-Transport,99,Reported as Unknown,0,No,1,Non-Junction,1,Not an Intersection,4,"Work Zone, Type Unknown",,,1,On Roadway,3,Dark - Lighted,,,,,1,Clear,0,No,0000000,Not Applicable,23,11:00pm-11:59pm,28,28,23,11:00pm-11:59pm,49,49,88,"Not Applicable (Not Transported) ",88,Not Applicable (Not Transported),,,,,,,1,
2022,24,240182,Maryland,1,1,0,1,1,1,1,11,CAROLINE (11),0,NOT APPLICABLE,11,11,6,June,2022,7,Saturday,13,1:00pm-1:59pm,6,6,0,This section IS NOT on the NHS,2,Urban,4,Minor Arterial,1,State Highway Agency,3,State Highway,SR-318,,57,57,38.69607778,38.69607778,-75.792461110,-75.79246111,0,No Special Jurisdiction,9,Pedalcyclist,0,The First Harmful Event was Not a Collision with a Motor Vehicle in Transport,0,No,1,Non-Junction,1,Not an Intersection,0,None,,,1,On Roadway,1,Daylight,,,,,10,Cloudy,0,No,0000000,Not Applicable,13,1:00pm-1:59pm,7,7,13,1:00pm-1:59pm,14,14,88,"Not Applicable (Not Transported) ",88,Not Applicable (Not Transported),,,,,,,1,
2022,24,240183,Maryland,1,1,0,1,1,1,1,21,FREDERICK (21),0,NOT APPLICABLE,17,17,6,June,2022,6,Friday,3,3:00am-3:59am,3,3,1,This section IS ON the NHS,2,Urban,1,Interstate,1,State Highway Agency,1,Interstate,I-70,,56,56,39.48389722,39.48389722,-77.542908330,-77.54290833,0,No Special Jurisdiction,8,Pedestrian,0,The First Harmful Event was Not a Collision with a Motor Vehicle in Transport,0,No,1,Non-Junction,1,Not an Intersection,0,None,,,1,On Roadway,2,Dark - Not Lighted,,,,,1,Clear,0,No,0000000,Not Applicable,3,3:00am-3:59am,4,4,3,3:00am-3:59am,15,15,99,Unknown,99,Unknown EMS Hospital Arrival Time,,,,,,,1,
2022,24,240184,Maryland,3,1,2,1,3,1,3,43,WASHINGTON (43),0,NOT APPLICABLE,13,13,6,June,2022,2,Monday,4,4:00am-4:59am,19,19,1,This section IS ON the NHS,2,Urban,1,Interstate,1,State Highway Agency,1,Interstate,I-70,,343,343,39.58884444,39.58884444,-77.645972220,-77.64597222,0,No Special Jurisdiction,8,Pedestrian,0,The First Harmful Event was Not a Collision with a Motor Vehicle in Transport,0,No,1,Non-Junction,1,Not an Intersection,4,"Work Zone, Type Unknown",,,5,Outside Trafficway,3,Dark - Lighted,,,,,10,Cloudy,0,No,0000000,Not Applicable,4,4:00am-4:59am,16,16,4,4:00am-4:59am,25,25,99,Unknown,99,Unknown EMS Hospital Arrival Time,,,,,,,1,
2022,24,240185,Maryland,2,1,1,2,2,1,1,5,BALTIMORE (5),0,NOT APPLICABLE,18,18,6,June,2022,7,Saturday,15,3:00pm-3:59pm,31,31,1,This section IS ON the NHS,2,Urban,1,Interstate,1,State Highway Agency,1,Interstate,I-83,,176,176,39.60449444,39.60449444,-76.658847220,-76.65884722,0,No Special Jurisdiction,14,Parked Motor Vehicle,0,The First Harmful Event was Not a Collision with a Motor Vehicle in Transport,0,No,1,Non-Junction,1,Not an Intersection,0,None,,,2,On Shoulder,1,Daylight,,,,,1,Clear,0,No,0000000,Not Applicable,15,3:00pm-3:59pm,22,22,15,3:00pm-3:59pm,31,31,88,"Not Applicable (Not Transported) ",88,Not Applicable (Not Transported),,,,,,,1,
2022,24,240186,Maryland,1,1,0,0,0,2,2,31,MONTGOMERY (31),0,NOT APPLICABLE,18,18,6,June,2022,7,Saturday,8,8:00am-8:59am,16,16,1,This section IS ON the NHS,2,Urban,3,Principal Arterial - Other,1,State Highway Agency,3,State Highway,SR-27,,97,97,39.32556667,39.32556667,-77.194738890,-77.19473889,0,No Special Jurisdiction,42,Tree (Standing Only),0,The First Harmful Event was Not a Collision with a Motor Vehicle in Transport,0,No,1,Non-Junction,1,Not an Intersection,0,None,,,4,On Roadside,1,Daylight,,,,,10,Cloudy,0,No,0000000,Not Applicable,99,Unknown,99,Unknown,99,Unknown EMS Scene Arrival Hour,99,Unknown EMS Scene Arrival Minutes,99,Unknown,99,Unknown EMS Hospital Arrival Time,,,,,,,1,
2022,24,240187,Maryland,3,3,0,0,0,5,5,37,ST. MARY`S (37),0,NOT APPLICABLE,14,14,6,June,2022,3,Tuesday,18,6:00pm-6:59pm,9,9,0,This section IS NOT on the NHS,2,Urban,3,Principal Arterial - Other,1,State Highway Agency,3,State Highway,SR-235,CR-352,99,99,38.24746667,38.24746667,-76.423294440,-76.42329444,0,No Special Jurisdiction,12,Motor Vehicle In-Transport,2,Front-to-Front,0,No,2,Intersection,2,Four-Way Intersection,0,None,,,1,On Roadway,1,Daylight,,,,,1,Clear,0,No,0000000,Not Applicable,18,6:00pm-6:59pm,8,8,18,6:00pm-6:59pm,25,25,19,7:00pm-7:59pm,24,24,,,,,,,1,
2022,24,240188,Maryland,1,1,0,1,1,1,1,27,HOWARD (27),0,NOT APPLICABLE,5,5,6,June,2022,1,Sunday,23,11:00pm-11:59pm,7,7,0,This section IS NOT on the NHS,2,Urban,4,Minor Arterial,1,State Highway Agency,3,State Highway,SR-99,,62,62,39.29707778,39.29707778,-76.847541670,-76.84754167,0,No Special Jurisdiction,8,Pedestrian,0,The First Harmful Event was Not a Collision with a Motor Vehicle in Transport,0,No,1,Non-Junction,1,Not an Intersection,0,None,,,2,On Shoulder,2,Dark - Not Lighted,,,,,1,Clear,0,No,0000000,Not Applicable,99,Unknown,99,Unknown,99,Unknown EMS Scene Arrival Hour,99,Unknown EMS Scene Arrival Minutes,99,Unknown,99,Unknown EMS Hospital Arrival Time,,,,,,,1,
2022,24,240189,Maryland,2,2,0,0,0,2,2,27,HOWARD (27),0,NOT APPLICABLE,6,6,6,June,2022,2,Monday,6,6:00am-6:59am,37,37,1,This section IS ON the NHS,2,Urban,2,Principal Arterial - Other Freeways and Expressways,1,State Highway Agency,3,State Highway,SR-175,I-95 RAMP,24,24,39.17975556,39.17975556,-76.790138890,-76.79013889,0,No Special Jurisdiction,12,Motor Vehicle In-Transport,6,Angle,1,Yes,2,Intersection,3,T-Intersection,0,None,,,1,On Roadway,1,Daylight,,,,,1,Clear,0,No,0000000,Not Applicable,6,6:00am-6:59am,37,37,6,6:00am-6:59am,45,45,99,Unknown,99,Unknown EMS Hospital Arrival Time,,,,,,,1,
2022,24,240190,Maryland,2,2,0,0,0,2,2,21,FREDERICK (21),0,NOT APPLICABLE,7,7,6,June,2022,3,Tuesday,23,11:00pm-11:59pm,51,51,1,This section IS ON the NHS,2,Urban,2,Principal Arterial - Other Freeways and Expressways,1,State Highway Agency,2,U.S. Highway,US-15,,227,227,39.55409722,39.55409722,-77.430266670,-77.43026667,0,No Special Jurisdiction,12,Motor Vehicle In-Transport,2,Front-to-Front,0,No,1,Non-Junction,1,Not an Intersection,0,None,,,1,On Roadway,3,Dark - Lighted,,,,,1,Clear,0,No,0000000,Not Applicable,23,11:00pm-11:59pm,51,51,0,0:00am-0:59am,0,0,99,Unknown,99,Unknown EMS Hospital Arrival Time,,,,,,,1,
2022,24,240191,Maryland,1,1,0,0,0,2,2,13,CARROLL (13),0,NOT APPLICABLE,19,19,6,June,2022,1,Sunday,3,3:00am-3:59am,43,43,0,This section IS NOT on the NHS,2,Urban,4,Minor Arterial,1,State Highway Agency,3,State Highway,SR-27,,250,250,39.65138056,39.65138056,-76.908630560,-76.90863056,0,No Special Jurisdiction,30,Utility Pole/Light Support,0,The First Harmful Event was Not a Collision with a Motor Vehicle in Transport,0,No,1,Non-Junction,1,Not an Intersection,0,None,,,4,On Roadside,2,Dark - Not Lighted,,,,,1,Clear,0,No,0000000,Not Applicable,3,3:00am-3:59am,37,37,3,3:00am-3:59am,46,46,99,Unknown,99,Unknown EMS Hospital Arrival Time,,,,,,,2,
2022,24,240192,Maryland,1,1,0,0,0,1,1,9,CALVERT (9),0,NOT APPLICABLE,3,3,6,June,2022,6,Friday,20,8:00pm-8:59pm,41,41,0,This section IS NOT on the NHS,2,Urban,7,Local,2,County Highway Agency,4,County Road,CR-31 BREEZY POINT RD,,8,8,38.62267778,38.62267778,-76.522438890,-76.52243889,0,No Special Jurisdiction,42,Tree (Standing Only),0,The First Harmful Event was Not a Collision with a Motor Vehicle in Transport,0,No,1,Non-Junction,1,Not an Intersection,0,None,,,4,On Roadside,2,Dark - Not Lighted,,,,,1,Clear,0,No,0000000,Not Applicable,99,Unknown,99,Unknown,99,Unknown EMS Scene Arrival Hour,99,Unknown EMS Scene Arrival Minutes,88,"Not Applicable (Not Transported) ",88,Not Applicable (Not Transported),,,,,,,1,
2022,24,240193,Maryland,2,2,0,0,0,3,3,3,ANNE ARUNDEL (3),0,NOT APPLICABLE,25,25,6,June,2022,7,Saturday,16,4:00pm-4:59pm,0,0,0,This section IS NOT on the NHS,2,Urban,5,Major Collector,2,County Highway Agency,4,County Road,CR-443,,3,3,39.17346111,39.17346111,-76.599869440,-76.59986944,0,No Special Jurisdiction,12,Motor Vehicle In-Transport,6,Angle,0,No,1,Non-Junction,1,Not an Intersection,0,None,,,1,On Roadway,1,Daylight,,,,,1,Clear,0,No,0000000,Not Applicable,16,4:00pm-4:59pm,0,0,16,4:00pm-4:59pm,4,4,99,Unknown,99,Unknown EMS Hospital Arrival Time,,,,,,,1,
2022,24,240194,Maryland,1,1,0,1,1,1,1,510,BALTIMORE (CITY) (510),50,BALTIMORE,4,4,4,April,2022,2,Monday,5,5:00am-5:59am,45,45,0,This section IS NOT on the NHS,2,Urban,4,Minor Arterial,4,City or Municipal Highway Agency,6,Local Street - Municipality,MU-1030,,0,None,39.32816111,39.32816111,-76.533669440,-76.53366944,0,No Special Jurisdiction,8,Pedestrian,0,The First Harmful Event was Not a Collision with a Motor Vehicle in Transport,0,No,1,Non-Junction,1,Not an Intersection,0,None,,,1,On Roadway,3,Dark - Lighted,,,,,10,Cloudy,0,No,0000000,Not Applicable,5,5:00am-5:59am,44,44,5,5:00am-5:59am,57,57,6,6:00am-6:59am,38,38,,,,,,,1,
2022,24,240195,Maryland,1,1,0,1,1,1,1,33,PRINCE GEORGE`S (33),0,NOT APPLICABLE,22,22,6,June,2022,4,Wednesday,21,9:00pm-9:59pm,3,3,1,This section IS ON the NHS,2,Urban,3,Principal Arterial - Other,1,State Highway Agency,3,State Highway,SR-410,,9,9,38.97150278,38.97150278,-76.978991670,-76.97899167,0,No Special Jurisdiction,8,Pedestrian,0,The First Harmful Event was Not a Collision with a Motor Vehicle in Transport,0,No,1,Non-Junction,1,Not an Intersection,0,None,,,1,On Roadway,2,Dark - Not Lighted,,,,,2,Rain,0,No,0000000,Not Applicable,21,9:00pm-9:59pm,2,2,21,9:00pm-9:59pm,7,7,21,9:00pm-9:59pm,49,49,,,,,,,1,
2022,24,240196,Maryland,1,1,0,1,1,1,1,31,MONTGOMERY (31),0,NOT APPLICABLE,24,24,6,June,2022,6,Friday,4,4:00am-4:59am,30,30,1,This section IS ON the NHS,2,Urban,3,Principal Arterial - Other,1,State Highway Agency,3,State Highway,SR-97,,83,83,39.09968056,39.09968056,-77.077616670,-77.07761667,0,No Special Jurisdiction,8,Pedestrian,0,The First Harmful Event was Not a Collision with a Motor Vehicle in Transport,0,No,1,Non-Junction,1,Not an Intersection,0,None,,,1,On Roadway,2,Dark - Not Lighted,,,,,1,Clear,0,No,0000000,Not Applicable,4,4:00am-4:59am,33,33,4,4:00am-4:59am,42,42,88,"Not Applicable (Not Transported) ",88,Not Applicable (Not Transported),,,,,,,1,
2022,24,240197,Maryland,2,2,0,0,0,2,2,33,PRINCE GEORGE`S (33),0,NOT APPLICABLE,8,8,6,June,2022,4,Wednesday,6,6:00am-6:59am,26,26,0,This section IS NOT on the NHS,2,Urban,4,Minor Arterial,2,County Highway Agency,4,County Road,CR-97,,12,12,38.86796389,38.86796389,-76.820022220,-76.82002222,0,No Special Jurisdiction,12,Motor Vehicle In-Transport,2,Front-to-Front,0,No,1,Non-Junction,1,Not an Intersection,0,None,,,1,On Roadway,1,Daylight,,,,,1,Clear,0,No,0000000,Not Applicable,6,6:00am-6:59am,28,28,6,6:00am-6:59am,48,48,7,7:00am-7:59am,0,0,,,,,,,1,
2022,24,240198,Maryland,2,2,0,0,0,2,2,15,CECIL (15),0,NOT APPLICABLE,24,24,6,June,2022,6,Friday,21,9:00pm-9:59pm,20,20,0,This section IS NOT on the NHS,2,Urban,4,Minor Arterial,1,State Highway Agency,3,State Highway,SR-213,CR-279,139,139,39.54026944,39.54026944,-75.806786110,-75.80678611,0,No Special Jurisdiction,12,Motor Vehicle In-Transport,2,Front-to-Front,0,No,2,Intersection,3,T-Intersection,0,None,,,1,On Roadway,3,Dark - Lighted,,,,,1,Clear,0,No,0000000,Not Applicable,21,9:00pm-9:59pm,17,17,21,9:00pm-9:59pm,22,22,88,"Not Applicable (Not Transported) ",88,Not Applicable (Not Transported),,,,,,,1,
2022,24,240199,Maryland,1,1,0,0,0,1,1,33,PRINCE GEORGE`S (33),170,BOWIE,25,25,6,June,2022,7,Saturday,3,3:00am-3:59am,15,15,0,This section IS NOT on the NHS,2,Urban,5,Major Collector,4,City or Municipal Highway Agency,6,Local Street - Municipality,MU-1915,,5,5,38.92491667,38.92491667,-76.723311110,-76.72331111,0,No Special Jurisdiction,42,Tree (Standing Only),0,The First Harmful Event was Not a Collision with a Motor Vehicle in Transport,0,No,1,Non-Junction,1,Not an Intersection,0,None,,,4,On Roadside,3,Dark - Lighted,,,,,1,Clear,0,No,0000000,Not Applicable,99,Unknown,99,Unknown,99,Unknown EMS Scene Arrival Hour,99,Unknown EMS Scene Arrival Minutes,88,"Not Applicable (Not Transported) ",88,Not Applicable (Not Transported),,,,,,,1,
2022,24,240200,Maryland,3,3,0,1,1,3,3,33,PRINCE GEORGE`S (33),0,NOT APPLICABLE,23,23,6,June,2022,5,Thursday,23,11:00pm-11:59pm,49,49,1,This section IS ON the NHS,2,Urban,3,Principal Arterial - Other,1,State Highway Agency,3,State Highway,SR-458 SILVER HILL RD,,9,9,38.84370000,38.84370000,-76.930127780,-76.93012778,0,No Special Jurisdiction,8,Pedestrian,0,The First Harmful Event was Not a Collision with a Motor Vehicle in Transport,0,No,1,Non-Junction,1,Not an Intersection,0,None,,,1,On Roadway,3,Dark - Lighted,,,,,10,Cloudy,0,No,0000000,Not Applicable,99,Unknown,99,Unknown,99,Unknown EMS Scene Arrival Hour,99,Unknown EMS Scene Arrival Minutes,88,"Not Applicable (Not Transported) ",88,Not Applicable (Not Transported),,,,,,,1,
2022,24,240202,Maryland,4,4,0,0,0,9,9,25,HARFORD (25),0,NOT APPLICABLE,29,29,6,June,2022,4,Wednesday,18,6:00pm-6:59pm,9,9,1,This section IS ON the NHS,2,Urban,1,Interstate,1,State Highway Agency,1,Interstate,I-95,,163,163,39.57608889,39.57608889,-76.127708330,-76.12770833,0,No Special Jurisdiction,12,Motor Vehicle In-Transport,1,Front-to-Rear,0,No,1,Non-Junction,1,Not an Intersection,0,None,,,2,On Shoulder,1,Daylight,,,,,1,Clear,0,No,0000000,Not Applicable,18,6:00pm-6:59pm,12,12,18,6:00pm-6:59pm,17,17,99,Unknown,99,Unknown EMS Hospital Arrival Time,,,,,,,1,
2022,24,240203,Maryland,1,1,0,1,1,1,1,3,ANNE ARUNDEL (3),0,NOT APPLICABLE,25,25,6,June,2022,7,Saturday,2,2:00am-2:59am,6,6,0,This section IS NOT on the NHS,2,Urban,4,Minor Arterial,1,State Highway Agency,3,State Highway,SR-648E,,22,22,39.15712222,39.15712222,-76.607163890,-76.60716389,0,No Special Jurisdiction,8,Pedestrian,0,The First Harmful Event was Not a Collision with a Motor Vehicle in Transport,0,No,1,Non-Junction,1,Not an Intersection,0,None,,,1,On Roadway,2,Dark - Not Lighted,,,,,1,Clear,0,No,0000000,Not Applicable,2,2:00am-2:59am,8,8,2,2:00am-2:59am,14,14,88,"Not Applicable (Not Transported) ",88,Not Applicable (Not Transported),,,,,,,1,
2022,24,240204,Maryland,2,2,0,0,0,6,6,33,PRINCE GEORGE`S (33),0,NOT APPLICABLE,28,28,6,June,2022,3,Tuesday,20,8:00pm-8:59pm,33,33,0,This section IS NOT on the NHS,2,Urban,4,Minor Arterial,2,County Highway Agency,4,County Road,CR-42,,21,21,38.97661389,38.97661389,-76.879386110,-76.87938611,0,No Special Jurisdiction,12,Motor Vehicle In-Transport,6,Angle,0,No,1,Non-Junction,1,Not an Intersection,0,None,,,1,On Roadway,1,Daylight,,,,,1,Clear,0,No,0000000,Not Applicable,20,8:00pm-8:59pm,34,34,20,8:00pm-8:59pm,40,40,21,9:00pm-9:59pm,25,25,,,,,,,1,
2022,24,240205,Maryland,2,2,0,1,1,3,3,33,PRINCE GEORGE`S (33),0,NOT APPLICABLE,5,5,7,July,2022,3,Tuesday,23,11:00pm-11:59pm,16,16,1,This section IS ON the NHS,2,Urban,1,Interstate,1,State Highway Agency,1,Interstate,I-595,,51,51,38.94750833,38.94750833,-76.837408330,-76.83740833,0,No Special Jurisdiction,8,Pedestrian,0,The First Harmful Event was Not a Collision with a Motor Vehicle in Transport,0,No,1,Non-Junction,1,Not an Intersection,0,None,,,3,On Median,2,Dark - Not Lighted,,,,,1,Clear,0,No,0000000,Not Applicable,23,11:00pm-11:59pm,12,12,23,11:00pm-11:59pm,21,21,88,"Not Applicable (Not Transported) ",88,Not Applicable (Not Transported),,,,,,,1,
2022,24,240206,Maryland,2,2,0,1,1,2,2,5,BALTIMORE (5),0,NOT APPLICABLE,1,1,4,April,2022,6,Friday,3,3:00am-3:59am,44,44,0,This section IS NOT on the NHS,2,Urban,5,Major Collector,2,County Highway Agency,4,County Road,CR-8007,CR-5462,17,17,39.28632222,39.28632222,-76.502708330,-76.50270833,0,No Special Jurisdiction,8,Pedestrian,0,The First Harmful Event was Not a Collision with a Motor Vehicle in Transport,0,No,3,Intersection-Related,2,Four-Way Intersection,0,None,,,1,On Roadway,3,Dark - Lighted,,,,,2,Rain,0,No,0000000,Not Applicable,3,3:00am-3:59am,42,42,3,3:00am-3:59am,47,47,88,"Not Applicable (Not Transported) ",88,Not Applicable (Not Transported),,,,,,,1,
2022,24,240207,Maryland,1,1,0,0,0,2,2,1,ALLEGANY (1),0,NOT APPLICABLE,18,18,6,June,2022,7,Saturday,1,1:00am-1:59am,15,15,0,This section IS NOT on the NHS,2,Urban,4,Minor Arterial,1,State Highway Agency,3,State Highway,SR-807,,23,23,39.70282778,39.70282778,-78.715883330,-78.71588333,0,No Special Jurisdiction,35,Embankment,0,The First Harmful Event was Not a Collision with a Motor Vehicle in Transport,0,No,1,Non-Junction,1,Not an Intersection,0,None,,,4,On Roadside,3,Dark - Lighted,,,,,1,Clear,0,No,0000000,Not Applicable,1,1:00am-1:59am,10,10,1,1:00am-1:59am,28,28,99,Unknown,99,Unknown EMS Hospital Arrival Time,,,,,,,1,
2022,24,240208,Maryland,1,1,0,0,0,1,1,15,CECIL (15),0,NOT APPLICABLE,6,6,7,July,2022,4,Wednesday,21,9:00pm-9:59pm,26,26,0,This section IS NOT on the NHS,1,Rural,6,Minor Collector,2,County Highway Agency,4,County Road,CR-167,,24,24,39.62962778,39.62962778,-75.920622220,-75.92062222,0,No Special Jurisdiction,30,Utility Pole/Light Support,0,The First Harmful Event was Not a Collision with a Motor Vehicle in Transport,0,No,1,Non-Junction,1,Not an Intersection,0,None,,,4,On Roadside,2,Dark - Not Lighted,,,,,98,Not Reported,0,No,0000000,Not Applicable,21,9:00pm-9:59pm,32,32,21,9:00pm-9:59pm,41,41,88,"Not Applicable (Not Transported) ",88,Not Applicable (Not Transported),,,,,,,1,
2022,24,240209,Maryland,1,1,0,0,0,1,1,27,HOWARD (27),0,NOT APPLICABLE,6,6,7,July,2022,4,Wednesday,4,4:00am-4:59am,42,42,1,This section IS ON the NHS,2,Urban,2,Principal Arterial - Other Freeways and Expressways,1,State Highway Agency,2,U.S. Highway,US-29,,129,129,39.29079722,39.29079722,-76.825272220,-76.82527222,0,No Special Jurisdiction,43,Other Fixed Object,0,The First Harmful Event was Not a Collision with a Motor Vehicle in Transport,0,No,1,Non-Junction,1,Not an Intersection,0,None,,,3,On Median,2,Dark - Not Lighted,,,,,10,Cloudy,0,No,0000000,Not Applicable,4,4:00am-4:59am,36,36,5,5:00am-5:59am,1,1,88,"Not Applicable (Not Transported) ",88,Not Applicable (Not Transported),,,,,,,1,
2022,24,240210,Maryland,1,1,0,1,1,1,1,47,WORCESTER (47),0,NOT APPLICABLE,11,11,7,July,2022,2,Monday,22,10:00pm-10:59pm,44,44,0,This section IS NOT on the NHS,2,Urban,7,Local,25,Other Local Agency,8,Other,OP-451,,0,None,38.34861944,38.34861944,-75.179322220,-75.17932222,0,No Special Jurisdiction,8,Pedestrian,0,The First Harmful Event was Not a Collision with a Motor Vehicle in Transport,0,No,1,Non-Junction,1,Not an Intersection,0,None,,,1,On Roadway,2,Dark - Not Lighted,,,,,1,Clear,0,No,0000000,Not Applicable,22,10:00pm-10:59pm,40,40,22,10:00pm-10:59pm,46,46,23,11:00pm-11:59pm,4,4,,,,,,,1,
2022,24,240211,Maryland,1,1,0,0,0,1,1,21,FREDERICK (21),0,NOT APPLICABLE,10,10,7,July,2022,1,Sunday,6,6:00am-6:59am,58,58,0,This section IS NOT on the NHS,2,Urban,4,Minor Arterial,1,State Highway Agency,3,State Highway,SR-85,,0,None,39.26202500,39.26202500,-77.465291670,-77.46529167,0,No Special Jurisdiction,31,"Post, Pole or Other Supports",0,The First Harmful Event was Not a Collision with a Motor Vehicle in Transport,0,No,1,Non-Junction,1,Not an Intersection,0,None,,,4,On Roadside,1,Daylight,,,,,1,Clear,0,No,0000000,Not Applicable,6,6:00am-6:59am,49,49,6,6:00am-6:59am,56,56,88,"Not Applicable (Not Transported) ",88,Not Applicable (Not Transported),,,,,,,1,