caseyear,state,st_case,statename,ve_total,ve_forms,pvh_invl,peds,pernotmvit,permvit,persons,county,countyname,city,cityname,day,dayname,month,monthname,year,day_week,day_weekname,hour,hourname,minute,minutename,nhs,nhsname,rur_urb,rur_urbname,func_sys,func_sysname,rd_owner,rd_ownername,route,routename,tway_id,tway_id2,milept,mileptname,latitude,latitudename,longitud,longitudname,sp_jur,sp_jurname,harm_ev,harm_evname,man_coll,man_collname,reljct1,reljct1name,reljct2,reljct2name,typ_int,typ_intname,wrk_zone,wrk_zonename,road_fnc,road_fncname,rel_road,rel_roadname,lgt_cond,lgt_condname,weather1,weather1name,weather2,weather2name,weather,weathername,sch_bus,sch_busname,rail,railname,not_hour,not_hourname,not_min,not_minname,arr_hour,arr_hourname,arr_min,arr_minname,hosp_hr,hosp_hrname,hosp_mn,hosp_mnname,cf1,cf1name,cf2,cf2name,cf3,cf3name,fatals,drunk_dr
2022,24,240250,Maryland,2,2,0,0,0,4,4,35,QUEEN ANNE`S (35),0,NOT APPLICABLE,3,3,8,August,2022,4,Wednesday,10,10:00am-10:59am,38,38,0,This section IS NOT on the NHS,2,Urban,4,Minor Arterial,1,State Highway Agency,3,State Highway,SR-213,,31,31,38.98203889,38.98203889,-76.070972220,-76.07097222,0,No Special Jurisdiction,12,Motor Vehicle In-Transport,8,Sideswipe - Opposite Direction,0,No,1,Non-Junction,1,Not an Intersection,0,None,,,1,On Roadway,1,Daylight,,,,,1,Clear,0,No,0000000,Not Applicable,10,10:00am-10:59am,33,33,10,10:00am-10:59am,45,45,12,12:00pm-12:59pm,7,7,,,,,,,1,
2022,24,240251,Maryland,1,1,0,0,0,1,1,41,TALBOT (41),0,NOT APPLICABLE,3,3,8,August,2022,4,Wednesday,0,0:00am-0:59am,32,32,0,This section IS NOT on the NHS,2,Urban,4,Minor Arterial,2,County Highway Agency,3,State Highway,SR-331,,32,32,38.77180833,38.77180833,-76.039591670,-76.03959167,0,No Special Jurisdiction,31,"Post, Pole or Other Supports",0,The First Harmful Event was Not a Collision with a Motor Vehicle in Transport,0,No,1,Non-Junction,1,Not an Intersection,0,None,,,4,On Roadside,2,Dark - Not Lighted,,,,,1,Clear,0,No,0000000,Not Applicable,0,0:00am-0:59am,20,20,0,0:00am-0:59am,31,31,88,"Not Applicable (Not Transported) ",88,Not Applicable (Not Transported),,,,,,,1,
2022,24,240252,Maryland,2,2,0,0,0,2,2,510,BALTIMORE (CITY) (510),50,BALTIMORE,26,26,7,July,2022,3,Tuesday,23,11:00pm-11:59pm,5,5,0,This section IS NOT on the NHS,2,Urban,4,Minor Arterial,4,City or Municipal Highway Agency,6,Local Street - Municipality,MU-1023,EVERGREEN ST,13,13,39.31554444,39.31554444,-76.659691670,-76.65969167,0,No Special Jurisdiction,12,Motor Vehicle In-Transport,6,Angle,0,No,2,Intersection,2,Four-Way Intersection,0,None,,,1,On Roadway,3,Dark - Lighted,,,,,1,Clear,0,No,0000000,Not Applicable,23,11:00pm-11:59pm,7,7,23,11:00pm-11:59pm,21,21,23,11:00pm-11:59pm,39,39,,,,,,,1,
2022,24,240253,Maryland,2,1,1,0,1,1,2,25,HARFORD (25),0,NOT APPLICABLE,6,6,8,August,2022,7,Saturday,6,6:00am-6:59am,48,48,1,This section IS ON the NHS,2,Urban,1,Interstate,1,State Highway Agency,1,Interstate,I-95 RAMP,,169,169,39.57500833,39.57500833,-76.132930560,-76.13293056,0,No Special Jurisdiction,14,Parked Motor Vehicle,0,The First Harmful Event was Not a Collision with a Motor Vehicle in Transport,1,Yes,5,Entrance/Exit Ramp Related,1,Not an Intersection,0,None,,,8,Gore,1,Daylight,,,,,1,Clear,0,No,0000000,Not Applicable,6,6:00am-6:59am,47,47,6,6:00am-6:59am,58,58,99,Unknown,99,Unknown EMS Hospital Arrival Time,,,,,,,1,
2022,24,240254,Maryland,2,2,0,0,0,2,2,17,CHARLES (17),0,NOT APPLICABLE,10,10,8,August,2022,4,Wednesday,23,11:00pm-11:59pm,39,39,1,This section IS ON the NHS,2,Urban,3,Principal Arterial - Other,1,State Highway Agency,2,U.S. Highway,US-301,CR-471,176,176,38.56895000,38.56895000,-76.980655560,-76.98065556,0,No Special Jurisdiction,12,Motor Vehicle In-Transport,6,Angle,0,No,2,Intersection,2,Four-Way Intersection,0,None,,,1,On Roadway,3,Dark - Lighted,,,,,10,Cloudy,0,No,0000000,Not Applicable,23,11:00pm-11:59pm,40,40,23,11:00pm-11:59pm,50,50,99,Unknown,99,Unknown EMS Hospital Arrival Time,,,,,,,1,
2022,24,240255,Maryland,2,2,0,0,0,2,2,21,FREDERICK (21),0,NOT APPLICABLE,7,7,8,August,2022,1,Sunday,8,8:00am-8:59am,59,59,1,This section IS ON the NHS,2,Urban,1,Interstate,1,State Highway Agency,1,Interstate,I-270,,12,12,39.30356667,39.30356667,-77.339619440,-77.33961944,0,No Special Jurisdiction,12,Motor Vehicle In-Transport,7,Sideswipe - Same Direction,0,No,1,Non-Junction,1,Not an Intersection,0,None,,,1,On Roadway,1,Daylight,,,,,1,Clear,0,No,0000000,Not Applicable,8,8:00am-8:59am,57,57,9,9:00am-9:59am,2,2,88,"Not Applicable (Not Transported) ",88,Not Applicable (Not Transported),,,,,,,1,
2022,24,240256,Maryland,2,2,0,0,0,2,2,43,WASHINGTON (43),0,NOT APPLICABLE,4,4,8,August,2022,5,Thursday,10,10:00am-10:59am,47,47,0,This section IS NOT on the NHS,2,Urban,5,Major Collector,1,State Highway Agency,3,State Highway,SR-58,,9,9,39.69160000,39.69160000,-77.768550000,-77.76855000,0,No Special Jurisdiction,12,Motor Vehicle In-Transport,2,Front-to-Front,0,No,1,Non-Junction,1,Not an Intersection,0,None,,,1,On Roadway,1,Daylight,,,,,1,Clear,0,No,0000000,Not Applicable,10,10:00am-10:59am,34,34,10,10:00am-10:59am,41,41,99,Unknown,99,Unknown EMS Hospital Arrival Time,,,,,,,1,
2022,24,240257,Maryland,1,1,0,1,1,1,1,21,FREDERICK (21),0,NOT APPLICABLE,6,6,8,August,2022,7,Saturday,2,2:00am-2:59am,34,34,1,This section IS ON the NHS,2,Urban,1,Interstate,1,State Highway Agency,1,Interstate,I-70,,232,232,39.38206111,39.38206111,-77.263863890,-77.26386389,0,No Special Jurisdiction,8,Pedestrian,0,The First Harmful Event was Not a Collision with a Motor Vehicle in Transport,0,No,1,Non-Junction,1,Not an Intersection,0,None,,,2,On Shoulder,2,Dark - Not Lighted,,,,,1,Clear,0,No,0000000,Not Applicable,2,2:00am-2:59am,42,42,2,2:00am-2:59am,49,49,88,"Not Applicable (Not Transported) ",88,Not Applicable (Not Transported),,,,,,,1,
2022,24,240258,Maryland,1,1,0,0,0,1,1,43,WASHINGTON (43),0,NOT APPLICABLE,2,2,8,August,2022,3,Tuesday,13,1:00pm-1:59pm,23,23,0,This section IS NOT on the NHS,2,Urban,5,Major Collector,1,State Highway Agency,3,State Highway,SR-632,,37,37,39.59290833,39.59290833,-77.767777780,-77.76777778,0,No Special Jurisdiction,59,"Traffic Sign Support ",0,The First Harmful Event was Not a Collision with a Motor Vehicle in Transport,0,No,1,Non-Junction,1,Not an Intersection,0,None,,,4,On Roadside,1,Daylight,,,,,1,Clear,0,No,0000000,Not Applicable,13,1:00pm-1:59pm,18,18,13,1:00pm-1:59pm,24,24,88,"Not Applicable (Not Transported) ",88,Not Applicable (Not Transported),,,,,,,1,
2022,24,240259,Maryland,2,2,0,0,0,2,2,3,ANNE ARUNDEL (3),0,NOT APPLICABLE,9,9,8,August,2022,3,Tuesday,20,8:00pm-8:59pm,25,25,0,This section IS NOT on the NHS,2,Urban,3,Principal Arterial - Other,1,State Highway Agency,3,State Highway,SR-170,BUCKINGHAM PL,48,48,39.15271389,39.15271389,-76.691619440,-76.69161944,0,No Special Jurisdiction,12,Motor Vehicle In-Transport,6,Angle,0,No,2,Intersection,3,T-Intersection,0,None,,,1,On Roadway,3,Dark - Lighted,,,,,1,Clear,0,No,0000000,Not Applicable,20,8:00pm-8:59pm,24,24,20,8:00pm-8:59pm,29,29,21,9:00pm-9:59pm,4,4,,,,,,,1,
2022,24,240260,Maryland,1,1,0,1,1,1,1,33,PRINCE GEORGE`S (33),0,NOT APPLICABLE,11,11,8,August,2022,5,Thursday,23,11:00pm-11:59pm,9,9,1,This section IS ON the NHS,2,Urban,3,Principal Arterial - Other,1,State Highway Agency,3,State Highway,SR-197,OFF RAMP FROM 50W,0,None,38.95176111,38.95176111,-76.742230560,-76.74223056,0,No Special Jurisdiction,8,Pedestrian,0,The First Harmful Event was Not a Collision with a Motor Vehicle in Transport,0,No,3,Intersection-Related,98,Not Reported,0,None,,,2,On Shoulder,3,Dark - Lighted,,,,,1,Clear,0,No,0000000,Not Applicable,23,11:00pm-11:59pm,7,7,23,11:00pm-11:59pm,13,13,88,"Not Applicable (Not Transported) ",88,Not Applicable (Not Transported),,,,,,,1,
2022,24,240261,Maryland,3,2,1,0,1,2,3,5,BALTIMORE (5),0,NOT APPLICABLE,15,15,8,August,2022,2,Monday,0,0:00am-0:59am,43,43,1,This section IS ON the NHS,2,Urban,1,Interstate,1,State Highway Agency,1,Interstate,I-95,,28,28,39.23990833,39.23990833,-76.697180560,-76.69718056,0,No Special Jurisdiction,12,Motor Vehicle In-Transport,6,Angle,0,No,1,Non-Junction,1,Not an Intersection,0,None,,,1,On Roadway,2,Dark - Not Lighted,,,,,10,Cloudy,0,No,0000000,Not Applicable,0,0:00am-0:59am,39,39,0,0:00am-0:59am,49,49,1,1:00am-1:59am,20,20,,,,,,,1,
2022,24,240262,Maryland,1,1,0,0,0,2,2,33,PRINCE GEORGE`S (33),0,NOT APPLICABLE,14,14,8,August,2022,1,Sunday,17,5:00pm-5:59pm,42,42,0,This section IS NOT on the NHS,2,Urban,4,Minor Arterial,1,State Highway Agency,3,State Highway,SR-223,,58,58,38.76153056,38.76153056,-76.914450000,-76.91445000,0,No Special Jurisdiction,33,Curb,0,The First Harmful Event was Not a Collision with a Motor Vehicle in Transport,0,No,1,Non-Junction,1,Not an Intersection,0,None,,,4,On Roadside,1,Daylight,,,,,10,Cloudy,0,No,0000000,Not Applicable,99,Unknown,99,Unknown,99,Unknown EMS Scene Arrival Hour,99,Unknown EMS Scene Arrival Minutes,99,Unknown,99,Unknown EMS Hospital Arrival Time,,,,,,,1,
2022,24,240263,Maryland,1,1,0,0,0,1,1,5,BALTIMORE (5),0,NOT APPLICABLE,11,11,5,May,2022,4,Wednesday,21,9:00pm-9:59pm,21,21,0,This section IS NOT on the NHS,2,Urban,5,Major Collector,1,State Highway Agency,3,State Highway,SR-147,,42,42,39.41914722,39.41914722,-76.506811110,-76.50681111,0,No Special Jurisdiction,24,Guardrail Face,0,The First Harmful Event was Not a Collision with a Motor Vehicle in Transport,0,No,1,Non-Junction,1,Not an Intersection,0,None,,,4,On Roadside,3,Dark - Lighted,,,,,1,Clear,0,No,0000000,Not Applicable,21,9:00pm-9:59pm,16,16,21,9:00pm-9:59pm,26,26,22,10:00pm-10:59pm,2,2,,,,,,,1,
2022,24,240264,Maryland,1,1,0,1,1,2,2,37,ST. MARY`S (37),0,NOT APPLICABLE,29,29,7,July,2022,6,Friday,15,3:00pm-3:59pm,18,18,0,This section IS NOT on the NHS,2,Urban,4,Minor Arterial,1,State Highway Agency,3,State Highway,SR-5,SR-5H,261,261,38.29148056,38.29148056,-76.626588890,-76.62658889,0,No Special Jurisdiction,8,Pedestrian,0,The First Harmful Event was Not a Collision with a Motor Vehicle in Transport,0,No,3,Intersection-Related,3,T-Intersection,0,None,,,1,On Roadway,1,Daylight,,,,,2,Rain,0,No,0000000,Not Applicable,15,3:00pm-3:59pm,19,19,15,3:00pm-3:59pm,27,27,15,3:00pm-3:59pm,36,36,,,,,,,1,
2022,24,240265,Maryland,1,1,0,1,1,1,1,27,HOWARD (27),0,NOT APPLICABLE,28,28,7,July,2022,5,Thursday,5,5:00am-5:59am,51,51,0,This section IS NOT on the NHS,2,Urban,4,Minor Arterial,2,County Highway Agency,4,County Road,CR-1140,,12,12,39.17817222,39.17817222,-76.829888890,-76.82988889,0,No Special Jurisdiction,15,Non-Motorist on Personal Conveyance,0,The First Harmful Event was Not a Collision with a Motor Vehicle in Transport,0,No,1,Non-Junction,1,Not an Intersection,0,None,,,1,On Roadway,2,Dark - Not Lighted,,,,,1,Clear,0,No,0000000,Not Applicable,5,5:00am-5:59am,50,50,5,5:00am-5:59am,57,57,99,Unknown,99,Unknown EMS Hospital Arrival Time,,,,,,,1,
2022,24,240266,Maryland,1,1,0,0,0,1,1,5,BALTIMORE (5),0,NOT APPLICABLE,4,4,3,March,2022,6,Friday,2,2:00am-2:59am,47,47,0,This section IS NOT on the NHS,2,Urban,4,Minor Arterial,2,County Highway Agency,4,County Road,CR-5560,SR-151,24,24,39.25634167,39.25634167,-76.461461110,-76.46146111,0,No Special Jurisdiction,33,Curb,0,The First Harmful Event was Not a Collision with a Motor Vehicle in Transport,0,No,3,Intersection-Related,4,Y-Intersection,0,None,,,4,On Roadside,3,Dark - Lighted,,,,,1,Clear,0,No,0000000,Not Applicable,2,2:00am-2:59am,43,43,2,2:00am-2:59am,49,49,88,"Not Applicable (Not Transported) ",88,Not Applicable (Not Transported),,,,,,,1,
2022,24,240267,Maryland,2,2,0,0,0,3,3,15,CECIL (15),0,NOT APPLICABLE,13,13,8,August,2022,7,Saturday,21,9:00pm-9:59pm,43,43,0,This section IS NOT on the NHS,2,Urban,4,Minor Arterial,1,State Highway Agency,3,State Highway,SR-275,,7,7,39.60812778,39.60812778,-76.068386110,-76.06838611,0,No Special Jurisdiction,12,Motor Vehicle In-Transport,2,Front-to-Front,0,No,1,Non-Junction,1,Not an Intersection,0,None,,,1,On Roadway,2,Dark - Not Lighted,,,,,1,Clear,0,No,0000000,Not Applicable,21,9:00pm-9:59pm,38,38,21,9:00pm-9:59pm,47,47,99,Unknown,99,Unknown EMS Hospital Arrival Time,,,,,,,1,
2022,24,240268,Maryland,1,1,0,0,0,1,1,3,ANNE ARUNDEL (3),0,NOT APPLICABLE,14,14,8,August,2022,1,Sunday,12,12:00pm-12:59pm,6,6,0,This section IS NOT on the NHS,2,Urban,3,Principal Arterial - Other,1,State Highway Agency,3,State Highway,SR-170,SR-176,52,52,39.15867222,39.15867222,-76.694791670,-76.69479167,0,No Special Jurisdiction,33,Curb,0,The First Harmful Event was Not a Collision with a Motor Vehicle in Transport,0,No,3,Intersection-Related,2,Four-Way Intersection,0,None,,,8,Gore,1,Daylight,,,,,98,Not Reported,0,No,0000000,Not Applicable,12,12:00pm-12:59pm,7,7,12,12:00pm-12:59pm,11,11,12,12:00pm-12:59pm,47,47,,,,,,,1,
2022,24,240269,Maryland,2,2,0,0,0,2,2,510,BALTIMORE (CITY) (510),50,BALTIMORE,23,23,4,April,2022,7,Saturday,2,2:00am-2:59am,20,20,0,This section IS NOT on the NHS,2,Urban,3,Principal Arterial - Other,4,City or Municipal Highway Agency,6,Local Street - Municipality,MU-1022,SR-129,19,19,39.35251111,39.35251111,-76.684508330,-76.68450833,0,No Special Jurisdiction,12,Motor Vehicle In-Transport,1,Front-to-Rear,0,No,2,Intersection,2,Four-Way Intersection,0,None,,,1,On Roadway,3,Dark - Lighted,,,,,10,Cloudy,0,No,0000000,Not Applicable,2,2:00am-2:59am,21,21,2,2:00am-2:59am,26,26,2,2:00am-2:59am,56,56,,,,,,,1,
2022,24,240270,Maryland,2,2,0,0,0,4,4,5,BALTIMORE (5),0,NOT APPLICABLE,19,19,2,February,2022,7,Saturday,13,1:00pm-1:59pm,5,5,0,This section IS NOT on the NHS,2,Urban,4,Minor Arterial,1,State Highway Agency,4,County Road,CR-2250,,24,24,39.38636667,39.38636667,-76.787500000,-76.78750000,0,No Special Jurisdiction,16,Thrown or Falling Object,0,The First Harmful Event was Not a Collision with a Motor Vehicle in Transport,0,No,1,Non-Junction,1,Not an Intersection,0,None,,,1,On Roadway,1,Daylight,,,,,6,Severe Crosswinds,0,No,0000000,Not Applicable,13,1:00pm-1:59pm,3,3,13,1:00pm-1:59pm,12,12,88,"Not Applicable (Not Transported) ",88,Not Applicable (Not Transported),,,,,,,1,
2022,24,240271,Maryland,2,2,0,0,0,2,2,31,MONTGOMERY (31),0,NOT APPLICABLE,14,14,8,August,2022,1,Sunday,16,4:00pm-4:59pm,14,14,0,This section IS NOT on the NHS,2,Urban,3,Principal Arterial - Other,1,State Highway Agency,3,State Highway,SR-927A,RP-355,12,12,39.05279722,39.05279722,-77.115561110,-77.11556111,0,No Special Jurisdiction,12,Motor Vehicle In-Transport,6,Angle,1,Yes,2,Intersection,2,Four-Way Intersection,0,None,,,1,On Roadway,1,Daylight,,,,,10,Cloudy,0,No,0000000,Not Applicable,16,4:00pm-4:59pm,13,13,16,4:00pm-4:59pm,20,20,16,4:00pm-4:59pm,50,50,,,,,,,1,
2022,24,240272,Maryland,2,2,0,0,0,3,3,11,CAROLINE (11),0,NOT APPLICABLE,19,19,8,August,2022,6,Friday,14,2:00pm-2:59pm,22,22,0,This section IS NOT on the NHS,2,Urban,3,Principal Arterial - Other,1,State Highway Agency,3,State Highway,SR-404,CR-137,157,157,38.81348056,38.81348056,-75.746311110,-75.74631111,0,No Special Jurisdiction,12,Motor Vehicle In-Transport,6,Angle,0,No,2,Intersection,2,Four-Way Intersection,0,None,,,1,On Roadway,1,Daylight,,,,,1,Clear,0,No,0000000,Not Applicable,14,2:00pm-2:59pm,20,20,14,2:00pm-2:59pm,31,31,99,Unknown,99,Unknown EMS Hospital Arrival Time,,,,,,,1,
2022,24,240273,Maryland,1,1,0,0,0,1,1,19,DORCHESTER (19),0,NOT APPLICABLE,20,20,8,August,2022,7,Saturday,22,10:00pm-10:59pm,29,29,0,This section IS NOT on the NHS,2,Urban,4,Minor Arterial,1,State Highway Agency,3,State Highway,SR-392,,75,75,38.63047778,38.63047778,-75.813197220,-75.81319722,0,No Special Jurisdiction,34,Ditch,0,The First Harmful Event was Not a Collision with a Motor Vehicle in Transport,0,No,1,Non-Junction,1,Not an Intersection,0,None,,,4,On Roadside,6,Dark - Unknown Lighting,,,,,98,Not Reported,0,No,0000000,Not Applicable,22,10:00pm-10:59pm,28,28,22,10:00pm-10:59pm,40,40,23,11:00pm-11:59pm,28,28,,,,,,,1,
2022,24,240274,Maryland,1,1,0,1,1,1,1,3,ANNE ARUNDEL (3),0,NOT APPLICABLE,19,19,8,August,2022,6,Friday,18,6:00pm-6:59pm,20,20,1,This section IS ON the NHS,2,Urban,2,Principal Arterial - Other Freeways and Expressways,1,State Highway Agency,3,State Highway,SR-10,,50,50,39.17756667,39.17756667,-76.605758330,-76.60575833,0,No Special Jurisdiction,9,Pedalcyclist,0,The First Harmful Event was Not a Collision with a Motor Vehicle in Transport,0,No,1,Non-Junction,1,Not an Intersection,0,None,,,1,On Roadway,1,Daylight,,,,,1,Clear,0,No,0000000,Not Applicable,18,6:00pm-6:59pm,21,21,18,6:00pm-6:59pm,28,28,88,"Not Applicable (Not Transported) ",88,Not Applicable (Not Transported),,,,,,,1,
2022,24,240275,Maryland,1,1,0,1,1,2,2,33,PRINCE GEORGE`S (33),0,NOT APPLICABLE,20,20,8,August,2022,7,Saturday,21,9:00pm-9:59pm,46,46,1,This section IS ON the NHS,2,Urban,3,Principal Arterial - Other,1,State Highway Agency,3,State Highway,SR-414 ST BARNABAS RD,,8,8,38.80569167,38.80569167,-76.973791670,-76.97379167,0,No Special Jurisdiction,8,Pedestrian,0,The First Harmful Event was Not a Collision with a Motor Vehicle in Transport,0,No,1,Non-Junction,1,Not an Intersection,0,None,,,1,On Roadway,2,Dark - Not Lighted,,,,,1,Clear,0,No,0000000,Not Applicable,21,9:00pm-9:59pm,46,46,21,9:00pm-9:59pm,54,54,88,"Not Applicable (Not Transported) ",88,Not Applicable (Not Transported),,,,,,,1,
2022,24,240276,Maryland,2,2,0,0,0,3,3,35,QUEEN ANNE`S (35),0,NOT APPLICABLE,20,20,8,August,2022,7,Saturday,17,5:00pm-5:59pm,1,1,0,This section IS NOT on the NHS,2,Urban,6,Minor Collector,1,State Highway Agency,3,State Highway,SR-18A,CR-214,16,16,38.98456944,38.98456944,-76.310894440,-76.31089444,0,No Special Jurisdiction,12,Motor Vehicle In-Transport,2,Front-to-Front,0,No,3,Intersection-Related,4,Y-Intersection,0,None,,,1,On Roadway,1,Daylight,,,,,1,Clear,0,No,0000000,Not Applicable,16,4:00pm-4:59pm,46,46,16,4:00pm-4:59pm,55,55,88,"Not Applicable (Not Transported) ",88,Not Applicable (Not Transported),,,,,,,1,
2022,24,240277,Maryland,2,2,0,0,0,3,3,15,CECIL (15),0,NOT APPLICABLE,20,20,8,August,2022,7,Saturday,18,6:00pm-6:59pm,20,20,0,This section IS NOT on the NHS,2,Urban,4,Minor Arterial,1,State Highway Agency,3,State Highway,SR-273,CR-501,162,162,39.69613611,39.69613611,-75.795822220,-75.79582222,0,No Special Jurisdiction,12,Motor Vehicle In-Transport,6,Angle,0,No,2,Intersection,3,T-Intersection,0,None,,,1,On Roadway,1,Daylight,,,,,1,Clear,0,No,0000000,Not Applicable,18,6:00pm-6:59pm,17,17,18,6:00pm-6:59pm,29,29,88,"Not Applicable (Not Transported) ",88,Not Applicable (Not Transported),,,,,,,1,
2022,24,240278,Maryland,2,2,0,0,0,2,2,5,BALTIMORE (5),0,NOT APPLICABLE,9,9,2,February,2022,4,Wednesday,6,6:00am-6:59am,57,57,1,This section IS ON the NHS,2,Urban,3,Principal Arterial - Other,1,State Highway Agency,2,U.S. Highway,US-1,CR-4047,201,201,39.41270556,39.41270556,-76.577886110,-76.57788611,0,No Special Jurisdiction,12,Motor Vehicle In-Transport,6,Angle,0,No,2,Intersection,2,Four-Way Intersection,0,None,,,1,On Roadway,4,Dawn,,,,,1,Clear,0,No,0000000,Not Applicable,6,6:00am-6:59am,55,55,7,7:00am-7:59am,6,6,99,Unknown,99,Unknown EMS Hospital Arrival Time,,,,,,,1,
2022,24,240279,Maryland,2,2,0,0,0,2,2,27,HOWARD (27),0,NOT APPLICABLE,15,15,8,August,2022,2,Monday,14,2:00pm-2:59pm,15,15,0,This section IS NOT on the NHS,2,Urban,6,Minor Collector,2,County Highway Agency,4,County Road,CR-86,,17,17,39.15275556,39.15275556,-76.955694440,-76.95569444,0,No Special Jurisdiction,12,Motor Vehicle In-Transport,2,Front-to-Front,0,No,1,Non-Junction,1,Not an Intersection,0,None,,,1,On Roadway,1,Daylight,,,,,1,Clear,0,No,0000000,Not Applicable,14,2:00pm-2:59pm,14,14,14,2:00pm-2:59pm,24,24,99,Unknown,99,Unknown EMS Hospital Arrival Time,,,,,,,1,
2022,24,240280,Maryland,1,1,0,0,0,1,1,17,CHARLES (17),0,NOT APPLICABLE,24,24,8,August,2022,4,Wednesday,1,1:00am-1:59am,43,43,0,This section IS NOT on the NHS,1,Rural,7,Local,1,State Highway Agency,3,State Highway,SR-224,,121,121,38.49038889,38.49038889,-77.255638890,-77.25563889,0,No Special Jurisdiction,34,Ditch,0,The First Harmful Event was Not a Collision with a Motor Vehicle in Transport,0,No,1,Non-Junction,1,Not an Intersection,0,None,,,4,On Roadside,3,Dark - Lighted,,,,,1,Clear,0,No,0000000,Not Applicable,99,Unknown,99,Unknown,99,Unknown EMS Scene Arrival Hour,99,Unknown EMS Scene Arrival Minutes,88,"Not Applicable (Not Transported) ",88,Not Applicable (Not Transported),,,,,,,1,
2022,24,240281,Maryland,4,4,0,1,1,6,6,45,WICOMICO (45),0,NOT APPLICABLE,16,16,8,August,2022,3,Tuesday,4,4:00am-4:59am,6,6,1,This section IS ON the NHS,2,Urban,3,Principal Arterial - Other,1,State Highway Agency,2,U.S. Highway,US-13,MU-3095,132,132,38.42031389,38.42031389,-75.564052780,-75.56405278,0,No Special Jurisdiction,15,Non-Motorist on Personal Conveyance,0,The First Harmful Event was Not a Collision with a Motor Vehicle in Transport,0,No,3,Intersection-Related,2,Four-Way Intersection,0,None,,,1,On Roadway,2,Dark - Not Lighted,,,,,1,Clear,0,No,0000000,Not Applicable,4,4:00am-4:59am,2,2,4,4:00am-4:59am,11,11,88,"Not Applicable (Not Transported) ",88,Not Applicable (Not Transported),,,,,,,1,
2022,24,240282,Maryland,1,1,0,0,0,1,1,21,FREDERICK (21),0,NOT APPLICABLE,9,9,8,August,2022,3,Tuesday,4,4:00am-4:59am,25,25,0,This section IS NOT on the NHS,2,Urban,7,Local,2,County Highway Agency,4,County Road,CR-292,,16,16,39.36944722,39.36944722,-77.495538890,-77.49553889,0,No Special Jurisdiction,32,Culvert,0,The First Harmful Event was Not a Collision with a Motor Vehicle in Transport,0,No,1,Non-Junction,1,Not an Intersection,0,None,,,4,On Roadside,2,Dark - Not Lighted,,,,,1,Clear,0,No,0000000,Not Applicable,4,4:00am-4:59am,25,25,4,4:00am-4:59am,31,31,88,"Not Applicable (Not Transported) ",88,Not Applicable (Not Transported),,,,,,,1,
2022,24,240283,Maryland,3,1,2,0,1,1,2,510,BALTIMORE (CITY) (510),50,BALTIMORE,24,24,3,March,2022,5,Thursday,17,5:00pm-5:59pm,55,55,1,This section IS ON the NHS,2,Urban,3,Principal Arterial - Other,4,City or Municipal Highway Agency,6,Local Street - Municipality,MU-2950,,0,None,39.31113889,39.31113889,-76.613155560,-76.61315556,0,No Special Jurisdiction,14,Parked Motor Vehicle,0,The First Harmful Event was Not a Collision with a Motor Vehicle in Transport,0,No,1,Non-Junction,1,Not an Intersection,0,None,,,4,On Roadside,1,Daylight,,,,,10,Cloudy,0,No,0000000,Not Applicable,17,5:00pm-5:59pm,52,52,18,6:00pm-6:59pm,4,4,18,6:00pm-6:59pm,20,20,,,,,,,1,
2022,24,240284,Maryland,1,1,0,1,1,1,1,3,ANNE ARUNDEL (3),0,NOT APPLICABLE,25,25,8,August,2022,5,Thursday,20,8:00pm-8:59pm,48,48,1,This section IS ON the NHS,2,Urban,3,Principal Arterial - Other,1,State Highway Agency,3,State Highway,SR-2,CR-2591,251,251,39.02904444,39.02904444,-76.504036110,-76.50403611,0,No Special Jurisdiction,8,Pedestrian,0,The First Harmful Event was Not a Collision with a Motor Vehicle in Transport,0,No,3,Intersection-Related,2,Four-Way Intersection,0,None,,,1,On Roadway,3,Dark - Lighted,,,,,1,Clear,0,No,0000000,Not Applicable,20,8:00pm-8:59pm,48,48,20,8:00pm-8:59pm,50,50,88,"Not Applicable (Not Transported) ",88,Not Applicable (Not Transported),,,,,,,1,
2022,24,240285,Maryland,1,1,0,2,2,3,3,3,ANNE ARUNDEL (3),0,NOT APPLICABLE,24,24,8,August,2022,4,Wednesday,18,6:00pm-6:59pm,38,38,0,This section IS NOT on the NHS,2,Urban,5,Major Collector,2,County Highway Agency,4,County Road,CR-698,CR-694,4,4,38.98840556,38.98840556,-76.530716670,-76.53071667,0,No Special Jurisdiction,8,Pedestrian,0,The First Harmful Event was Not a Collision with a Motor Vehicle in Transport,0,No,3,Intersection-Related,2,Four-Way Intersection,0,None,,,4,On Roadside,1,Daylight,,,,,98,Not Reported,0,No,0000000,Not Applicable,18,6:00pm-6:59pm,41,41,18,6:00pm-6:59pm,45,45,99,Unknown,99,Unknown EMS Hospital Arrival Time,,,,,,,1,
2022,24,240286,Maryland,2,2,0,0,0,2,2,33,PRINCE GEORGE`S (33),0,NOT APPLICABLE,24,24,8,August,2022,4,Wednesday,4,4:00am-4:59am,22,22,0,This section IS NOT on the NHS,2,Urban,5,Major Collector,2,County Highway Agency,4,County Road,CR-132,,12,12,38.75143889,38.75143889,-76.832419440,-76.83241944,0,No Special Jurisdiction,12,Motor Vehicle In-Transport,99,Reported as Unknown,0,No,1,Non-Junction,1,Not an Intersection,0,None,,,1,On Roadway,3,Dark - Lighted,,,,,1,Clear,0,No,0000000,Not Applicable,4,4:00am-4:59am,23,23,4,4:00am-4:59am,37,37,88,"Not Applicable (Not Transported) ",88,Not Applicable (Not Transported),,,,,,,1,