caseyear,state,st_case,statename,ve_total,ve_forms,pvh_invl,peds,pernotmvit,permvit,persons,county,countyname,city,cityname,day,dayname,month,monthname,year,day_week,day_weekname,hour,hourname,minute,minutename,nhs,nhsname,rur_urb,rur_urbname,func_sys,func_sysname,rd_owner,rd_ownername,route,routename,tway_id,tway_id2,milept,mileptname,latitude,latitudename,longitud,longitudname,sp_jur,sp_jurname,harm_ev,harm_evname,man_coll,man_collname,reljct1,reljct1name,reljct2,reljct2name,typ_int,typ_intname,wrk_zone,wrk_zonename,road_fnc,road_fncname,rel_road,rel_roadname,lgt_cond,lgt_condname,weather1,weather1name,weather2,weather2name,weather,weathername,sch_bus,sch_busname,rail,railname,not_hour,not_hourname,not_min,not_minname,arr_hour,arr_hourname,arr_min,arr_minname,hosp_hr,hosp_hrname,hosp_mn,hosp_mnname,cf1,cf1name,cf2,cf2name,cf3,cf3name,fatals,drunk_dr
2022,24,240400,Maryland,2,2,0,0,0,3,3,27,HOWARD (27),0,NOT APPLICABLE,30,30,10,October,2022,1,Sunday,21,9:00pm-9:59pm,50,50,1,This section IS ON the NHS,2,Urban,3,Principal Arterial - Other,1,State Highway Agency,2,U.S. Highway,US-1,CR-1519,60,60,39.17452222,39.17452222,-76.778688890,-76.77868889,0,No Special Jurisdiction,12,Motor Vehicle In-Transport,2,Front-to-Front,0,No,2,Intersection,2,Four-Way Intersection,0,None,,,1,On Roadway,3,Dark - Lighted,,,,,1,Clear,0,No,0000000,Not Applicable,21,9:00pm-9:59pm,50,50,21,9:00pm-9:59pm,53,53,99,Unknown,99,Unknown EMS Hospital Arrival Time,,,,,,,1,
2022,24,240401,Maryland,3,3,0,0,0,6,6,33,PRINCE GEORGE`S (33),710,GREENBELT,5,5,2,February,2022,7,Saturday,4,4:00am-4:59am,41,41,1,This section IS ON the NHS,2,Urban,2,Principal Arterial - Other Freeways and Expressways,66,National Park Service,3,State Highway,SR-295,,99998,Not Reported,38.98872222,38.98872222,-76.888888890,-76.88888889,1,National Park Service,12,Motor Vehicle In-Transport,7,Sideswipe - Same Direction,0,No,1,Non-Junction,1,Not an Intersection,0,None,,,1,On Roadway,2,Dark - Not Lighted,,,,,1,Clear,0,No,0000000,Not Applicable,99,Unknown,99,Unknown,99,Unknown EMS Scene Arrival Hour,99,Unknown EMS Scene Arrival Minutes,99,Unknown,99,Unknown EMS Hospital Arrival Time,,,,,,,1,
2022,24,240402,Maryland,1,1,0,1,1,1,1,5,BALTIMORE (5),0,NOT APPLICABLE,26,26,3,March,2022,7,Saturday,6,6:00am-6:59am,26,26,0,This section IS NOT on the NHS,2,Urban,2,Principal Arterial - Other Freeways and Expressways,1,State Highway Agency,3,State Highway,SR-702,CR-4758,21,21,39.33421667,39.33421667,-76.489386110,-76.48938611,0,No Special Jurisdiction,8,Pedestrian,0,The First Harmful Event was Not a Collision with a Motor Vehicle in Transport,1,Yes,3,Intersection-Related,2,Four-Way Intersection,0,None,,,1,On Roadway,3,Dark - Lighted,,,,,1,Clear,0,No,0000000,Not Applicable,6,6:00am-6:59am,24,24,6,6:00am-6:59am,31,31,88,"Not Applicable (Not Transported) ",88,Not Applicable (Not Transported),,,,,,,1,
2022,24,240403,Maryland,1,1,0,0,0,1,1,9,CALVERT (9),0,NOT APPLICABLE,2,2,10,October,2022,1,Sunday,17,5:00pm-5:59pm,42,42,0,This section IS NOT on the NHS,1,Rural,7,Local,2,County Highway Agency,4,County Road,CR-36,,39,39,38.60581389,38.60581389,-76.521908330,-76.52190833,0,No Special Jurisdiction,53,Mail Box,0,The First Harmful Event was Not a Collision with a Motor Vehicle in Transport,0,No,1,Non-Junction,1,Not an Intersection,0,None,,,4,On Roadside,1,Daylight,,,,,2,Rain,0,No,0000000,Not Applicable,99,Unknown,99,Unknown,99,Unknown EMS Scene Arrival Hour,99,Unknown EMS Scene Arrival Minutes,99,Unknown,99,Unknown EMS Hospital Arrival Time,,,,,,,1,
2022,24,240404,Maryland,2,2,0,0,0,2,2,9,CALVERT (9),0,NOT APPLICABLE,5,5,11,November,2022,7,Saturday,22,10:00pm-10:59pm,9,9,1,This section IS ON the NHS,2,Urban,3,Principal Arterial - Other,1,State Highway Agency,3,State Highway,SR-2,AVERY  RD,205,205,38.56342222,38.56342222,-76.599925000,-76.59992500,0,No Special Jurisdiction,12,Motor Vehicle In-Transport,1,Front-to-Rear,0,No,2,Intersection,3,T-Intersection,0,None,,,1,On Roadway,6,Dark - Unknown Lighting,,,,,1,Clear,0,No,0000000,Not Applicable,22,10:00pm-10:59pm,9,9,22,10:00pm-10:59pm,16,16,88,"Not Applicable (Not Transported) ",88,Not Applicable (Not Transported),,,,,,,1,
2022,24,240405,Maryland,1,1,0,0,0,1,1,21,FREDERICK (21),0,NOT APPLICABLE,9,9,11,November,2022,4,Wednesday,20,8:00pm-8:59pm,22,22,0,This section IS NOT on the NHS,1,Rural,7,Local,2,County Highway Agency,4,County Road,CR-93,,35,35,39.61168611,39.61168611,-77.501625000,-77.50162500,0,No Special Jurisdiction,42,Tree (Standing Only),0,The First Harmful Event was Not a Collision with a Motor Vehicle in Transport,0,No,1,Non-Junction,1,Not an Intersection,0,None,,,4,On Roadside,2,Dark - Not Lighted,,,,,1,Clear,0,No,0000000,Not Applicable,20,8:00pm-8:59pm,22,22,20,8:00pm-8:59pm,37,37,88,"Not Applicable (Not Transported) ",88,Not Applicable (Not Transported),,,,,,,1,
2022,24,240406,Maryland,3,3,0,0,0,3,3,27,HOWARD (27),0,NOT APPLICABLE,26,26,10,October,2022,4,Wednesday,4,4:00am-4:59am,45,45,1,This section IS ON the NHS,2,Urban,1,Interstate,1,State Highway Agency,1,Interstate,I-95,,41,41,39.15876111,39.15876111,-76.829419440,-76.82941944,0,No Special Jurisdiction,12,Motor Vehicle In-Transport,6,Angle,0,No,1,Non-Junction,1,Not an Intersection,0,None,,,1,On Roadway,3,Dark - Lighted,,,,,2,Rain,0,No,0000000,Not Applicable,4,4:00am-4:59am,39,39,4,4:00am-4:59am,53,53,5,5:00am-5:59am,28,28,,,,,,,1,
2022,24,240407,Maryland,1,1,0,0,0,1,1,15,CECIL (15),0,NOT APPLICABLE,7,7,11,November,2022,2,Monday,3,3:00am-3:59am,8,8,1,This section IS ON the NHS,2,Urban,1,Interstate,1,State Highway Agency,1,Interstate,I-95,,10,10,39.59059444,39.59059444,-76.070513890,-76.07051389,0,No Special Jurisdiction,24,Guardrail Face,0,The First Harmful Event was Not a Collision with a Motor Vehicle in Transport,1,Yes,19,Other location within Interchange Area,1,Not an Intersection,0,None,,,8,Gore,3,Dark - Lighted,,,,,1,Clear,0,No,0000000,Not Applicable,3,3:00am-3:59am,20,20,3,3:00am-3:59am,32,32,88,"Not Applicable (Not Transported) ",88,Not Applicable (Not Transported),,,,,,,1,
2022,24,240408,Maryland,2,2,0,1,1,2,2,3,ANNE ARUNDEL (3),0,NOT APPLICABLE,7,7,11,November,2022,2,Monday,19,7:00pm-7:59pm,13,13,0,This section IS NOT on the NHS,2,Urban,4,Minor Arterial,1,State Highway Agency,3,State Highway,SR-648E,CR-4235,62,62,39.20202222,39.20202222,-76.641722220,-76.64172222,0,No Special Jurisdiction,8,Pedestrian,0,The First Harmful Event was Not a Collision with a Motor Vehicle in Transport,0,No,3,Intersection-Related,3,T-Intersection,0,None,,,1,On Roadway,3,Dark - Lighted,,,,,1,Clear,0,No,0000000,Not Applicable,19,7:00pm-7:59pm,44,44,19,7:00pm-7:59pm,45,45,88,"Not Applicable (Not Transported) ",88,Not Applicable (Not Transported),,,,,,,1,
2022,24,240409,Maryland,1,1,0,1,1,1,1,33,PRINCE GEORGE`S (33),0,NOT APPLICABLE,12,12,11,November,2022,7,Saturday,11,11:00am-11:59am,38,38,1,This section IS ON the NHS,2,Urban,2,Principal Arterial - Other Freeways and Expressways,1,State Highway Agency,3,State Highway,SR-201,,64,64,38.99298333,38.99298333,-76.902727780,-76.90272778,0,No Special Jurisdiction,8,Pedestrian,0,The First Harmful Event was Not a Collision with a Motor Vehicle in Transport,0,No,1,Non-Junction,1,Not an Intersection,0,None,,,2,On Shoulder,1,Daylight,,,,,10,Cloudy,0,No,0000000,Not Applicable,99,Unknown,99,Unknown,99,Unknown EMS Scene Arrival Hour,99,Unknown EMS Scene Arrival Minutes,88,"Not Applicable (Not Transported) ",88,Not Applicable (Not Transported),,,,,,,1,
2022,24,240410,Maryland,2,2,0,0,0,3,3,15,CECIL (15),0,NOT APPLICABLE,12,12,11,November,2022,7,Saturday,19,7:00pm-7:59pm,8,8,1,This section IS ON the NHS,2,Urban,3,Principal Arterial - Other,1,State Highway Agency,2,U.S. Highway,US-40,CR-204,130,130,39.60726667,39.60726667,-75.860844440,-75.86084444,0,No Special Jurisdiction,12,Motor Vehicle In-Transport,6,Angle,0,No,2,Intersection,98,Not Reported,0,None,,,1,On Roadway,2,Dark - Not Lighted,,,,,98,Not Reported,0,No,0000000,Not Applicable,19,7:00pm-7:59pm,10,10,19,7:00pm-7:59pm,17,17,88,"Not Applicable (Not Transported) ",88,Not Applicable (Not Transported),,,,,,,3,
2022,24,240411,Maryland,1,1,0,1,1,1,1,33,PRINCE GEORGE`S (33),0,NOT APPLICABLE,14,14,11,November,2022,2,Monday,18,6:00pm-6:59pm,57,57,1,This section IS ON the NHS,2,Urban,3,Principal Arterial - Other,2,County Highway Agency,4,County Road,CR-367,,28,28,38.86502500,38.86502500,-76.893450000,-76.89345000,0,No Special Jurisdiction,8,Pedestrian,0,The First Harmful Event was Not a Collision with a Motor Vehicle in Transport,0,No,1,Non-Junction,1,Not an Intersection,0,None,,,1,On Roadway,3,Dark - Lighted,,,,,10,Cloudy,0,No,0000000,Not Applicable,99,Unknown,99,Unknown,99,Unknown EMS Scene Arrival Hour,99,Unknown EMS Scene Arrival Minutes,99,Unknown,99,Unknown EMS Hospital Arrival Time,,,,,,,1,
2022,24,240412,Maryland,2,2,0,0,0,2,2,17,CHARLES (17),0,NOT APPLICABLE,6,6,11,November,2022,1,Sunday,20,8:00pm-8:59pm,46,46,0,This section IS NOT on the NHS,2,Urban,5,Major Collector,1,State Highway Agency,3,State Highway,SR-6,CR-1139,161,161,38.48476944,38.48476944,-77.125988890,-77.12598889,0,No Special Jurisdiction,12,Motor Vehicle In-Transport,2,Front-to-Front,0,No,2,Intersection,3,T-Intersection,0,None,,,1,On Roadway,3,Dark - Lighted,,,,,1,Clear,0,No,0000000,Not Applicable,99,Unknown,99,Unknown,99,Unknown EMS Scene Arrival Hour,99,Unknown EMS Scene Arrival Minutes,99,Unknown,99,Unknown EMS Hospital Arrival Time,,,,,,,1,
2022,24,240413,Maryland,2,2,0,0,0,2,2,31,MONTGOMERY (31),0,NOT APPLICABLE,8,8,1,January,2022,7,Saturday,14,2:00pm-2:59pm,0,0,0,This section IS NOT on the NHS,2,Urban,4,Minor Arterial,2,County Highway Agency,4,County Road,CR-3770,,18,18,39.18015278,39.18015278,-77.209902780,-77.20990278,0,No Special Jurisdiction,12,Motor Vehicle In-Transport,6,Angle,0,No,1,Non-Junction,1,Not an Intersection,0,None,,,1,On Roadway,1,Daylight,,,,,1,Clear,0,No,0000000,Not Applicable,99,Unknown,99,Unknown,99,Unknown EMS Scene Arrival Hour,99,Unknown EMS Scene Arrival Minutes,88,"Not Applicable (Not Transported) ",88,Not Applicable (Not Transported),,,,,,,1,
2022,24,240414,Maryland,1,1,0,1,1,2,2,31,MONTGOMERY (31),0,NOT APPLICABLE,28,28,10,October,2022,6,Friday,20,8:00pm-8:59pm,59,59,1,This section IS ON the NHS,2,Urban,3,Principal Arterial - Other,1,State Highway Agency,3,State Highway,SR-355,,81,81,39.07306667,39.07306667,-77.134102780,-77.13410278,0,No Special Jurisdiction,8,Pedestrian,0,The First Harmful Event was Not a Collision with a Motor Vehicle in Transport,0,No,1,Non-Junction,1,Not an Intersection,0,None,,,1,On Roadway,3,Dark - Lighted,,,,,1,Clear,0,No,0000000,Not Applicable,99,Unknown,99,Unknown,99,Unknown EMS Scene Arrival Hour,99,Unknown EMS Scene Arrival Minutes,99,Unknown,99,Unknown EMS Hospital Arrival Time,,,,,,,1,
2022,24,240415,Maryland,1,1,0,1,1,1,1,31,MONTGOMERY (31),0,NOT APPLICABLE,17,17,11,November,2022,5,Thursday,8,8:00am-8:59am,29,29,0,This section IS NOT on the NHS,2,Urban,6,Minor Collector,2,County Highway Agency,4,County Road,CR-4908,CR-4911,1,1,39.09741111,39.09741111,-77.195633330,-77.19563333,0,No Special Jurisdiction,8,Pedestrian,0,The First Harmful Event was Not a Collision with a Motor Vehicle in Transport,0,No,3,Intersection-Related,2,Four-Way Intersection,0,None,,,1,On Roadway,1,Daylight,,,,,1,Clear,0,No,0000000,Not Applicable,8,8:00am-8:59am,28,28,8,8:00am-8:59am,33,33,9,9:00am-9:59am,10,10,,,,,,,1,
2022,24,240416,Maryland,2,2,0,0,0,4,4,13,CARROLL (13),0,NOT APPLICABLE,14,14,6,June,2022,3,Tuesday,16,4:00pm-4:59pm,53,53,0,This section IS NOT on the NHS,2,Urban,5,Major Collector,4,City or Municipal Highway Agency,6,Local Street - Municipality,MU-651,MU-625,1,1,39.58614722,39.58614722,-76.987122220,-76.98712222,0,No Special Jurisdiction,12,Motor Vehicle In-Transport,2,Front-to-Front,0,No,2,Intersection,2,Four-Way Intersection,0,None,,,1,On Roadway,1,Daylight,,,,,1,Clear,0,No,0000000,Not Applicable,16,4:00pm-4:59pm,52,52,16,4:00pm-4:59pm,58,58,17,5:00pm-5:59pm,10,10,,,,,,,1,
2022,24,240417,Maryland,2,2,0,0,0,4,4,27,HOWARD (27),0,NOT APPLICABLE,29,29,10,October,2022,7,Saturday,23,11:00pm-11:59pm,44,44,0,This section IS NOT on the NHS,2,Urban,4,Minor Arterial,2,County Highway Agency,4,County Road,CR-1312,,2,2,39.30275833,39.30275833,-76.822030560,-76.82203056,0,No Special Jurisdiction,12,Motor Vehicle In-Transport,6,Angle,0,No,1,Non-Junction,1,Not an Intersection,0,None,,,1,On Roadway,2,Dark - Not Lighted,,,,,1,Clear,0,No,0000000,Not Applicable,23,11:00pm-11:59pm,42,42,23,11:00pm-11:59pm,50,50,99,Unknown,99,Unknown EMS Hospital Arrival Time,,,,,,,1,
2022,24,240418,Maryland,2,2,0,1,1,1,1,27,HOWARD (27),0,NOT APPLICABLE,19,19,10,October,2022,4,Wednesday,23,11:00pm-11:59pm,59,59,1,This section IS ON the NHS,2,Urban,1,Interstate,1,State Highway Agency,1,Interstate,I-70,,38,38,39.34022778,39.34022778,-77.063705560,-77.06370556,0,No Special Jurisdiction,12,Motor Vehicle In-Transport,1,Front-to-Rear,0,No,1,Non-Junction,1,Not an Intersection,0,None,,,1,On Roadway,2,Dark - Not Lighted,,,,,1,Clear,0,No,0000000,Not Applicable,23,11:00pm-11:59pm,52,52,0,0:00am-0:59am,40,40,0,0:00am-0:59am,47,47,,,,,,,1,
2022,24,240419,Maryland,2,2,0,0,0,4,4,43,WASHINGTON (43),0,NOT APPLICABLE,15,15,11,November,2022,3,Tuesday,13,1:00pm-1:59pm,33,33,0,This section IS NOT on the NHS,2,Urban,5,Major Collector,2,County Highway Agency,4,County Road,CR-114,,10,10,39.70954722,39.70954722,-77.785461110,-77.78546111,0,No Special Jurisdiction,12,Motor Vehicle In-Transport,2,Front-to-Front,0,No,1,Non-Junction,1,Not an Intersection,0,None,,,1,On Roadway,1,Daylight,,,,,2,Rain,0,No,0000000,Not Applicable,13,1:00pm-1:59pm,26,26,13,1:00pm-1:59pm,37,37,14,2:00pm-2:59pm,37,37,,,,,,,1,
2022,24,240420,Maryland,1,1,0,0,0,2,2,41,TALBOT (41),0,NOT APPLICABLE,19,19,11,November,2022,7,Saturday,4,4:00am-4:59am,41,41,0,This section IS NOT on the NHS,1,Rural,7,Local,2,County Highway Agency,4,County Road,CR-17,,69,69,38.87938333,38.87938333,-76.050944440,-76.05094444,0,No Special Jurisdiction,42,Tree (Standing Only),0,The First Harmful Event was Not a Collision with a Motor Vehicle in Transport,0,No,1,Non-Junction,1,Not an Intersection,0,None,,,4,On Roadside,2,Dark - Not Lighted,,,,,1,Clear,0,No,0000000,Not Applicable,4,4:00am-4:59am,41,41,4,4:00am-4:59am,55,55,5,5:00am-5:59am,22,22,,,,,,,1,
2022,24,240421,Maryland,1,1,0,1,1,1,1,5,BALTIMORE (5),0,NOT APPLICABLE,19,19,11,November,2022,7,Saturday,7,7:00am-7:59am,19,19,1,This section IS ON the NHS,2,Urban,1,Interstate,1,State Highway Agency,1,Interstate,I-95,,209,209,39.37052222,39.37052222,-76.460463890,-76.46046389,0,No Special Jurisdiction,18,Other Object (not fixed),0,The First Harmful Event was Not a Collision with a Motor Vehicle in Transport,0,No,1,Non-Junction,1,Not an Intersection,0,None,,,2,On Shoulder,1,Daylight,,,,,1,Clear,0,No,0000000,Not Applicable,7,7:00am-7:59am,14,14,7,7:00am-7:59am,21,21,7,7:00am-7:59am,47,47,,,,,,,1,
2022,24,240422,Maryland,2,2,0,0,0,2,2,33,PRINCE GEORGE`S (33),0,NOT APPLICABLE,5,5,11,November,2022,7,Saturday,7,7:00am-7:59am,55,55,1,This section IS ON the NHS,2,Urban,1,Interstate,1,State Highway Agency,1,Interstate,I-95,,285,285,39.05748611,39.05748611,-76.927169440,-76.92716944,0,No Special Jurisdiction,12,Motor Vehicle In-Transport,1,Front-to-Rear,0,No,1,Non-Junction,1,Not an Intersection,0,None,,,2,On Shoulder,1,Daylight,,,,,1,Clear,0,No,0000000,Not Applicable,99,Unknown,99,Unknown,99,Unknown EMS Scene Arrival Hour,99,Unknown EMS Scene Arrival Minutes,88,"Not Applicable (Not Transported) ",88,Not Applicable (Not Transported),,,,,,,1,
2022,24,240423,Maryland,5,5,0,0,0,7,7,3,ANNE ARUNDEL (3),0,NOT APPLICABLE,19,19,11,November,2022,7,Saturday,0,0:00am-0:59am,43,43,1,This section IS ON the NHS,2,Urban,1,Interstate,1,State Highway Agency,1,Interstate,I-97,,67,67,39.06966944,39.06966944,-76.652247220,-76.65224722,0,No Special Jurisdiction,12,Motor Vehicle In-Transport,2,Front-to-Front,0,No,1,Non-Junction,1,Not an Intersection,0,None,,,1,On Roadway,3,Dark - Lighted,,,,,1,Clear,0,No,0000000,Not Applicable,0,0:00am-0:59am,45,45,1,1:00am-1:59am,0,0,99,Unknown,99,Unknown EMS Hospital Arrival Time,,,,,,,1,
2022,24,240424,Maryland,1,1,0,3,3,1,1,25,HARFORD (25),0,NOT APPLICABLE,24,24,11,November,2022,5,Thursday,2,2:00am-2:59am,19,19,1,This section IS ON the NHS,2,Urban,1,Interstate,1,State Highway Agency,1,Interstate,I-95,,113,113,39.52013056,39.52013056,-76.199052780,-76.19905278,0,No Special Jurisdiction,8,Pedestrian,0,The First Harmful Event was Not a Collision with a Motor Vehicle in Transport,0,No,1,Non-Junction,1,Not an Intersection,0,None,,,2,On Shoulder,3,Dark - Lighted,,,,,1,Clear,0,No,0000000,Not Applicable,2,2:00am-2:59am,16,16,2,2:00am-2:59am,28,28,99,Unknown,99,Unknown EMS Hospital Arrival Time,,,,,,,1,
2022,24,240425,Maryland,1,1,0,0,0,3,3,3,ANNE ARUNDEL (3),0,NOT APPLICABLE,8,8,11,November,2022,3,Tuesday,13,1:00pm-1:59pm,32,32,0,This section IS NOT on the NHS,2,Urban,4,Minor Arterial,1,State Highway Agency,3,State Highway,SR-214,,19,19,38.91731667,38.91731667,-76.641355560,-76.64135556,0,No Special Jurisdiction,42,Tree (Standing Only),0,The First Harmful Event was Not a Collision with a Motor Vehicle in Transport,0,No,1,Non-Junction,1,Not an Intersection,0,None,,,4,On Roadside,1,Daylight,,,,,1,Clear,0,No,0000000,Not Applicable,99,Unknown,99,Unknown,99,Unknown EMS Scene Arrival Hour,99,Unknown EMS Scene Arrival Minutes,99,Unknown,99,Unknown EMS Hospital Arrival Time,,,,,,,1,
2022,24,240426,Maryland,1,1,0,0,0,1,1,45,WICOMICO (45),0,NOT APPLICABLE,28,28,11,November,2022,2,Monday,22,10:00pm-10:59pm,48,48,1,This section IS ON the NHS,2,Urban,3,Principal Arterial - Other,1,State Highway Agency,2,U.S. Highway,US-50BU,,12,12,38.38901389,38.38901389,-75.622213890,-75.62221389,0,No Special Jurisdiction,58,Ground,0,The First Harmful Event was Not a Collision with a Motor Vehicle in Transport,0,No,1,Non-Junction,1,Not an Intersection,0,None,,,4,On Roadside,6,Dark - Unknown Lighting,,,,,1,Clear,0,No,0000000,Not Applicable,22,10:00pm-10:59pm,56,56,23,11:00pm-11:59pm,1,1,88,"Not Applicable (Not Transported) ",88,Not Applicable (Not Transported),,,,,,,1,
2022,24,240427,Maryland,1,1,0,0,0,1,1,33,PRINCE GEORGE`S (33),0,NOT APPLICABLE,27,27,11,November,2022,1,Sunday,5,5:00am-5:59am,35,35,1,This section IS ON the NHS,2,Urban,1,Interstate,1,State Highway Agency,1,Interstate,I-95,,131,131,38.87231944,38.87231944,-76.844013890,-76.84401389,0,No Special Jurisdiction,32,Culvert,0,The First Harmful Event was Not a Collision with a Motor Vehicle in Transport,0,No,1,Non-Junction,1,Not an Intersection,0,None,,,8,Gore,3,Dark - Lighted,,,,,1,Clear,0,No,0000000,Not Applicable,5,5:00am-5:59am,26,26,5,5:00am-5:59am,40,40,88,"Not Applicable (Not Transported) ",88,Not Applicable (Not Transported),,,,,,,1,
2022,24,240428,Maryland,1,1,0,0,0,1,1,5,BALTIMORE (5),0,NOT APPLICABLE,31,31,7,July,2022,1,Sunday,22,10:00pm-10:59pm,18,18,0,This section IS NOT on the NHS,2,Urban,5,Major Collector,2,County Highway Agency,4,County Road,CR-722,,95,95,39.47615278,39.47615278,-76.762847220,-76.76284722,0,No Special Jurisdiction,38,Fence,0,The First Harmful Event was Not a Collision with a Motor Vehicle in Transport,0,No,1,Non-Junction,1,Not an Intersection,0,None,,,4,On Roadside,3,Dark - Lighted,,,,,2,Rain,0,No,0000000,Not Applicable,21,9:00pm-9:59pm,54,54,22,10:00pm-10:59pm,11,11,22,10:00pm-10:59pm,47,47,,,,,,,1,
2022,24,240429,Maryland,2,1,1,1,1,3,3,510,BALTIMORE (CITY) (510),0,NOT APPLICABLE,9,9,6,June,2022,5,Thursday,16,4:00pm-4:59pm,43,43,0,This section IS NOT on the NHS,2,Urban,5,Major Collector,2,County Highway Agency,6,Local Street - Municipality,MU-4200,,2,2,39.30202222,39.30202222,-76.632588890,-76.63258889,0,No Special Jurisdiction,8,Pedestrian,0,The First Harmful Event was Not a Collision with a Motor Vehicle in Transport,0,No,1,Non-Junction,1,Not an Intersection,0,None,,,1,On Roadway,1,Daylight,,,,,1,Clear,0,No,0000000,Not Applicable,16,4:00pm-4:59pm,43,43,16,4:00pm-4:59pm,51,51,17,5:00pm-5:59pm,3,3,,,,,,,1,
2022,24,240430,Maryland,1,1,0,1,1,1,1,47,WORCESTER (47),0,NOT APPLICABLE,6,6,10,October,2022,5,Thursday,20,8:00pm-8:59pm,14,14,0,This section IS NOT on the NHS,2,Urban,7,Local,1,State Highway Agency,8,Other,OP-451 GRAYS CORNER RD,,0,None,38.33833056,38.33833056,-75.144008330,-75.14400833,0,No Special Jurisdiction,8,Pedestrian,0,The First Harmful Event was Not a Collision with a Motor Vehicle in Transport,0,No,1,Non-Junction,1,Not an Intersection,0,None,,,1,On Roadway,2,Dark - Not Lighted,,,,,1,Clear,0,No,0000000,Not Applicable,20,8:00pm-8:59pm,7,7,20,8:00pm-8:59pm,14,14,21,9:00pm-9:59pm,51,51,,,,,,,1,
2022,24,240432,Maryland,1,1,0,0,0,1,1,21,FREDERICK (21),0,NOT APPLICABLE,3,3,12,December,2022,7,Saturday,12,12:00pm-12:59pm,24,24,1,This section IS ON the NHS,2,Urban,1,Interstate,1,State Highway Agency,1,Interstate,I-70,,78,78,39.45573611,39.45573611,-77.506036110,-77.50603611,0,No Special Jurisdiction,35,Embankment,0,The First Harmful Event was Not a Collision with a Motor Vehicle in Transport,0,No,1,Non-Junction,1,Not an Intersection,0,None,,,4,On Roadside,1,Daylight,,,,,10,Cloudy,0,No,0000000,Not Applicable,12,12:00pm-12:59pm,24,24,12,12:00pm-12:59pm,33,33,88,"Not Applicable (Not Transported) ",88,Not Applicable (Not Transported),,,,,,,1,
2022,24,240433,Maryland,1,1,0,0,0,2,2,43,WASHINGTON (43),0,NOT APPLICABLE,4,4,12,December,2022,1,Sunday,2,2:00am-2:59am,31,31,0,This section IS NOT on the NHS,2,Urban,4,Minor Arterial,1,State Highway Agency,3,State Highway,SR-67,,90,90,39.45363889,39.45363889,-77.664991670,-77.66499167,0,No Special Jurisdiction,42,Tree (Standing Only),0,The First Harmful Event was Not a Collision with a Motor Vehicle in Transport,0,No,1,Non-Junction,1,Not an Intersection,0,None,,,4,On Roadside,6,Dark - Unknown Lighting,,,,,10,Cloudy,0,No,0000000,Not Applicable,2,2:00am-2:59am,13,13,2,2:00am-2:59am,29,29,3,3:00am-3:59am,8,8,,,,,,,1,
2022,24,240434,Maryland,2,2,0,1,1,1,1,33,PRINCE GEORGE`S (33),0,NOT APPLICABLE,28,28,11,November,2022,2,Monday,20,8:00pm-8:59pm,34,34,1,This section IS ON the NHS,2,Urban,2,Principal Arterial - Other Freeways and Expressways,1,State Highway Agency,3,State Highway,SR-210,,77,77,38.73372222,38.73372222,-76.990758330,-76.99075833,0,No Special Jurisdiction,12,Motor Vehicle In-Transport,7,Sideswipe - Same Direction,0,No,1,Non-Junction,1,Not an Intersection,0,None,,,1,On Roadway,2,Dark - Not Lighted,,,,,1,Clear,0,No,0000000,Not Applicable,20,8:00pm-8:59pm,33,33,20,8:00pm-8:59pm,46,46,88,"Not Applicable (Not Transported) ",88,Not Applicable (Not Transported),,,,,,,1,
2022,24,240435,Maryland,5,3,2,0,2,3,5,25,HARFORD (25),0,NOT APPLICABLE,7,7,12,December,2022,4,Wednesday,6,6:00am-6:59am,44,44,1,This section IS ON the NHS,2,Urban,1,Interstate,1,State Highway Agency,1,Interstate,I-95,,82,82,39.49270278,39.49270278,-76.237555560,-76.23755556,0,No Special Jurisdiction,14,Parked Motor Vehicle,0,The First Harmful Event was Not a Collision with a Motor Vehicle in Transport,0,No,1,Non-Junction,1,Not an Intersection,0,None,,,2,On Shoulder,2,Dark - Not Lighted,,,,,2,Rain,0,No,0000000,Not Applicable,99,Unknown,99,Unknown,99,Unknown EMS Scene Arrival Hour,99,Unknown EMS Scene Arrival Minutes,88,"Not Applicable (Not Transported) ",88,Not Applicable (Not Transported),,,,,,,1,
2022,24,240436,Maryland,1,1,0,0,0,1,1,3,ANNE ARUNDEL (3),0,NOT APPLICABLE,30,30,11,November,2022,4,Wednesday,10,10:00am-10:59am,42,42,1,This section IS ON the NHS,2,Urban,1,Interstate,1,State Highway Agency,1,Interstate,I-97,,121,121,39.11883889,39.11883889,-76.637236110,-76.63723611,0,No Special Jurisdiction,24,Guardrail Face,0,The First Harmful Event was Not a Collision with a Motor Vehicle in Transport,0,No,1,Non-Junction,1,Not an Intersection,0,None,,,3,On Median,1,Daylight,,,,,2,Rain,0,No,0000000,Not Applicable,10,10:00am-10:59am,30,30,10,10:00am-10:59am,36,36,11,11:00am-11:59am,19,19,,,,,,,1,
2022,24,240437,Maryland,2,2,0,0,0,3,3,1,ALLEGANY (1),0,NOT APPLICABLE,10,10,11,November,2022,5,Thursday,9,9:00am-9:59am,4,4,0,This section IS NOT on the NHS,2,Urban,4,Minor Arterial,1,State Highway Agency,3,State Highway,SR-35,,0,None,39.69717778,39.69717778,-78.789230560,-78.78923056,0,No Special Jurisdiction,12,Motor Vehicle In-Transport,2,Front-to-Front,0,No,1,Non-Junction,1,Not an Intersection,0,None,,,1,On Roadway,1,Daylight,,,,,98,Not Reported,0,No,0000000,Not Applicable,99,Unknown,99,Unknown,99,Unknown EMS Scene Arrival Hour,99,Unknown EMS Scene Arrival Minutes,99,Unknown,99,Unknown EMS Hospital Arrival Time,,,,,,,1,