caseyear,state,st_case,statename,ve_total,ve_forms,pvh_invl,peds,pernotmvit,permvit,persons,county,countyname,city,cityname,day,dayname,month,monthname,year,day_week,day_weekname,hour,hourname,minute,minutename,nhs,nhsname,rur_urb,rur_urbname,func_sys,func_sysname,rd_owner,rd_ownername,route,routename,tway_id,tway_id2,milept,mileptname,latitude,latitudename,longitud,longitudname,sp_jur,sp_jurname,harm_ev,harm_evname,man_coll,man_collname,reljct1,reljct1name,reljct2,reljct2name,typ_int,typ_intname,wrk_zone,wrk_zonename,road_fnc,road_fncname,rel_road,rel_roadname,lgt_cond,lgt_condname,weather1,weather1name,weather2,weather2name,weather,weathername,sch_bus,sch_busname,rail,railname,not_hour,not_hourname,not_min,not_minname,arr_hour,arr_hourname,arr_min,arr_minname,hosp_hr,hosp_hrname,hosp_mn,hosp_mnname,cf1,cf1name,cf2,cf2name,cf3,cf3name,fatals,drunk_dr
2022,24,240438,Maryland,4,4,0,0,0,8,8,27,HOWARD (27),0,NOT APPLICABLE,2,2,12,December,2022,6,Friday,18,6:00pm-6:59pm,14,14,1,This section IS ON the NHS,2,Urban,2,Principal Arterial - Other Freeways and Expressways,1,State Highway Agency,2,U.S. Highway,US-29,,114,114,39.26380000,39.26380000,-76.819263890,-76.81926389,0,No Special Jurisdiction,12,Motor Vehicle In-Transport,1,Front-to-Rear,0,No,1,Non-Junction,1,Not an Intersection,0,None,,,1,On Roadway,2,Dark - Not Lighted,,,,,1,Clear,0,No,0000000,Not Applicable,18,6:00pm-6:59pm,14,14,18,6:00pm-6:59pm,29,29,19,7:00pm-7:59pm,33,33,,,,,,,1,
2022,24,240439,Maryland,2,2,0,1,1,3,3,33,PRINCE GEORGE`S (33),0,NOT APPLICABLE,4,4,12,December,2022,1,Sunday,10,10:00am-10:59am,2,2,1,This section IS ON the NHS,2,Urban,1,Interstate,1,State Highway Agency,1,Interstate,I-95,,307,307,39.07323333,39.07323333,-76.906319440,-76.90631944,0,No Special Jurisdiction,8,Pedestrian,0,The First Harmful Event was Not a Collision with a Motor Vehicle in Transport,0,No,1,Non-Junction,1,Not an Intersection,0,None,,,1,On Roadway,1,Daylight,,,,,1,Clear,0,No,0000000,Not Applicable,9,9:00am-9:59am,51,51,10,10:00am-10:59am,2,2,88,"Not Applicable (Not Transported) ",88,Not Applicable (Not Transported),,,,,,,1,
2022,24,240440,Maryland,2,2,0,0,0,2,2,17,CHARLES (17),0,NOT APPLICABLE,5,5,12,December,2022,2,Monday,15,3:00pm-3:59pm,54,54,0,This section IS NOT on the NHS,2,Urban,4,Minor Arterial,1,State Highway Agency,3,State Highway,SR-234,,6,6,38.41099167,38.41099167,-76.946475000,-76.94647500,0,No Special Jurisdiction,12,Motor Vehicle In-Transport,2,Front-to-Front,0,No,1,Non-Junction,1,Not an Intersection,0,None,,,1,On Roadway,1,Daylight,,,,,1,Clear,0,No,0000000,Not Applicable,99,Unknown,99,Unknown,99,Unknown EMS Scene Arrival Hour,99,Unknown EMS Scene Arrival Minutes,99,Unknown,99,Unknown EMS Hospital Arrival Time,,,,,,,1,
2022,24,240441,Maryland,2,2,0,0,0,2,2,21,FREDERICK (21),0,NOT APPLICABLE,6,6,12,December,2022,3,Tuesday,6,6:00am-6:59am,36,36,0,This section IS NOT on the NHS,2,Urban,3,Principal Arterial - Other,1,State Highway Agency,3,State Highway,SR-26,MU-998,11,11,39.44847778,39.44847778,-77.386266670,-77.38626667,0,No Special Jurisdiction,12,Motor Vehicle In-Transport,6,Angle,0,No,2,Intersection,2,Four-Way Intersection,0,None,,,1,On Roadway,3,Dark - Lighted,,,,,1,Clear,0,No,0000000,Not Applicable,6,6:00am-6:59am,35,35,6,6:00am-6:59am,39,39,88,"Not Applicable (Not Transported) ",88,Not Applicable (Not Transported),,,,,,,1,
2022,24,240442,Maryland,2,2,0,0,0,2,2,25,HARFORD (25),0,NOT APPLICABLE,7,7,12,December,2022,4,Wednesday,8,8:00am-8:59am,41,41,1,This section IS ON the NHS,2,Urban,1,Interstate,1,State Highway Agency,1,Interstate,I-95,,45,45,39.45836667,39.45836667,-76.306530560,-76.30653056,0,No Special Jurisdiction,12,Motor Vehicle In-Transport,1,Front-to-Rear,0,No,1,Non-Junction,1,Not an Intersection,0,None,,,1,On Roadway,1,Daylight,,,,,5,"Fog, Smog, Smoke",0,No,0000000,Not Applicable,8,8:00am-8:59am,23,23,8,8:00am-8:59am,32,32,88,"Not Applicable (Not Transported) ",88,Not Applicable (Not Transported),,,,,,,1,
2022,24,240443,Maryland,1,1,0,1,1,1,1,27,HOWARD (27),0,NOT APPLICABLE,13,13,12,December,2022,3,Tuesday,19,7:00pm-7:59pm,18,18,1,This section IS ON the NHS,2,Urban,3,Principal Arterial - Other,1,State Highway Agency,3,State Highway,SR-27,,12,12,39.34483333,39.34483333,-77.180616670,-77.18061667,0,No Special Jurisdiction,8,Pedestrian,0,The First Harmful Event was Not a Collision with a Motor Vehicle in Transport,0,No,1,Non-Junction,1,Not an Intersection,0,None,,,1,On Roadway,2,Dark - Not Lighted,,,,,98,Not Reported,0,No,0000000,Not Applicable,99,Unknown,99,Unknown,99,Unknown EMS Scene Arrival Hour,99,Unknown EMS Scene Arrival Minutes,88,"Not Applicable (Not Transported) ",88,Not Applicable (Not Transported),,,,,,,1,
2022,24,240444,Maryland,1,1,0,0,0,1,1,33,PRINCE GEORGE`S (33),0,NOT APPLICABLE,7,7,11,November,2022,2,Monday,0,0:00am-0:59am,0,0,1,This section IS ON the NHS,2,Urban,3,Principal Arterial - Other,1,State Highway Agency,2,U.S. Highway,US-301,,81,81,38.75357500,38.75357500,-76.811772220,-76.81177222,0,No Special Jurisdiction,42,Tree (Standing Only),0,The First Harmful Event was Not a Collision with a Motor Vehicle in Transport,0,No,1,Non-Junction,1,Not an Intersection,0,None,,,4,On Roadside,6,Dark - Unknown Lighting,,,,,1,Clear,0,No,0000000,Not Applicable,99,Unknown,99,Unknown,99,Unknown EMS Scene Arrival Hour,99,Unknown EMS Scene Arrival Minutes,88,"Not Applicable (Not Transported) ",88,Not Applicable (Not Transported),,,,,,,1,
2022,24,240445,Maryland,1,1,0,1,1,1,1,33,PRINCE GEORGE`S (33),0,NOT APPLICABLE,1,1,12,December,2022,5,Thursday,3,3:00am-3:59am,55,55,1,This section IS ON the NHS,2,Urban,2,Principal Arterial - Other Freeways and Expressways,1,State Highway Agency,3,State Highway,SR-5,,132,132,38.83140000,38.83140000,-76.936200000,-76.93620000,0,No Special Jurisdiction,8,Pedestrian,0,The First Harmful Event was Not a Collision with a Motor Vehicle in Transport,0,No,1,Non-Junction,1,Not an Intersection,0,None,,,1,On Roadway,2,Dark - Not Lighted,,,,,1,Clear,0,No,0000000,Not Applicable,3,3:00am-3:59am,50,50,4,4:00am-4:59am,2,2,88,"Not Applicable (Not Transported) ",88,Not Applicable (Not Transported),,,,,,,1,
2022,24,240446,Maryland,1,1,0,1,1,1,1,33,PRINCE GEORGE`S (33),0,NOT APPLICABLE,3,3,12,December,2022,7,Saturday,20,8:00pm-8:59pm,53,53,1,This section IS ON the NHS,2,Urban,2,Principal Arterial - Other Freeways and Expressways,1,State Highway Agency,3,State Highway,SR-5,,107,107,38.80363333,38.80363333,-76.905144440,-76.90514444,0,No Special Jurisdiction,8,Pedestrian,0,The First Harmful Event was Not a Collision with a Motor Vehicle in Transport,0,No,1,Non-Junction,1,Not an Intersection,0,None,,,1,On Roadway,3,Dark - Lighted,,,,,1,Clear,0,No,0000000,Not Applicable,20,8:00pm-8:59pm,50,50,20,8:00pm-8:59pm,25,25,88,"Not Applicable (Not Transported) ",88,Not Applicable (Not Transported),,,,,,,1,
2022,24,240447,Maryland,1,1,0,1,1,1,1,5,BALTIMORE (5),0,NOT APPLICABLE,5,5,1,January,2022,4,Wednesday,20,8:00pm-8:59pm,30,30,1,This section IS ON the NHS,2,Urban,3,Principal Arterial - Other,1,State Highway Agency,2,U.S. Highway,US-1,,162,162,39.36152778,39.36152778,-76.523180560,-76.52318056,0,No Special Jurisdiction,8,Pedestrian,0,The First Harmful Event was Not a Collision with a Motor Vehicle in Transport,0,No,1,Non-Junction,1,Not an Intersection,0,None,,,1,On Roadway,3,Dark - Lighted,,,,,1,Clear,0,No,0000000,Not Applicable,20,8:00pm-8:59pm,30,30,20,8:00pm-8:59pm,36,36,20,8:00pm-8:59pm,54,54,,,,,,,1,
2022,24,240448,Maryland,1,1,0,1,1,1,1,33,PRINCE GEORGE`S (33),0,NOT APPLICABLE,17,17,12,December,2022,7,Saturday,0,0:00am-0:59am,43,43,1,This section IS ON the NHS,2,Urban,3,Principal Arterial - Other,1,State Highway Agency,3,State Highway,SR-201,,36,36,38.95732500,38.95732500,-76.921591670,-76.92159167,0,No Special Jurisdiction,8,Pedestrian,0,The First Harmful Event was Not a Collision with a Motor Vehicle in Transport,0,No,1,Non-Junction,1,Not an Intersection,0,None,,,1,On Roadway,3,Dark - Lighted,,,,,10,Cloudy,0,No,0000000,Not Applicable,0,0:00am-0:59am,41,41,0,0:00am-0:59am,52,52,1,1:00am-1:59am,21,21,,,,,,,1,
2022,24,240449,Maryland,2,2,0,0,0,3,3,510,BALTIMORE (CITY) (510),0,NOT APPLICABLE,15,15,12,December,2022,5,Thursday,20,8:00pm-8:59pm,46,46,1,This section IS ON the NHS,2,Urban,2,Principal Arterial - Other Freeways and Expressways,1,State Highway Agency,3,State Highway,SR-695,,9,9,39.21031944,39.21031944,-76.537902780,-76.53790278,0,No Special Jurisdiction,12,Motor Vehicle In-Transport,2,Front-to-Front,0,No,1,Non-Junction,1,Not an Intersection,0,None,,,1,On Roadway,3,Dark - Lighted,,,,,2,Rain,0,No,0000000,Not Applicable,20,8:00pm-8:59pm,45,45,20,8:00pm-8:59pm,56,56,99,Unknown,99,Unknown EMS Hospital Arrival Time,,,,,,,1,
2022,24,240450,Maryland,1,1,0,0,0,2,2,3,ANNE ARUNDEL (3),0,NOT APPLICABLE,11,11,12,December,2022,1,Sunday,12,12:00pm-12:59pm,27,27,0,This section IS NOT on the NHS,2,Urban,5,Major Collector,1,State Highway Agency,3,State Highway,SR-450,,48,48,38.98370833,38.98370833,-76.611158330,-76.61115833,0,No Special Jurisdiction,24,Guardrail Face,0,The First Harmful Event was Not a Collision with a Motor Vehicle in Transport,0,No,1,Non-Junction,1,Not an Intersection,0,None,,,4,On Roadside,1,Daylight,,,,,10,Cloudy,0,No,0000000,Not Applicable,12,12:00pm-12:59pm,25,25,12,12:00pm-12:59pm,35,35,99,Unknown,99,Unknown EMS Hospital Arrival Time,,,,,,,1,
2022,24,240451,Maryland,1,1,0,0,0,2,2,19,DORCHESTER (19),0,NOT APPLICABLE,28,28,11,November,2022,2,Monday,20,8:00pm-8:59pm,16,16,0,This section IS NOT on the NHS,2,Urban,5,Major Collector,3,Town or Township Highway Agency,6,Local Street - Municipality,MU-903,,2,2,38.54339167,38.54339167,-76.087072220,-76.08707222,0,No Special Jurisdiction,18,Other Object (not fixed),0,The First Harmful Event was Not a Collision with a Motor Vehicle in Transport,0,No,1,Non-Junction,1,Not an Intersection,0,None,,,5,Outside Trafficway,2,Dark - Not Lighted,,,,,1,Clear,0,No,0000000,Not Applicable,20,8:00pm-8:59pm,14,14,20,8:00pm-8:59pm,24,24,21,9:00pm-9:59pm,25,25,,,,,,,2,
2022,24,240452,Maryland,2,2,0,0,0,2,2,510,BALTIMORE (CITY) (510),0,NOT APPLICABLE,31,31,8,August,2022,4,Wednesday,6,6:00am-6:59am,7,7,1,This section IS ON the NHS,2,Urban,3,Principal Arterial - Other,1,State Highway Agency,3,State Highway,SR-26,,5,5,39.33376944,39.33376944,-76.703197220,-76.70319722,0,No Special Jurisdiction,12,Motor Vehicle In-Transport,6,Angle,0,No,1,Non-Junction,1,Not an Intersection,0,None,,,1,On Roadway,4,Dawn,,,,,1,Clear,0,No,0000000,Not Applicable,6,6:00am-6:59am,5,5,6,6:00am-6:59am,13,13,6,6:00am-6:59am,38,38,,,,,,,1,
2022,24,240453,Maryland,2,2,0,0,0,2,2,5,BALTIMORE (5),0,NOT APPLICABLE,13,13,11,November,2022,1,Sunday,6,6:00am-6:59am,18,18,0,This section IS NOT on the NHS,2,Urban,4,Minor Arterial,2,County Highway Agency,4,County Road,CR-2250,,26,26,39.38490833,39.38490833,-76.788127780,-76.78812778,0,No Special Jurisdiction,12,Motor Vehicle In-Transport,2,Front-to-Front,0,No,1,Non-Junction,1,Not an Intersection,0,None,,,1,On Roadway,3,Dark - Lighted,,,,,1,Clear,0,No,0000000,Not Applicable,6,6:00am-6:59am,15,15,6,6:00am-6:59am,22,22,6,6:00am-6:59am,51,51,,,,,,,1,
2022,24,240454,Maryland,1,1,0,0,0,1,1,3,ANNE ARUNDEL (3),0,NOT APPLICABLE,15,15,12,December,2022,5,Thursday,19,7:00pm-7:59pm,35,35,1,This section IS ON the NHS,2,Urban,2,Principal Arterial - Other Freeways and Expressways,1,State Highway Agency,3,State Highway,SR-100,,62,62,39.15413333,39.15413333,-76.648791670,-76.64879167,0,No Special Jurisdiction,25,Concrete Traffic Barrier,0,The First Harmful Event was Not a Collision with a Motor Vehicle in Transport,1,Yes,19,Other location within Interchange Area,1,Not an Intersection,0,None,,,3,On Median,3,Dark - Lighted,,,,,2,Rain,0,No,0000000,Not Applicable,99,Unknown,99,Unknown,99,Unknown EMS Scene Arrival Hour,99,Unknown EMS Scene Arrival Minutes,88,"Not Applicable (Not Transported) ",88,Not Applicable (Not Transported),,,,,,,1,
2022,24,240455,Maryland,2,2,0,0,0,2,2,19,DORCHESTER (19),230,CAMBRIDGE,16,16,12,December,2022,6,Friday,16,4:00pm-4:59pm,35,35,0,This section IS NOT on the NHS,2,Urban,4,Minor Arterial,1,State Highway Agency,3,State Highway,SR-16,,153,153,38.54656389,38.54656389,-76.073252780,-76.07325278,0,No Special Jurisdiction,12,Motor Vehicle In-Transport,2,Front-to-Front,0,No,1,Non-Junction,1,Not an Intersection,0,None,,,1,On Roadway,5,Dusk,,,,,1,Clear,0,No,0000000,Not Applicable,16,4:00pm-4:59pm,34,34,16,4:00pm-4:59pm,39,39,17,5:00pm-5:59pm,5,5,,,,,,,1,
2022,24,240456,Maryland,1,1,0,0,0,2,2,3,ANNE ARUNDEL (3),0,NOT APPLICABLE,18,18,12,December,2022,1,Sunday,19,7:00pm-7:59pm,16,16,1,This section IS ON the NHS,2,Urban,3,Principal Arterial - Other,1,State Highway Agency,3,State Highway,SR-2,SR-665 RAMP,196,196,38.97203889,38.97203889,-76.542580560,-76.54258056,0,No Special Jurisdiction,30,Utility Pole/Light Support,0,The First Harmful Event was Not a Collision with a Motor Vehicle in Transport,0,No,3,Intersection-Related,2,Four-Way Intersection,0,None,,,4,On Roadside,3,Dark - Lighted,,,,,1,Clear,0,No,0000000,Not Applicable,19,7:00pm-7:59pm,17,17,19,7:00pm-7:59pm,24,24,19,7:00pm-7:59pm,36,36,,,,,,,1,
2022,24,240457,Maryland,3,3,0,0,0,3,3,1,ALLEGANY (1),0,NOT APPLICABLE,20,20,12,December,2022,3,Tuesday,19,7:00pm-7:59pm,24,24,1,This section IS ON the NHS,2,Urban,1,Interstate,1,State Highway Agency,1,Interstate,I-68,,32,32,39.63387778,39.63387778,-78.909783330,-78.90978333,0,No Special Jurisdiction,12,Motor Vehicle In-Transport,1,Front-to-Rear,0,No,1,Non-Junction,1,Not an Intersection,0,None,,,1,On Roadway,2,Dark - Not Lighted,,,,,1,Clear,0,No,0000000,Not Applicable,19,7:00pm-7:59pm,22,22,19,7:00pm-7:59pm,27,27,20,8:00pm-8:59pm,22,22,,,,,,,1,
2022,24,240458,Maryland,1,1,0,0,0,1,1,33,PRINCE GEORGE`S (33),0,NOT APPLICABLE,20,20,12,December,2022,3,Tuesday,21,9:00pm-9:59pm,8,8,1,This section IS ON the NHS,2,Urban,1,Interstate,1,State Highway Agency,1,Interstate,I-595,,10,10,38.94660556,38.94660556,-76.848191670,-76.84819167,0,No Special Jurisdiction,34,Ditch,0,The First Harmful Event was Not a Collision with a Motor Vehicle in Transport,0,No,1,Non-Junction,1,Not an Intersection,0,None,,,4,On Roadside,2,Dark - Not Lighted,,,,,1,Clear,0,No,0000000,Not Applicable,21,9:00pm-9:59pm,5,5,21,9:00pm-9:59pm,21,21,88,"Not Applicable (Not Transported) ",88,Not Applicable (Not Transported),,,,,,,1,
2022,24,240459,Maryland,1,1,0,2,2,1,1,31,MONTGOMERY (31),0,NOT APPLICABLE,21,21,12,December,2022,4,Wednesday,14,2:00pm-2:59pm,3,3,0,This section IS NOT on the NHS,2,Urban,4,Minor Arterial,2,County Highway Agency,4,County Road,CR-81,KINGS JAMES WAY,29,29,39.13657778,39.13657778,-77.205775000,-77.20577500,0,No Special Jurisdiction,8,Pedestrian,0,The First Harmful Event was Not a Collision with a Motor Vehicle in Transport,0,No,3,Intersection-Related,2,Four-Way Intersection,0,None,,,1,On Roadway,1,Daylight,,,,,1,Clear,0,No,0000000,Not Applicable,14,2:00pm-2:59pm,2,2,14,2:00pm-2:59pm,9,9,99,Unknown,99,Unknown EMS Hospital Arrival Time,,,,,,,1,
2022,24,240460,Maryland,1,1,0,1,1,1,1,33,PRINCE GEORGE`S (33),0,NOT APPLICABLE,22,22,12,December,2022,5,Thursday,23,11:00pm-11:59pm,32,32,1,This section IS ON the NHS,2,Urban,3,Principal Arterial - Other,1,State Highway Agency,3,State Highway,SR-458,,12,12,38.84715556,38.84715556,-76.926277780,-76.92627778,0,No Special Jurisdiction,8,Pedestrian,0,The First Harmful Event was Not a Collision with a Motor Vehicle in Transport,0,No,1,Non-Junction,1,Not an Intersection,0,None,,,1,On Roadway,2,Dark - Not Lighted,,,,,2,Rain,0,No,0000000,Not Applicable,23,11:00pm-11:59pm,19,19,23,11:00pm-11:59pm,39,39,88,"Not Applicable (Not Transported) ",88,Not Applicable (Not Transported),,,,,,,1,
2022,24,240461,Maryland,1,1,0,0,0,1,1,21,FREDERICK (21),0,NOT APPLICABLE,23,23,12,December,2022,6,Friday,11,11:00am-11:59am,54,54,0,This section IS NOT on the NHS,2,Urban,4,Minor Arterial,1,State Highway Agency,3,State Highway,SR-77,,20,20,39.63556667,39.63556667,-77.487944440,-77.48794444,0,No Special Jurisdiction,16,Thrown or Falling Object,0,The First Harmful Event was Not a Collision with a Motor Vehicle in Transport,0,No,1,Non-Junction,1,Not an Intersection,0,None,,,1,On Roadway,1,Daylight,,,,,6,Severe Crosswinds,0,No,0000000,Not Applicable,11,11:00am-11:59am,53,53,12,12:00pm-12:59pm,5,5,88,"Not Applicable (Not Transported) ",88,Not Applicable (Not Transported),,,,,,,1,
2022,24,240462,Maryland,1,1,0,0,0,8,8,27,HOWARD (27),0,NOT APPLICABLE,17,17,12,December,2022,7,Saturday,22,10:00pm-10:59pm,8,8,0,This section IS NOT on the NHS,2,Urban,4,Minor Arterial,2,County Highway Agency,4,County Road,CR-1140,,5,5,39.17585556,39.17585556,-76.838458330,-76.83845833,0,No Special Jurisdiction,33,Curb,0,The First Harmful Event was Not a Collision with a Motor Vehicle in Transport,0,No,1,Non-Junction,1,Not an Intersection,0,None,,,4,On Roadside,3,Dark - Lighted,,,,,1,Clear,0,No,0000000,Not Applicable,22,10:00pm-10:59pm,8,8,22,10:00pm-10:59pm,19,19,99,Unknown,99,Unknown EMS Hospital Arrival Time,,,,,,,1,
2022,24,240463,Maryland,1,1,0,1,1,1,1,21,FREDERICK (21),0,NOT APPLICABLE,22,22,12,December,2022,5,Thursday,1,1:00am-1:59am,31,31,1,This section IS ON the NHS,2,Urban,1,Interstate,1,State Highway Agency,1,Interstate,I-70,,56,56,39.48108611,39.48108611,-77.539200000,-77.53920000,0,No Special Jurisdiction,8,Pedestrian,0,The First Harmful Event was Not a Collision with a Motor Vehicle in Transport,0,No,1,Non-Junction,1,Not an Intersection,0,None,,,1,On Roadway,2,Dark - Not Lighted,,,,,10,Cloudy,0,No,0000000,Not Applicable,1,1:00am-1:59am,13,13,1,1:00am-1:59am,37,37,99,Unknown,99,Unknown EMS Hospital Arrival Time,,,,,,,1,
2022,24,240464,Maryland,1,1,0,0,0,3,3,31,MONTGOMERY (31),0,NOT APPLICABLE,24,24,12,December,2022,7,Saturday,4,4:00am-4:59am,24,24,0,This section IS NOT on the NHS,2,Urban,4,Minor Arterial,2,County Highway Agency,4,County Road,CR-4592,SR-320,9,9,38.99140278,38.99140278,-77.010280560,-77.01028056,0,No Special Jurisdiction,1,Rollover/Overturn,0,The First Harmful Event was Not a Collision with a Motor Vehicle in Transport,0,No,3,Intersection-Related,2,Four-Way Intersection,0,None,,,3,On Median,3,Dark - Lighted,,,,,1,Clear,0,No,0000000,Not Applicable,99,Unknown,99,Unknown,99,Unknown EMS Scene Arrival Hour,99,Unknown EMS Scene Arrival Minutes,99,Unknown,99,Unknown EMS Hospital Arrival Time,,,,,,,1,
2022,24,240465,Maryland,1,1,0,0,0,1,1,15,CECIL (15),0,NOT APPLICABLE,20,20,12,December,2022,3,Tuesday,15,3:00pm-3:59pm,11,11,0,This section IS NOT on the NHS,2,Urban,7,Local,2,County Highway Agency,4,County Road,CR-579,,12,12,39.57150833,39.57150833,-75.951400000,-75.95140000,0,No Special Jurisdiction,30,Utility Pole/Light Support,0,The First Harmful Event was Not a Collision with a Motor Vehicle in Transport,0,No,1,Non-Junction,1,Not an Intersection,0,None,,,4,On Roadside,1,Daylight,,,,,98,Not Reported,0,No,0000000,Not Applicable,15,3:00pm-3:59pm,7,7,15,3:00pm-3:59pm,15,15,15,3:00pm-3:59pm,32,32,,,,,,,1,
2022,24,240466,Maryland,2,2,0,0,0,2,2,11,CAROLINE (11),0,NOT APPLICABLE,23,23,12,December,2022,6,Friday,0,0:00am-0:59am,32,32,0,This section IS NOT on the NHS,2,Urban,4,Minor Arterial,1,State Highway Agency,3,State Highway,SR-313,,241,241,38.96018056,38.96018056,-75.797355560,-75.79735556,0,No Special Jurisdiction,12,Motor Vehicle In-Transport,6,Angle,0,No,8,Driveway Access Related,1,Not an Intersection,0,None,,,1,On Roadway,2,Dark - Not Lighted,,,,,2,Rain,0,No,0000000,Not Applicable,0,0:00am-0:59am,24,24,0,0:00am-0:59am,32,32,1,1:00am-1:59am,32,32,,,,,,,1,
2022,24,240467,Maryland,1,1,0,0,0,1,1,47,WORCESTER (47),0,NOT APPLICABLE,17,17,12,December,2022,7,Saturday,0,0:00am-0:59am,40,40,0,This section IS NOT on the NHS,1,Rural,7,Local,2,County Highway Agency,4,County Road,CR-84,,4,4,38.01950833,38.01950833,-75.398533330,-75.39853333,0,No Special Jurisdiction,34,Ditch,0,The First Harmful Event was Not a Collision with a Motor Vehicle in Transport,0,No,1,Non-Junction,1,Not an Intersection,0,None,,,4,On Roadside,2,Dark - Not Lighted,,,,,1,Clear,0,No,0000000,Not Applicable,0,0:00am-0:59am,40,40,1,1:00am-1:59am,2,2,88,"Not Applicable (Not Transported) ",88,Not Applicable (Not Transported),,,,,,,1,
2022,24,240468,Maryland,1,1,0,0,0,1,1,15,CECIL (15),0,NOT APPLICABLE,27,27,12,December,2022,3,Tuesday,15,3:00pm-3:59pm,23,23,1,This section IS ON the NHS,2,Urban,1,Interstate,1,State Highway Agency,1,Interstate,I-95,,159,159,39.64536944,39.64536944,-75.835261110,-75.83526111,0,No Special Jurisdiction,35,Embankment,0,The First Harmful Event was Not a Collision with a Motor Vehicle in Transport,0,No,1,Non-Junction,1,Not an Intersection,0,None,,,3,On Median,1,Daylight,,,,,1,Clear,0,No,0000000,Not Applicable,15,3:00pm-3:59pm,20,20,15,3:00pm-3:59pm,28,28,88,"Not Applicable (Not Transported) ",88,Not Applicable (Not Transported),,,,,,,1,
2022,24,240469,Maryland,1,1,0,0,0,1,1,25,HARFORD (25),0,NOT APPLICABLE,28,28,12,December,2022,4,Wednesday,1,1:00am-1:59am,34,34,0,This section IS NOT on the NHS,2,Urban,5,Major Collector,1,State Highway Agency,3,State Highway,SR-136,,48,48,39.54151111,39.54151111,-76.257191670,-76.25719167,0,No Special Jurisdiction,42,Tree (Standing Only),0,The First Harmful Event was Not a Collision with a Motor Vehicle in Transport,0,No,1,Non-Junction,1,Not an Intersection,0,None,,,4,On Roadside,3,Dark - Lighted,,,,,1,Clear,0,No,0000000,Not Applicable,1,1:00am-1:59am,30,30,1,1:00am-1:59am,38,38,88,"Not Applicable (Not Transported) ",88,Not Applicable (Not Transported),,,,,,,1,
2022,24,240470,Maryland,1,1,0,1,1,1,1,3,ANNE ARUNDEL (3),0,NOT APPLICABLE,28,28,12,December,2022,4,Wednesday,1,1:00am-1:59am,54,54,1,This section IS ON the NHS,2,Urban,1,Interstate,1,State Highway Agency,1,Interstate,I-97,,148,148,39.17639444,39.17639444,-76.636297220,-76.63629722,0,No Special Jurisdiction,8,Pedestrian,0,The First Harmful Event was Not a Collision with a Motor Vehicle in Transport,0,No,1,Non-Junction,1,Not an Intersection,0,None,,,1,On Roadway,6,Dark - Unknown Lighting,,,,,1,Clear,0,No,0000000,Not Applicable,1,1:00am-1:59am,53,53,2,2:00am-2:59am,3,3,88,"Not Applicable (Not Transported) ",88,Not Applicable (Not Transported),,,,,,,1,
2022,24,240471,Maryland,2,2,0,0,0,4,4,33,PRINCE GEORGE`S (33),0,NOT APPLICABLE,9,9,1,January,2022,1,Sunday,1,1:00am-1:59am,4,4,1,This section IS ON the NHS,2,Urban,2,Principal Arterial - Other Freeways and Expressways,66,National Park Service,3,State Highway,SR-295,,99998,Not Reported,38.91961667,38.91961667,-76.932155560,-76.93215556,1,National Park Service,24,Guardrail Face,0,The First Harmful Event was Not a Collision with a Motor Vehicle in Transport,0,No,1,Non-Junction,1,Not an Intersection,0,None,,,3,On Median,3,Dark - Lighted,,,,,1,Clear,0,No,0000000,Not Applicable,99,Unknown,99,Unknown,99,Unknown EMS Scene Arrival Hour,99,Unknown EMS Scene Arrival Minutes,99,Unknown,99,Unknown EMS Hospital Arrival Time,,,,,,,1,
2022,24,240472,Maryland,4,1,3,0,0,1,1,25,HARFORD (25),0,NOT APPLICABLE,29,29,12,December,2022,5,Thursday,23,11:00pm-11:59pm,11,11,0,This section IS NOT on the NHS,2,Urban,4,Minor Arterial,1,State Highway Agency,3,State Highway,SR-543,,62,62,39.53529444,39.53529444,-76.299027780,-76.29902778,0,No Special Jurisdiction,33,Curb,0,The First Harmful Event was Not a Collision with a Motor Vehicle in Transport,0,No,1,Non-Junction,1,Not an Intersection,0,None,,,4,On Roadside,2,Dark - Not Lighted,,,,,1,Clear,0,No,0000000,Not Applicable,23,11:00pm-11:59pm,7,7,23,11:00pm-11:59pm,16,16,88,"Not Applicable (Not Transported) ",88,Not Applicable (Not Transported),,,,,,,1,
2022,24,240473,Maryland,1,1,0,0,0,1,1,33,PRINCE GEORGE`S (33),710,GREENBELT,24,24,3,March,2022,5,Thursday,18,6:00pm-6:59pm,12,12,1,This section IS ON the NHS,2,Urban,2,Principal Arterial - Other Freeways and Expressways,66,National Park Service,3,State Highway,SR-295,,99998,Not Reported,38.99594444,38.99594444,-76.877000000,-76.87700000,1,National Park Service,42,Tree (Standing Only),0,The First Harmful Event was Not a Collision with a Motor Vehicle in Transport,0,No,1,Non-Junction,1,Not an Intersection,0,None,,,4,On Roadside,1,Daylight,,,,,5,"Fog, Smog, Smoke",0,No,0000000,Not Applicable,99,Unknown,99,Unknown,99,Unknown EMS Scene Arrival Hour,99,Unknown EMS Scene Arrival Minutes,99,Unknown,99,Unknown EMS Hospital Arrival Time,,,,,,,1,