caseyear,state,st_case,statename,ve_total,ve_forms,pvh_invl,peds,pernotmvit,permvit,persons,county,countyname,city,cityname,day,dayname,month,monthname,year,day_week,day_weekname,hour,hourname,minute,minutename,nhs,nhsname,rur_urb,rur_urbname,func_sys,func_sysname,rd_owner,rd_ownername,route,routename,tway_id,tway_id2,milept,mileptname,latitude,latitudename,longitud,longitudname,sp_jur,sp_jurname,harm_ev,harm_evname,man_coll,man_collname,reljct1,reljct1name,reljct2,reljct2name,typ_int,typ_intname,wrk_zone,wrk_zonename,road_fnc,road_fncname,rel_road,rel_roadname,lgt_cond,lgt_condname,weather1,weather1name,weather2,weather2name,weather,weathername,sch_bus,sch_busname,rail,railname,not_hour,not_hourname,not_min,not_minname,arr_hour,arr_hourname,arr_min,arr_minname,hosp_hr,hosp_hrname,hosp_mn,hosp_mnname,cf1,cf1name,cf2,cf2name,cf3,cf3name,fatals,drunk_dr
2022,24,240474,Maryland,1,1,0,0,0,1,1,33,PRINCE GEORGE`S (33),0,NOT APPLICABLE,18,18,8,August,2022,5,Thursday,15,3:00pm-3:59pm,33,33,1,This section IS ON the NHS,2,Urban,2,Principal Arterial - Other Freeways and Expressways,66,National Park Service,8,Other,GV-119,,99998,Not Reported,77.77770000,77.77770000,777.777700000,777.77770000,1,National Park Service,24,Guardrail Face,0,The First Harmful Event was Not a Collision with a Motor Vehicle in Transport,0,No,1,Non-Junction,1,Not an Intersection,0,None,,,3,On Median,1,Daylight,,,,,1,Clear,0,No,0000000,Not Applicable,99,Unknown,99,Unknown,99,Unknown EMS Scene Arrival Hour,99,Unknown EMS Scene Arrival Minutes,88,"Not Applicable (Not Transported) ",88,Not Applicable (Not Transported),,,,,,,1,
2022,24,240475,Maryland,1,1,0,1,1,2,2,33,PRINCE GEORGE`S (33),0,NOT APPLICABLE,28,28,12,December,2022,4,Wednesday,17,5:00pm-5:59pm,47,47,1,This section IS ON the NHS,2,Urban,3,Principal Arterial - Other,1,State Highway Agency,3,State Highway,SR-214,,64,64,38.89981111,38.89981111,-76.794508330,-76.79450833,0,No Special Jurisdiction,8,Pedestrian,0,The First Harmful Event was Not a Collision with a Motor Vehicle in Transport,0,No,1,Non-Junction,1,Not an Intersection,0,None,,,1,On Roadway,3,Dark - Lighted,,,,,1,Clear,0,No,0000000,Not Applicable,1,1:00am-1:59am,54,54,2,2:00am-2:59am,1,1,99,Unknown,99,Unknown EMS Hospital Arrival Time,,,,,,,1,
2022,24,240476,Maryland,1,1,0,1,1,2,2,510,BALTIMORE (CITY) (510),50,BALTIMORE,16,16,4,April,2022,7,Saturday,0,0:00am-0:59am,34,34,1,This section IS ON the NHS,2,Urban,1,Interstate,1,State Highway Agency,1,Interstate,I-83,,9,9,39.29841944,39.29841944,-76.611105560,-76.61110556,0,No Special Jurisdiction,8,Pedestrian,0,The First Harmful Event was Not a Collision with a Motor Vehicle in Transport,0,No,1,Non-Junction,1,Not an Intersection,0,None,,,1,On Roadway,3,Dark - Lighted,,,,,1,Clear,0,No,0000000,Not Applicable,0,0:00am-0:59am,33,33,0,0:00am-0:59am,46,46,0,0:00am-0:59am,59,59,,,,,,,1,
2022,24,240477,Maryland,2,2,0,0,0,2,2,25,HARFORD (25),0,NOT APPLICABLE,12,12,10,October,2022,4,Wednesday,12,12:00pm-12:59pm,29,29,1,This section IS ON the NHS,2,Urban,3,Principal Arterial - Other,1,State Highway Agency,2,U.S. Highway,US-40,,107,107,39.48729167,39.48729167,-76.200619440,-76.20061944,0,No Special Jurisdiction,12,Motor Vehicle In-Transport,6,Angle,0,No,7,"Crossover-Related ",1,Not an Intersection,0,None,,,1,On Roadway,1,Daylight,,,,,1,Clear,0,No,0000000,Not Applicable,12,12:00pm-12:59pm,26,26,12,12:00pm-12:59pm,37,37,13,1:00pm-1:59pm,43,43,,,,,,,1,
2022,24,240478,Maryland,1,1,0,0,0,1,1,33,PRINCE GEORGE`S (33),0,NOT APPLICABLE,23,23,12,December,2022,6,Friday,1,1:00am-1:59am,54,54,1,This section IS ON the NHS,2,Urban,2,Principal Arterial - Other Freeways and Expressways,1,State Highway Agency,3,State Highway,SR-210,SR-228,29,29,38.66488611,38.66488611,-77.017844440,-77.01784444,0,No Special Jurisdiction,33,Curb,0,The First Harmful Event was Not a Collision with a Motor Vehicle in Transport,0,No,3,Intersection-Related,3,T-Intersection,0,None,,,3,On Median,3,Dark - Lighted,,,,,2,Rain,0,No,0000000,Not Applicable,1,1:00am-1:59am,54,54,2,2:00am-2:59am,1,1,88,"Not Applicable (Not Transported) ",88,Not Applicable (Not Transported),,,,,,,1,
2022,24,240479,Maryland,1,1,0,1,1,2,2,5,BALTIMORE (5),0,NOT APPLICABLE,20,20,1,January,2022,5,Thursday,0,0:00am-0:59am,14,14,1,This section IS ON the NHS,2,Urban,3,Principal Arterial - Other,1,State Highway Agency,3,State Highway,SR-26,,92,92,39.34444722,39.34444722,-76.732230560,-76.73223056,0,No Special Jurisdiction,8,Pedestrian,0,The First Harmful Event was Not a Collision with a Motor Vehicle in Transport,0,No,1,Non-Junction,1,Not an Intersection,0,None,,,1,On Roadway,3,Dark - Lighted,,,,,2,Rain,0,No,0000000,Not Applicable,99,Unknown,99,Unknown,99,Unknown EMS Scene Arrival Hour,99,Unknown EMS Scene Arrival Minutes,88,"Not Applicable (Not Transported) ",88,Not Applicable (Not Transported),,,,,,,1,
2022,24,240480,Maryland,1,1,0,1,1,1,1,510,BALTIMORE (CITY) (510),50,BALTIMORE,19,19,6,June,2022,1,Sunday,23,11:00pm-11:59pm,19,19,1,This section IS ON the NHS,2,Urban,3,Principal Arterial - Other,4,City or Municipal Highway Agency,3,State Highway,SR-2,,4,4,39.28603889,39.28603889,-76.612355560,-76.61235556,0,No Special Jurisdiction,8,Pedestrian,0,The First Harmful Event was Not a Collision with a Motor Vehicle in Transport,0,No,1,Non-Junction,1,Not an Intersection,0,None,,,1,On Roadway,3,Dark - Lighted,,,,,98,Not Reported,0,No,0000000,Not Applicable,23,11:00pm-11:59pm,13,13,23,11:00pm-11:59pm,17,17,23,11:00pm-11:59pm,29,29,,,,,,,1,
2022,24,240481,Maryland,2,2,0,1,1,3,3,33,PRINCE GEORGE`S (33),0,NOT APPLICABLE,23,23,12,December,2022,6,Friday,5,5:00am-5:59am,49,49,1,This section IS ON the NHS,2,Urban,3,Principal Arterial - Other,1,State Highway Agency,3,State Highway,SR-193,23RD AVE,14,14,38.98404444,38.98404444,-76.971302780,-76.97130278,0,No Special Jurisdiction,8,Pedestrian,0,The First Harmful Event was Not a Collision with a Motor Vehicle in Transport,0,No,3,Intersection-Related,3,T-Intersection,0,None,,,1,On Roadway,2,Dark - Not Lighted,,,,,2,Rain,0,No,0000000,Not Applicable,99,Unknown,99,Unknown,99,Unknown EMS Scene Arrival Hour,99,Unknown EMS Scene Arrival Minutes,99,Unknown,99,Unknown EMS Hospital Arrival Time,,,,,,,1,
2022,24,240482,Maryland,1,1,0,0,0,1,1,5,BALTIMORE (5),0,NOT APPLICABLE,5,5,10,October,2022,4,Wednesday,23,11:00pm-11:59pm,6,6,0,This section IS NOT on the NHS,2,Urban,7,Local,2,County Highway Agency,4,County Road,CR-4160,,0,None,39.37965278,39.37965278,-76.421375000,-76.42137500,0,No Special Jurisdiction,30,Utility Pole/Light Support,0,The First Harmful Event was Not a Collision with a Motor Vehicle in Transport,0,No,1,Non-Junction,1,Not an Intersection,0,None,,,4,On Roadside,3,Dark - Lighted,,,,,1,Clear,0,No,0000000,Not Applicable,23,11:00pm-11:59pm,4,4,23,11:00pm-11:59pm,11,11,88,"Not Applicable (Not Transported) ",88,Not Applicable (Not Transported),,,,,,,1,
2022,24,240483,Maryland,1,1,0,1,1,1,1,3,ANNE ARUNDEL (3),0,NOT APPLICABLE,25,25,12,December,2022,1,Sunday,3,3:00am-3:59am,22,22,0,This section IS NOT on the NHS,2,Urban,5,Major Collector,1,State Highway Agency,3,State Highway,SR-171,,6,6,39.21915278,39.21915278,-76.603094440,-76.60309444,0,No Special Jurisdiction,8,Pedestrian,0,The First Harmful Event was Not a Collision with a Motor Vehicle in Transport,0,No,1,Non-Junction,1,Not an Intersection,0,None,,,1,On Roadway,3,Dark - Lighted,,,,,1,Clear,0,No,0000000,Not Applicable,3,3:00am-3:59am,22,22,3,3:00am-3:59am,29,29,88,"Not Applicable (Not Transported) ",88,Not Applicable (Not Transported),,,,,,,1,
2022,24,240484,Maryland,1,1,0,0,0,1,1,5,BALTIMORE (5),0,NOT APPLICABLE,15,15,1,January,2022,7,Saturday,19,7:00pm-7:59pm,51,51,0,This section IS NOT on the NHS,2,Urban,4,Minor Arterial,2,County Highway Agency,4,County Road,CR-5560,,12,12,39.26166111,39.26166111,-76.479013890,-76.47901389,0,No Special Jurisdiction,33,Curb,0,The First Harmful Event was Not a Collision with a Motor Vehicle in Transport,0,No,1,Non-Junction,1,Not an Intersection,0,None,,,4,On Roadside,3,Dark - Lighted,,,,,10,Cloudy,0,No,0000000,Not Applicable,19,7:00pm-7:59pm,49,49,20,8:00pm-8:59pm,0,0,20,8:00pm-8:59pm,23,23,,,,,,,1,
2022,24,240485,Maryland,2,2,0,0,0,2,2,11,CAROLINE (11),0,NOT APPLICABLE,27,27,12,December,2022,3,Tuesday,7,7:00am-7:59am,32,32,0,This section IS NOT on the NHS,2,Urban,4,Minor Arterial,1,State Highway Agency,3,State Highway,SR-307,,3,3,38.68856667,38.68856667,-75.793488890,-75.79348889,0,No Special Jurisdiction,12,Motor Vehicle In-Transport,2,Front-to-Front,0,No,1,Non-Junction,1,Not an Intersection,0,None,,,1,On Roadway,1,Daylight,,,,,1,Clear,0,No,0000000,Not Applicable,7,7:00am-7:59am,31,31,7,7:00am-7:59am,37,37,99,Unknown,99,Unknown EMS Hospital Arrival Time,,,,,,,1,
2022,24,240486,Maryland,2,2,0,0,0,2,2,33,PRINCE GEORGE`S (33),0,NOT APPLICABLE,27,27,12,December,2022,3,Tuesday,18,6:00pm-6:59pm,4,4,0,This section IS NOT on the NHS,2,Urban,5,Major Collector,2,County Highway Agency,4,County Road,CR-76,,5,5,38.93073889,38.93073889,-76.859761110,-76.85976111,0,No Special Jurisdiction,12,Motor Vehicle In-Transport,6,Angle,0,No,1,Non-Junction,1,Not an Intersection,0,None,,,1,On Roadway,5,Dusk,,,,,1,Clear,0,No,0000000,Not Applicable,99,Unknown,99,Unknown,99,Unknown EMS Scene Arrival Hour,99,Unknown EMS Scene Arrival Minutes,99,Unknown,99,Unknown EMS Hospital Arrival Time,,,,,,,1,
2022,24,240487,Maryland,1,1,0,0,0,1,1,510,BALTIMORE (CITY) (510),50,BALTIMORE,23,23,7,July,2022,7,Saturday,15,3:00pm-3:59pm,40,40,1,This section IS ON the NHS,2,Urban,3,Principal Arterial - Other,1,State Highway Agency,3,State Highway,SR-173,,0,None,39.21013333,39.21013333,-76.585666670,-76.58566667,0,No Special Jurisdiction,42,Tree (Standing Only),0,The First Harmful Event was Not a Collision with a Motor Vehicle in Transport,0,No,1,Non-Junction,1,Not an Intersection,0,None,,,4,On Roadside,1,Daylight,,,,,1,Clear,0,No,0000000,Not Applicable,99,Unknown,99,Unknown,99,Unknown EMS Scene Arrival Hour,99,Unknown EMS Scene Arrival Minutes,99,Unknown,99,Unknown EMS Hospital Arrival Time,,,,,,,1,
2022,24,240488,Maryland,1,1,0,0,0,1,1,33,PRINCE GEORGE`S (33),0,NOT APPLICABLE,8,8,12,December,2022,5,Thursday,3,3:00am-3:59am,50,50,0,This section IS NOT on the NHS,2,Urban,3,Principal Arterial - Other,1,State Highway Agency,3,State Highway,SR-458,GV-119,8,8,38.84324722,38.84324722,-76.930330560,-76.93033056,0,No Special Jurisdiction,33,Curb,0,The First Harmful Event was Not a Collision with a Motor Vehicle in Transport,0,No,3,Intersection-Related,2,Four-Way Intersection,0,None,,,4,On Roadside,3,Dark - Lighted,,,,,5,"Fog, Smog, Smoke",0,No,0000000,Not Applicable,3,3:00am-3:59am,49,49,4,4:00am-4:59am,5,5,5,5:00am-5:59am,8,8,,,,,,,1,
2022,24,240489,Maryland,1,1,0,0,0,1,1,45,WICOMICO (45),0,NOT APPLICABLE,29,29,12,December,2022,5,Thursday,20,8:00pm-8:59pm,30,30,0,This section IS NOT on the NHS,1,Rural,6,Minor Collector,2,County Highway Agency,4,County Road,CR-350,,17,17,38.42932222,38.42932222,-75.355783330,-75.35578333,0,No Special Jurisdiction,30,Utility Pole/Light Support,0,The First Harmful Event was Not a Collision with a Motor Vehicle in Transport,0,No,1,Non-Junction,1,Not an Intersection,0,None,,,4,On Roadside,2,Dark - Not Lighted,,,,,1,Clear,0,No,0000000,Not Applicable,20,8:00pm-8:59pm,38,38,20,8:00pm-8:59pm,51,51,88,"Not Applicable (Not Transported) ",88,Not Applicable (Not Transported),,,,,,,1,
2022,24,240490,Maryland,1,1,0,0,0,1,1,510,BALTIMORE (CITY) (510),50,BALTIMORE,4,4,9,September,2022,1,Sunday,16,4:00pm-4:59pm,12,12,0,This section IS NOT on the NHS,2,Urban,4,Minor Arterial,1,State Highway Agency,3,State Highway,SR-171,,1,1,39.22242500,39.22242500,-76.595358330,-76.59535833,0,No Special Jurisdiction,33,Curb,0,The First Harmful Event was Not a Collision with a Motor Vehicle in Transport,0,No,1,Non-Junction,1,Not an Intersection,0,None,,,4,On Roadside,1,Daylight,,,,,10,Cloudy,0,No,0000000,Not Applicable,16,4:00pm-4:59pm,12,12,16,4:00pm-4:59pm,22,22,88,"Not Applicable (Not Transported) ",88,Not Applicable (Not Transported),,,,,,,1,
2022,24,240491,Maryland,1,1,0,0,0,1,1,15,CECIL (15),0,NOT APPLICABLE,31,31,12,December,2022,7,Saturday,12,12:00pm-12:59pm,23,23,1,This section IS ON the NHS,2,Urban,1,Interstate,1,State Highway Agency,1,Interstate,I-95 RAMP,,3,3,39.64097778,39.64097778,-75.805408330,-75.80540833,0,No Special Jurisdiction,42,Tree (Standing Only),0,The First Harmful Event was Not a Collision with a Motor Vehicle in Transport,1,Yes,5,Entrance/Exit Ramp Related,1,Not an Intersection,0,None,,,8,Gore,1,Daylight,,,,,5,"Fog, Smog, Smoke",0,No,0000000,Not Applicable,99,Unknown,99,Unknown,99,Unknown EMS Scene Arrival Hour,99,Unknown EMS Scene Arrival Minutes,88,"Not Applicable (Not Transported) ",88,Not Applicable (Not Transported),,,,,,,1,
2022,24,240492,Maryland,2,2,0,0,0,2,2,3,ANNE ARUNDEL (3),0,NOT APPLICABLE,11,11,5,May,2022,4,Wednesday,20,8:00pm-8:59pm,38,38,0,This section IS NOT on the NHS,2,Urban,4,Minor Arterial,1,State Highway Agency,3,State Highway,SR-710,CR-4914,12,12,39.19977500,39.19977500,-76.595380560,-76.59538056,0,No Special Jurisdiction,12,Motor Vehicle In-Transport,2,Front-to-Front,0,No,2,Intersection,3,T-Intersection,0,None,,,1,On Roadway,2,Dark - Not Lighted,,,,,1,Clear,0,No,0000000,Not Applicable,20,8:00pm-8:59pm,37,37,20,8:00pm-8:59pm,42,42,21,9:00pm-9:59pm,7,7,,,,,,,1,
2022,24,240493,Maryland,2,2,0,0,0,3,3,510,BALTIMORE (CITY) (510),0,NOT APPLICABLE,10,10,12,December,2022,7,Saturday,16,4:00pm-4:59pm,30,30,0,This section IS NOT on the NHS,2,Urban,4,Minor Arterial,4,City or Municipal Highway Agency,6,Local Street - Municipality,MU-101,LEWIN AVE,0,None,39.33968333,39.33968333,-76.678105560,-76.67810556,0,No Special Jurisdiction,12,Motor Vehicle In-Transport,6,Angle,0,No,2,Intersection,3,T-Intersection,0,None,,,1,On Roadway,1,Daylight,,,,,1,Clear,0,No,0000000,Not Applicable,16,4:00pm-4:59pm,20,20,16,4:00pm-4:59pm,30,30,16,4:00pm-4:59pm,53,53,,,,,,,1,
2022,24,240494,Maryland,2,2,0,0,0,4,4,33,PRINCE GEORGE`S (33),0,NOT APPLICABLE,14,14,12,December,2022,4,Wednesday,0,0:00am-0:59am,29,29,1,This section IS ON the NHS,2,Urban,1,Interstate,1,State Highway Agency,1,Interstate,I-95,,243,243,39.01628611,39.01628611,-76.910397220,-76.91039722,0,No Special Jurisdiction,12,Motor Vehicle In-Transport,1,Front-to-Rear,0,No,1,Non-Junction,1,Not an Intersection,0,None,,,2,On Shoulder,3,Dark - Lighted,,,,,1,Clear,0,No,0000000,Not Applicable,0,0:00am-0:59am,29,29,0,0:00am-0:59am,53,53,1,1:00am-1:59am,13,13,,,,,,,1,
2022,24,240495,Maryland,2,2,0,0,0,3,3,5,BALTIMORE (5),0,NOT APPLICABLE,6,6,12,December,2022,3,Tuesday,20,8:00pm-8:59pm,1,1,0,This section IS NOT on the NHS,2,Urban,3,Principal Arterial - Other,1,State Highway Agency,3,State Highway,SR-26,CR-1902,95,95,39.34281944,39.34281944,-76.727855560,-76.72785556,0,No Special Jurisdiction,12,Motor Vehicle In-Transport,6,Angle,0,No,2,Intersection,2,Four-Way Intersection,0,None,,,1,On Roadway,3,Dark - Lighted,,,,,10,Cloudy,0,No,0000000,Not Applicable,19,7:00pm-7:59pm,59,59,20,8:00pm-8:59pm,14,14,20,8:00pm-8:59pm,34,34,,,,,,,1,
2022,24,240496,Maryland,2,2,0,0,0,2,2,5,BALTIMORE (5),0,NOT APPLICABLE,27,27,8,August,2022,7,Saturday,17,5:00pm-5:59pm,58,58,0,This section IS NOT on the NHS,2,Urban,5,Major Collector,1,State Highway Agency,3,State Highway,SR-147,,69,69,39.44741111,39.44741111,-76.474144440,-76.47414444,0,No Special Jurisdiction,12,Motor Vehicle In-Transport,6,Angle,0,No,1,Non-Junction,1,Not an Intersection,0,None,,,1,On Roadway,1,Daylight,,,,,1,Clear,0,No,0000000,Not Applicable,17,5:00pm-5:59pm,56,56,18,6:00pm-6:59pm,8,8,88,"Not Applicable (Not Transported) ",88,Not Applicable (Not Transported),,,,,,,1,
2022,24,240497,Maryland,3,3,0,0,0,3,3,27,HOWARD (27),0,NOT APPLICABLE,18,18,12,December,2022,1,Sunday,12,12:00pm-12:59pm,56,56,1,This section IS ON the NHS,2,Urban,3,Principal Arterial - Other,1,State Highway Agency,3,State Highway,SR-32 SYKESVILLE RD,,233,233,39.35838333,39.35838333,-76.968855560,-76.96885556,0,No Special Jurisdiction,12,Motor Vehicle In-Transport,2,Front-to-Front,0,No,1,Non-Junction,1,Not an Intersection,0,None,,,1,On Roadway,1,Daylight,,,,,1,Clear,0,No,0000000,Not Applicable,12,12:00pm-12:59pm,56,56,13,1:00pm-1:59pm,10,10,14,2:00pm-2:59pm,17,17,,,,,,,1,
2022,24,240498,Maryland,1,1,0,0,0,2,2,510,BALTIMORE (CITY) (510),50,BALTIMORE,26,26,5,May,2022,5,Thursday,2,2:00am-2:59am,58,58,1,This section IS ON the NHS,2,Urban,3,Principal Arterial - Other,4,City or Municipal Highway Agency,3,State Highway,SR-295 RUSSELL ST,,0,None,39.28459444,39.28459444,-76.623450000,-76.62345000,0,No Special Jurisdiction,30,Utility Pole/Light Support,0,The First Harmful Event was Not a Collision with a Motor Vehicle in Transport,0,No,1,Non-Junction,1,Not an Intersection,0,None,,,3,On Median,3,Dark - Lighted,,,,,1,Clear,0,No,0000000,Not Applicable,2,2:00am-2:59am,55,55,2,2:00am-2:59am,58,58,3,3:00am-3:59am,18,18,,,,,,,1,
2022,24,240499,Maryland,1,1,0,0,0,1,1,5,BALTIMORE (5),0,NOT APPLICABLE,12,12,9,September,2022,2,Monday,21,9:00pm-9:59pm,48,48,0,This section IS NOT on the NHS,2,Urban,3,Principal Arterial - Other,1,State Highway Agency,3,State Highway,SR-26,,65,65,39.36190833,39.36190833,-76.779833330,-76.77983333,0,No Special Jurisdiction,42,Tree (Standing Only),0,The First Harmful Event was Not a Collision with a Motor Vehicle in Transport,0,No,1,Non-Junction,1,Not an Intersection,0,None,,,4,On Roadside,3,Dark - Lighted,,,,,1,Clear,0,No,0000000,Not Applicable,21,9:00pm-9:59pm,45,45,21,9:00pm-9:59pm,53,53,22,10:00pm-10:59pm,23,23,,,,,,,1,
2022,24,240500,Maryland,1,1,0,1,1,1,1,510,BALTIMORE (CITY) (510),0,NOT APPLICABLE,21,21,5,May,2022,7,Saturday,3,3:00am-3:59am,2,2,1,This section IS ON the NHS,2,Urban,3,Principal Arterial - Other,4,City or Municipal Highway Agency,2,U.S. Highway,US-1,SHELDON AVE,0,None,39.32912778,39.32912778,-76.564425000,-76.56442500,0,No Special Jurisdiction,8,Pedestrian,0,The First Harmful Event was Not a Collision with a Motor Vehicle in Transport,0,No,3,Intersection-Related,2,Four-Way Intersection,0,None,,,1,On Roadway,3,Dark - Lighted,,,,,1,Clear,0,No,0000000,Not Applicable,3,3:00am-3:59am,3,3,3,3:00am-3:59am,9,9,3,3:00am-3:59am,27,27,,,,,,,1,
2022,24,240501,Maryland,5,5,0,0,0,6,6,33,PRINCE GEORGE`S (33),100,BELTSVILLE,11,11,2,February,2022,6,Friday,6,6:00am-6:59am,32,32,1,This section IS ON the NHS,2,Urban,2,Principal Arterial - Other Freeways and Expressways,66,National Park Service,3,State Highway,SR-295,,99998,Not Reported,39.02450000,39.02450000,-76.856222220,-76.85622222,1,National Park Service,12,Motor Vehicle In-Transport,1,Front-to-Rear,0,No,1,Non-Junction,1,Not an Intersection,0,None,,,1,On Roadway,4,Dawn,,,,,1,Clear,0,No,0000000,Not Applicable,99,Unknown,99,Unknown,99,Unknown EMS Scene Arrival Hour,99,Unknown EMS Scene Arrival Minutes,99,Unknown,99,Unknown EMS Hospital Arrival Time,,,,,,,1,
2022,24,240502,Maryland,1,1,0,1,1,1,1,21,FREDERICK (21),0,NOT APPLICABLE,11,11,12,December,2022,1,Sunday,18,6:00pm-6:59pm,1,1,1,This section IS ON the NHS,2,Urban,3,Principal Arterial - Other,1,State Highway Agency,2,U.S. Highway,US-40,,123,123,39.41822500,39.41822500,-77.450719440,-77.45071944,0,No Special Jurisdiction,8,Pedestrian,0,The First Harmful Event was Not a Collision with a Motor Vehicle in Transport,0,No,1,Non-Junction,1,Not an Intersection,0,None,,,1,On Roadway,2,Dark - Not Lighted,,,,,1,Clear,0,No,0000000,Not Applicable,18,6:00pm-6:59pm,1,1,18,6:00pm-6:59pm,6,6,88,"Not Applicable (Not Transported) ",88,Not Applicable (Not Transported),,,,,,,1,
2022,24,240503,Maryland,1,1,0,1,1,1,1,510,BALTIMORE (CITY) (510),0,NOT APPLICABLE,29,29,6,June,2022,4,Wednesday,20,8:00pm-8:59pm,9,9,1,This section IS ON the NHS,2,Urban,3,Principal Arterial - Other,3,Town or Township Highway Agency,6,Local Street - Municipality,MU-1359,E LAFAYETTE AVE,5,5,39.31047500,39.31047500,-76.599850000,-76.59985000,0,No Special Jurisdiction,8,Pedestrian,0,The First Harmful Event was Not a Collision with a Motor Vehicle in Transport,0,No,3,Intersection-Related,98,Not Reported,0,None,,,1,On Roadway,1,Daylight,,,,,1,Clear,0,No,0000000,Not Applicable,99,Unknown,99,Unknown,99,Unknown EMS Scene Arrival Hour,99,Unknown EMS Scene Arrival Minutes,99,Unknown,99,Unknown EMS Hospital Arrival Time,,,,,,,1,
2022,24,240504,Maryland,1,1,0,1,1,2,2,510,BALTIMORE (CITY) (510),50,BALTIMORE,20,20,6,June,2022,2,Monday,18,6:00pm-6:59pm,55,55,0,This section IS NOT on the NHS,2,Urban,5,Major Collector,4,City or Municipal Highway Agency,6,Local Street - Municipality,MU-6169,MU-4500,14,14,39.29370556,39.29370556,-76.650366670,-76.65036667,0,No Special Jurisdiction,8,Pedestrian,0,The First Harmful Event was Not a Collision with a Motor Vehicle in Transport,0,No,3,Intersection-Related,2,Four-Way Intersection,0,None,,,1,On Roadway,1,Daylight,,,,,1,Clear,0,No,0000000,Not Applicable,18,6:00pm-6:59pm,55,55,19,7:00pm-7:59pm,1,1,19,7:00pm-7:59pm,14,14,,,,,,,1,
2022,24,240505,Maryland,1,1,0,1,1,1,1,510,BALTIMORE (CITY) (510),50,BALTIMORE,14,14,9,September,2022,4,Wednesday,12,12:00pm-12:59pm,50,50,0,This section IS NOT on the NHS,2,Urban,7,Local,4,City or Municipal Highway Agency,6,Local Street - Municipality,MU-7864 LANVALE ST,,99998,Not Reported,39.29805833,39.29805833,-76.635225000,-76.63522500,0,No Special Jurisdiction,15,Non-Motorist on Personal Conveyance,0,The First Harmful Event was Not a Collision with a Motor Vehicle in Transport,0,No,4,Driveway Access,1,Not an Intersection,0,None,,,1,On Roadway,1,Daylight,,,,,1,Clear,0,No,0000000,Not Applicable,12,12:00pm-12:59pm,47,47,12,12:00pm-12:59pm,51,51,13,1:00pm-1:59pm,17,17,,,,,,,1,
2022,24,240506,Maryland,1,1,0,2,2,1,1,5,BALTIMORE (5),0,NOT APPLICABLE,13,13,6,June,2022,2,Monday,21,9:00pm-9:59pm,47,47,1,This section IS ON the NHS,2,Urban,3,Principal Arterial - Other,1,State Highway Agency,2,U.S. Highway,US-40,,16,16,39.28413889,39.28413889,-76.756691670,-76.75669167,0,No Special Jurisdiction,8,Pedestrian,0,The First Harmful Event was Not a Collision with a Motor Vehicle in Transport,0,No,7,"Crossover-Related ",1,Not an Intersection,0,None,,,1,On Roadway,3,Dark - Lighted,,,,,1,Clear,0,No,0000000,Not Applicable,99,Unknown,99,Unknown,99,Unknown EMS Scene Arrival Hour,99,Unknown EMS Scene Arrival Minutes,99,Unknown,99,Unknown EMS Hospital Arrival Time,,,,,,,1,
2022,24,240507,Maryland,3,3,0,0,0,6,6,5,BALTIMORE (5),0,NOT APPLICABLE,11,11,9,September,2022,1,Sunday,19,7:00pm-7:59pm,31,31,1,This section IS ON the NHS,2,Urban,2,Principal Arterial - Other Freeways and Expressways,1,State Highway Agency,3,State Highway,SR-41 PERRING PKWY,CR-8762 JOPPA RD,25,25,39.39957222,39.39957222,-76.546238890,-76.54623889,0,No Special Jurisdiction,12,Motor Vehicle In-Transport,6,Angle,0,No,2,Intersection,2,Four-Way Intersection,0,None,,,1,On Roadway,3,Dark - Lighted,,,,,10,Cloudy,0,No,0000000,Not Applicable,19,7:00pm-7:59pm,28,28,19,7:00pm-7:59pm,41,41,20,8:00pm-8:59pm,19,19,,,,,,,1,
2022,24,240508,Maryland,2,2,0,0,0,4,4,33,PRINCE GEORGE`S (33),569,FORESTVILLE,10,10,8,August,2022,4,Wednesday,0,0:00am-0:59am,59,59,1,This section IS ON the NHS,2,Urban,2,Principal Arterial - Other Freeways and Expressways,66,National Park Service,8,Other,GV-1191 SUITLAND PKWY,CR-4831,99998,Not Reported,38.83074722,38.83074722,-76.876469440,-76.87646944,1,National Park Service,12,Motor Vehicle In-Transport,6,Angle,0,No,2,Intersection,2,Four-Way Intersection,0,None,,,1,On Roadway,3,Dark - Lighted,,,,,1,Clear,0,No,0000000,Not Applicable,99,Unknown,99,Unknown,99,Unknown EMS Scene Arrival Hour,99,Unknown EMS Scene Arrival Minutes,99,Unknown,99,Unknown EMS Hospital Arrival Time,,,,,,,2,
2022,24,240509,Maryland,2,2,0,0,0,2,2,33,PRINCE GEORGE`S (33),9898,Not Reported,17,17,5,May,2022,3,Tuesday,22,10:00pm-10:59pm,19,19,1,This section IS ON the NHS,2,Urban,2,Principal Arterial - Other Freeways and Expressways,66,National Park Service,3,State Highway,SR-295,,99998,Not Reported,39.05141667,39.05141667,-76.842080560,-76.84208056,1,National Park Service,12,Motor Vehicle In-Transport,7,Sideswipe - Same Direction,1,Yes,17,Acceleration/Deceleration Lane,1,Not an Intersection,0,None,,,1,On Roadway,1,Daylight,,,,,1,Clear,0,No,0000000,Not Applicable,99,Unknown,99,Unknown,99,Unknown EMS Scene Arrival Hour,99,Unknown EMS Scene Arrival Minutes,88,"Not Applicable (Not Transported) ",88,Not Applicable (Not Transported),,,,,,,1,