caseyear,state,st_case,statename,ve_total,ve_forms,pvh_invl,peds,pernotmvit,permvit,persons,county,countyname,city,cityname,day,dayname,month,monthname,year,day_week,day_weekname,hour,hourname,minute,minutename,nhs,nhsname,rur_urb,rur_urbname,func_sys,func_sysname,rd_owner,rd_ownername,route,routename,tway_id,tway_id2,milept,mileptname,latitude,latitudename,longitud,longitudname,sp_jur,sp_jurname,harm_ev,harm_evname,man_coll,man_collname,reljct1,reljct1name,reljct2,reljct2name,typ_int,typ_intname,wrk_zone,wrk_zonename,road_fnc,road_fncname,rel_road,rel_roadname,lgt_cond,lgt_condname,weather1,weather1name,weather2,weather2name,weather,weathername,sch_bus,sch_busname,rail,railname,not_hour,not_hourname,not_min,not_minname,arr_hour,arr_hourname,arr_min,arr_minname,hosp_hr,hosp_hrname,hosp_mn,hosp_mnname,cf1,cf1name,cf2,cf2name,cf3,cf3name,fatals,drunk_dr
2023,24,240141,Maryland,1,1,0,0,0,1,1,15,CECIL (15),0,NOT APPLICABLE,9,9,5,May,2023,3,Tuesday,13,1:00pm-1:59pm,47,47,0,This Section IS NOT on the NHS,2,Urban,5,Major Collector,1,State Highway Agency,3,State Highway,SR-545 BLUE BALL ROAD,,13,13,39.62756111,39.62756111,-75.856294440,-75.85629444,0,No Special Jurisdiction,34,Ditch,0,The First Harmful Event was Not a Collision with a Motor Vehicle in Transport,0,No,1,Non-Junction,1,Not an Intersection,0,None,,,4,On Roadside,1,Daylight,,,,,10,Cloudy,0,No,0000000,Not Applicable,99,Unknown,99,Unknown,99,Unknown EMS Scene Arrival Hour,99,Unknown EMS Scene Arrival Minutes,99,Unknown,99,Unknown EMS Hospital Arrival Time,,,,,,,1,
2023,24,240142,Maryland,2,2,0,1,1,5,5,510,BALTIMORE (CITY) (510),0,NOT APPLICABLE,8,8,2,February,2023,4,Wednesday,20,8:00pm-8:59pm,54,54,1,This Section IS ON the NHS,2,Urban,3,Other Principal Arterial,4,City or Municipal Highway Agency,2,U.S. Highway,US-1,MU-1025,74,74,39.31225833,39.31225833,-76.591722220,-76.59172222,0,No Special Jurisdiction,12,Motor Vehicle In-Transport,6,Angle,0,No,2,Intersection,2,Four-Way Intersection,0,None,,,1,On Roadway,3,Dark - Lighted,,,,,1,Clear,0,No,0000000,Not Applicable,99,Unknown,99,Unknown,99,Unknown EMS Scene Arrival Hour,99,Unknown EMS Scene Arrival Minutes,99,Unknown,99,Unknown EMS Hospital Arrival Time,,,,,,,1,
2023,24,240143,Maryland,1,1,0,1,1,1,1,31,MONTGOMERY (31),0,NOT APPLICABLE,9,9,5,May,2023,3,Tuesday,20,8:00pm-8:59pm,53,53,0,This Section IS NOT on the NHS,2,Urban,7,Local,2,County Highway Agency,4,County,CR-5500 WISTERIA DR,,11,11,39.17152778,39.17152778,-77.263177780,-77.26317778,0,No Special Jurisdiction,8,Pedestrian,0,The First Harmful Event was Not a Collision with a Motor Vehicle in Transport,0,No,1,Non-Junction,1,Not an Intersection,0,None,,,1,On Roadway,3,Dark - Lighted,,,,,1,Clear,0,No,0000000,Not Applicable,99,Unknown,99,Unknown,99,Unknown EMS Scene Arrival Hour,99,Unknown EMS Scene Arrival Minutes,99,Unknown,99,Unknown EMS Hospital Arrival Time,,,,,,,1,
2023,24,240144,Maryland,1,1,0,0,0,1,1,5,BALTIMORE (5),0,NOT APPLICABLE,26,26,2,February,2023,1,Sunday,13,1:00pm-1:59pm,54,54,0,This Section IS NOT on the NHS,2,Urban,4,Minor Arterial,2,County Highway Agency,4,County,CR-2251,CR-6779,9,9,39.40201389,39.40201389,-76.783255560,-76.78325556,0,No Special Jurisdiction,40,Fire Hydrant,0,The First Harmful Event was Not a Collision with a Motor Vehicle in Transport,0,No,3,Intersection-Related,2,Four-Way Intersection,0,None,,,4,On Roadside,1,Daylight,,,,,1,Clear,0,No,0000000,Not Applicable,99,Unknown,99,Unknown,99,Unknown EMS Scene Arrival Hour,99,Unknown EMS Scene Arrival Minutes,99,Unknown,99,Unknown EMS Hospital Arrival Time,,,,,,,1,
2023,24,240145,Maryland,1,1,0,0,0,1,1,510,BALTIMORE (CITY) (510),0,NOT APPLICABLE,26,26,3,March,2023,1,Sunday,2,2:00am-2:59am,10,10,0,This Section IS NOT on the NHS,2,Urban,4,Minor Arterial,1,State Highway Agency,3,State Highway,SR-1291 PARK HEIGHTS AVE,,0,None,39.33852778,39.33852778,-76.666477780,-76.66647778,0,No Special Jurisdiction,39,Wall,0,The First Harmful Event was Not a Collision with a Motor Vehicle in Transport,0,No,1,Non-Junction,1,Not an Intersection,0,None,,,5,Outside Trafficway,3,Dark - Lighted,,,,,1,Clear,0,No,0000000,Not Applicable,99,Unknown,99,Unknown,99,Unknown EMS Scene Arrival Hour,99,Unknown EMS Scene Arrival Minutes,99,Unknown,99,Unknown EMS Hospital Arrival Time,,,,,,,1,
2023,24,240146,Maryland,2,2,0,0,0,5,5,33,PRINCE GEORGE`S (33),0,NOT APPLICABLE,2,2,5,May,2023,3,Tuesday,12,12:00pm-12:59pm,51,51,1,This Section IS ON the NHS,2,Urban,2,Other Freeways and Expressways,1,State Highway Agency,3,State Highway,SR-5 ALLENTOWN RD,,107,107,38.81028611,38.81028611,-76.910005560,-76.91000556,0,No Special Jurisdiction,12,Motor Vehicle In-Transport,1,Front-to-Rear,8,Not Reported,98,Not Reported,1,Not an Intersection,0,None,,,1,On Roadway,1,Daylight,,,,,1,Clear,0,No,0000000,Not Applicable,99,Unknown,99,Unknown,99,Unknown EMS Scene Arrival Hour,99,Unknown EMS Scene Arrival Minutes,99,Unknown,99,Unknown EMS Hospital Arrival Time,,,,,,,1,
2023,24,240147,Maryland,2,2,0,0,0,2,2,25,HARFORD (25),0,NOT APPLICABLE,7,7,5,May,2023,1,Sunday,22,10:00pm-10:59pm,29,29,0,This Section IS NOT on the NHS,2,Urban,5,Major Collector,1,State Highway Agency,3,State Highway,SR-23 NORRISVILLE RD,,134,134,39.63621944,39.63621944,-76.555286110,-76.55528611,0,No Special Jurisdiction,12,Motor Vehicle In-Transport,2,Front-to-Front,0,No,1,Non-Junction,1,Not an Intersection,0,None,,,1,On Roadway,2,Dark - Not Lighted,,,,,1,Clear,0,No,0000000,Not Applicable,99,Unknown,99,Unknown,99,Unknown EMS Scene Arrival Hour,99,Unknown EMS Scene Arrival Minutes,99,Unknown,99,Unknown EMS Hospital Arrival Time,,,,,,,1,
2023,24,240148,Maryland,1,1,0,0,0,1,1,1,ALLEGANY (1),0,NOT APPLICABLE,12,12,5,May,2023,6,Friday,16,4:00pm-4:59pm,18,18,0,This Section IS NOT on the NHS,2,Urban,4,Minor Arterial,1,State Highway Agency,3,State Highway,SR-36 NEW GEORGES CREEK RD,,58,58,39.54937222,39.54937222,-78.996311110,-78.99631111,0,No Special Jurisdiction,52,Guardrail End,0,The First Harmful Event was Not a Collision with a Motor Vehicle in Transport,0,No,1,Non-Junction,1,Not an Intersection,0,None,,,4,On Roadside,1,Daylight,,,,,1,Clear,0,No,0000000,Not Applicable,99,Unknown,99,Unknown,99,Unknown EMS Scene Arrival Hour,99,Unknown EMS Scene Arrival Minutes,88,"Not Applicable (Not Transported) ",88,Not Applicable (Not Transported),,,,,,,1,
2023,24,240149,Maryland,2,2,0,0,0,2,2,21,FREDERICK (21),0,NOT APPLICABLE,14,14,5,May,2023,1,Sunday,13,1:00pm-1:59pm,40,40,0,This Section IS NOT on the NHS,2,Urban,4,Minor Arterial,1,State Highway Agency,3,State Highway,SR-355 URBANA PK,CR-653 BLACKBERRY DR,8,8,39.29663056,39.29663056,-77.317591670,-77.31759167,0,No Special Jurisdiction,12,Motor Vehicle In-Transport,6,Angle,0,No,2,Intersection,3,T-Intersection,0,None,,,1,On Roadway,1,Daylight,,,,,1,Clear,0,No,0000000,Not Applicable,99,Unknown,99,Unknown,99,Unknown EMS Scene Arrival Hour,99,Unknown EMS Scene Arrival Minutes,88,"Not Applicable (Not Transported) ",88,Not Applicable (Not Transported),,,,,,,1,
2023,24,240150,Maryland,1,1,0,0,0,2,2,23,GARRETT (23),0,NOT APPLICABLE,16,16,5,May,2023,3,Tuesday,16,4:00pm-4:59pm,29,29,1,This Section IS ON the NHS,2,Urban,1,Interstate,1,State Highway Agency,1,Interstate,I-68 NATIONAL FREEWAY,,192,192,39.69570000,39.69570000,-79.137269440,-79.13726944,0,No Special Jurisdiction,1,Rollover/Overturn,0,The First Harmful Event was Not a Collision with a Motor Vehicle in Transport,0,No,1,Non-Junction,1,Not an Intersection,0,None,,,4,On Roadside,1,Daylight,,,,,2,Rain,0,No,0000000,Not Applicable,99,Unknown,99,Unknown,99,Unknown EMS Scene Arrival Hour,99,Unknown EMS Scene Arrival Minutes,99,Unknown,99,Unknown EMS Hospital Arrival Time,,,,,,,2,
2023,24,240151,Maryland,1,1,0,1,1,1,1,47,WORCESTER (47),0,NOT APPLICABLE,1,1,5,May,2023,2,Monday,9,9:00am-9:59am,22,22,0,This Section IS NOT on the NHS,2,Urban,5,Major Collector,2,County Highway Agency,4,County,CR-583 OCEAN PKWY,CR-555 KING RICHARD RD,64,64,38.36871111,38.36871111,-75.158083330,-75.15808333,0,No Special Jurisdiction,8,Pedestrian,0,The First Harmful Event was Not a Collision with a Motor Vehicle in Transport,0,No,2,Intersection,3,T-Intersection,0,None,,,1,On Roadway,1,Daylight,,,,,1,Clear,0,No,0000000,Not Applicable,99,Unknown,99,Unknown,99,Unknown EMS Scene Arrival Hour,99,Unknown EMS Scene Arrival Minutes,99,Unknown,98,Unknown if Transported,,,,,,,1,
2023,24,240152,Maryland,2,2,0,0,0,2,2,21,FREDERICK (21),0,NOT APPLICABLE,12,12,5,May,2023,6,Friday,4,4:00am-4:59am,48,48,0,This Section IS NOT on the NHS,2,Urban,4,Minor Arterial,1,State Highway Agency,3,State Highway,SR-77 FOXVILLE RD,,44,44,39.63331389,39.63331389,-77.451383330,-77.45138333,0,No Special Jurisdiction,12,Motor Vehicle In-Transport,2,Front-to-Front,0,No,1,Non-Junction,1,Not an Intersection,0,None,,,2,On Shoulder,2,Dark - Not Lighted,,,,,1,Clear,0,No,0000000,Not Applicable,99,Unknown,99,Unknown,99,Unknown EMS Scene Arrival Hour,99,Unknown EMS Scene Arrival Minutes,88,"Not Applicable (Not Transported) ",88,Not Applicable (Not Transported),,,,,,,1,
2023,24,240153,Maryland,1,1,0,0,0,1,1,41,TALBOT (41),0,NOT APPLICABLE,20,20,5,May,2023,7,Saturday,0,0:00am-0:59am,19,19,0,This Section IS NOT on the NHS,2,Urban,4,Minor Arterial,1,State Highway Agency,3,State Highway,SR-333 OXFORD RD,,60,60,38.71604167,38.71604167,-76.089708330,-76.08970833,0,No Special Jurisdiction,30,Utility Pole/Light Support,0,The First Harmful Event was Not a Collision with a Motor Vehicle in Transport,0,No,1,Non-Junction,1,Not an Intersection,0,None,,,4,On Roadside,2,Dark - Not Lighted,,,,,1,Clear,0,No,0000000,Not Applicable,99,Unknown,99,Unknown,99,Unknown EMS Scene Arrival Hour,99,Unknown EMS Scene Arrival Minutes,88,"Not Applicable (Not Transported) ",88,Not Applicable (Not Transported),,,,,,,1,
2023,24,240154,Maryland,2,2,0,0,0,4,4,35,QUEEN ANNE`S (35),0,NOT APPLICABLE,22,22,5,May,2023,2,Monday,9,9:00am-9:59am,1,1,0,This Section IS NOT on the NHS,2,Urban,5,Major Collector,1,State Highway Agency,3,State Highway,SR-404 QUEEN ANNES HWY,SR-309 STARR RD,10,10,38.92362222,38.92362222,-75.958958330,-75.95895833,0,No Special Jurisdiction,12,Motor Vehicle In-Transport,1,Front-to-Rear,0,No,3,Intersection-Related,2,Four-Way Intersection,0,None,,,1,On Roadway,1,Daylight,,,,,1,Clear,0,No,0000000,Not Applicable,99,Unknown,99,Unknown,99,Unknown EMS Scene Arrival Hour,99,Unknown EMS Scene Arrival Minutes,99,Unknown,99,Unknown EMS Hospital Arrival Time,,,,,,,1,
2023,24,240155,Maryland,2,2,0,0,0,2,2,25,HARFORD (25),0,NOT APPLICABLE,22,22,5,May,2023,2,Monday,21,9:00pm-9:59pm,8,8,1,This Section IS ON the NHS,2,Urban,2,Other Freeways and Expressways,1,State Highway Agency,3,State Highway,SR-22 CHURCHVILLE RD,CR-1056 SCHUCKS RD,36,36,39.55508889,39.55508889,-76.286550000,-76.28655000,0,No Special Jurisdiction,12,Motor Vehicle In-Transport,2,Front-to-Front,0,No,2,Intersection,2,Four-Way Intersection,0,None,,,1,On Roadway,2,Dark - Not Lighted,,,,,1,Clear,0,No,0000000,Not Applicable,99,Unknown,99,Unknown,99,Unknown EMS Scene Arrival Hour,99,Unknown EMS Scene Arrival Minutes,88,"Not Applicable (Not Transported) ",88,Not Applicable (Not Transported),,,,,,,1,
2023,24,240156,Maryland,2,2,0,0,0,5,5,510,BALTIMORE (CITY) (510),0,NOT APPLICABLE,3,3,5,May,2023,4,Wednesday,12,12:00pm-12:59pm,38,38,1,This Section IS ON the NHS,2,Urban,1,Interstate,1,State Highway Agency,1,Interstate,I-95 FT MCHENRY TUNNEL,,77,77,39.27310833,39.27310833,-76.554100000,-76.55410000,0,No Special Jurisdiction,12,Motor Vehicle In-Transport,1,Front-to-Rear,0,No,1,Non-Junction,1,Not an Intersection,0,None,,,1,On Roadway,1,Daylight,,,,,1,Clear,0,No,0000000,Not Applicable,99,Unknown,99,Unknown,99,Unknown EMS Scene Arrival Hour,99,Unknown EMS Scene Arrival Minutes,99,Unknown,99,Unknown EMS Hospital Arrival Time,,,,,,,1,
2023,24,240157,Maryland,1,1,0,0,0,1,1,31,MONTGOMERY (31),0,NOT APPLICABLE,21,21,5,May,2023,1,Sunday,15,3:00pm-3:59pm,4,4,0,This Section IS NOT on the NHS,2,Urban,4,Minor Arterial,2,County Highway Agency,4,County,CR-3283,,0,None,39.15310000,39.15310000,-77.141858330,-77.14185833,0,No Special Jurisdiction,1,Rollover/Overturn,0,The First Harmful Event was Not a Collision with a Motor Vehicle in Transport,0,No,1,Non-Junction,1,Not an Intersection,0,None,,,3,On Median,1,Daylight,,,,,1,Clear,0,No,0000000,Not Applicable,99,Unknown,99,Unknown,99,Unknown EMS Scene Arrival Hour,99,Unknown EMS Scene Arrival Minutes,88,"Not Applicable (Not Transported) ",88,Not Applicable (Not Transported),,,,,,,1,
2023,24,240158,Maryland,1,1,0,1,1,1,1,31,MONTGOMERY (31),0,NOT APPLICABLE,21,21,5,May,2023,1,Sunday,5,5:00am-5:59am,4,4,0,This Section IS NOT on the NHS,2,Urban,3,Other Principal Arterial,1,State Highway Agency,3,State Highway,SR-586 VEIRS MILL RD,CR-147 NEWPORT MILL RD,47,47,39.04515833,39.04515833,-77.065327780,-77.06532778,0,No Special Jurisdiction,8,Pedestrian,0,The First Harmful Event was Not a Collision with a Motor Vehicle in Transport,0,No,3,Intersection-Related,2,Four-Way Intersection,0,None,,,1,On Roadway,3,Dark - Lighted,,,,,1,Clear,0,No,0000000,Not Applicable,99,Unknown,99,Unknown,99,Unknown EMS Scene Arrival Hour,99,Unknown EMS Scene Arrival Minutes,99,Unknown,99,Unknown EMS Hospital Arrival Time,,,,,,,1,
2023,24,240159,Maryland,1,1,0,0,0,2,2,13,CARROLL (13),0,NOT APPLICABLE,21,21,5,May,2023,1,Sunday,23,11:00pm-11:59pm,33,33,0,This Section IS NOT on the NHS,1,Rural,4,Minor Arterial,1,State Highway Agency,3,State Highway,SR-97,,232,232,39.66578889,39.66578889,-77.015033330,-77.01503333,0,No Special Jurisdiction,24,Guardrail Face,0,The First Harmful Event was Not a Collision with a Motor Vehicle in Transport,0,No,1,Non-Junction,1,Not an Intersection,0,None,,,4,On Roadside,2,Dark - Not Lighted,,,,,1,Clear,0,No,0000000,Not Applicable,99,Unknown,99,Unknown,99,Unknown EMS Scene Arrival Hour,99,Unknown EMS Scene Arrival Minutes,99,Unknown,99,Unknown EMS Hospital Arrival Time,,,,,,,1,
2023,24,240160,Maryland,1,1,0,0,0,1,1,15,CECIL (15),0,NOT APPLICABLE,23,23,5,May,2023,3,Tuesday,5,5:00am-5:59am,37,37,1,This Section IS ON the NHS,2,Urban,1,Interstate,1,State Highway Agency,1,Interstate,I-95,,168,168,39.63932222,39.63932222,-75.792902780,-75.79290278,0,No Special Jurisdiction,24,Guardrail Face,0,The First Harmful Event was Not a Collision with a Motor Vehicle in Transport,0,No,1,Non-Junction,1,Not an Intersection,0,None,,,3,On Median,4,Dawn,,,,,10,Cloudy,0,No,0000000,Not Applicable,99,Unknown,99,Unknown,99,Unknown EMS Scene Arrival Hour,99,Unknown EMS Scene Arrival Minutes,88,"Not Applicable (Not Transported) ",88,Not Applicable (Not Transported),,,,,,,1,
2023,24,240161,Maryland,3,3,0,0,0,4,4,31,MONTGOMERY (31),0,NOT APPLICABLE,20,20,5,May,2023,7,Saturday,5,5:00am-5:59am,24,24,1,This Section IS ON the NHS,2,Urban,1,Interstate,1,State Highway Agency,1,Interstate,I-270 EISENHOWER MEM HWY,,55,55,39.07761944,39.07761944,-77.168558330,-77.16855833,0,No Special Jurisdiction,20,Impact Attenuator/Crash Cushion,0,The First Harmful Event was Not a Collision with a Motor Vehicle in Transport,0,No,1,Non-Junction,1,Not an Intersection,0,None,,,8,Gore,4,Dawn,,,,,10,Cloudy,0,No,0000000,Not Applicable,99,Unknown,99,Unknown,99,Unknown EMS Scene Arrival Hour,99,Unknown EMS Scene Arrival Minutes,99,Unknown,99,Unknown EMS Hospital Arrival Time,,,,,,,1,
2023,24,240162,Maryland,1,1,0,0,0,1,1,9,CALVERT (9),0,NOT APPLICABLE,11,11,5,May,2023,5,Thursday,20,8:00pm-8:59pm,0,0,0,This Section IS NOT on the NHS,2,Urban,5,Major Collector,1,State Highway Agency,3,State Highway,SR-263 PLUM PONT RD,,30,30,38.60750833,38.60750833,-76.565808330,-76.56580833,0,No Special Jurisdiction,52,Guardrail End,0,The First Harmful Event was Not a Collision with a Motor Vehicle in Transport,0,No,1,Non-Junction,1,Not an Intersection,0,None,,,4,On Roadside,2,Dark - Not Lighted,,,,,98,Not Reported,0,No,0000000,Not Applicable,99,Unknown,99,Unknown,99,Unknown EMS Scene Arrival Hour,99,Unknown EMS Scene Arrival Minutes,88,"Not Applicable (Not Transported) ",88,Not Applicable (Not Transported),,,,,,,1,
2023,24,240163,Maryland,2,2,0,0,0,3,3,1,ALLEGANY (1),0,NOT APPLICABLE,19,19,5,May,2023,6,Friday,23,11:00pm-11:59pm,17,17,1,This Section IS ON the NHS,2,Urban,1,Interstate,1,State Highway Agency,1,Interstate,I-68,,159,159,39.66958056,39.66958056,-78.704008330,-78.70400833,0,No Special Jurisdiction,12,Motor Vehicle In-Transport,2,Front-to-Front,0,No,1,Non-Junction,1,Not an Intersection,0,None,,,1,On Roadway,3,Dark - Lighted,,,,,1,Clear,0,No,0000000,Not Applicable,99,Unknown,99,Unknown,99,Unknown EMS Scene Arrival Hour,99,Unknown EMS Scene Arrival Minutes,99,Unknown,99,Unknown EMS Hospital Arrival Time,,,,,,,1,
2023,24,240164,Maryland,2,2,0,1,1,2,2,31,MONTGOMERY (31),0,NOT APPLICABLE,21,21,5,May,2023,1,Sunday,7,7:00am-7:59am,51,51,1,This Section IS ON the NHS,2,Urban,1,Interstate,1,State Highway Agency,1,Interstate,I-270,,49,49,39.06830556,39.06830556,-77.158869440,-77.15886944,0,No Special Jurisdiction,8,Pedestrian,0,The First Harmful Event was Not a Collision with a Motor Vehicle in Transport,0,No,1,Non-Junction,1,Not an Intersection,0,None,,,1,On Roadway,1,Daylight,,,,,1,Clear,0,No,0000000,Not Applicable,99,Unknown,99,Unknown,99,Unknown EMS Scene Arrival Hour,99,Unknown EMS Scene Arrival Minutes,88,"Not Applicable (Not Transported) ",88,Not Applicable (Not Transported),,,,,,,1,
2023,24,240165,Maryland,1,1,0,1,1,1,1,33,PRINCE GEORGE`S (33),0,NOT APPLICABLE,8,8,5,May,2023,2,Monday,21,9:00pm-9:59pm,0,0,1,This Section IS ON the NHS,2,Urban,3,Other Principal Arterial,1,State Highway Agency,3,State Highway,SR-414 OXON HILL RD,,16,16,38.80473611,38.80473611,-76.977719440,-76.97771944,0,No Special Jurisdiction,8,Pedestrian,0,The First Harmful Event was Not a Collision with a Motor Vehicle in Transport,0,No,1,Non-Junction,1,Not an Intersection,0,None,,,11,Continuous Left - Turn Lane,3,Dark - Lighted,,,,,1,Clear,0,No,0000000,Not Applicable,99,Unknown,99,Unknown,99,Unknown EMS Scene Arrival Hour,99,Unknown EMS Scene Arrival Minutes,88,"Not Applicable (Not Transported) ",88,Not Applicable (Not Transported),,,,,,,1,
2023,24,240166,Maryland,2,2,0,0,0,2,2,33,PRINCE GEORGE`S (33),0,NOT APPLICABLE,12,12,5,May,2023,6,Friday,3,3:00am-3:59am,53,53,1,This Section IS ON the NHS,2,Urban,3,Other Principal Arterial,1,State Highway Agency,3,State Highway,SR-414 OXON HILL RD,,11,11,38.80383611,38.80383611,-76.985983330,-76.98598333,0,No Special Jurisdiction,12,Motor Vehicle In-Transport,6,Angle,0,No,8,Driveway Access Related,1,Not an Intersection,0,None,,,1,On Roadway,3,Dark - Lighted,,,,,1,Clear,0,No,0000000,Not Applicable,99,Unknown,99,Unknown,99,Unknown EMS Scene Arrival Hour,99,Unknown EMS Scene Arrival Minutes,99,Unknown,99,Unknown EMS Hospital Arrival Time,,,,,,,1,
2023,24,240167,Maryland,2,2,0,0,0,2,2,15,CECIL (15),0,NOT APPLICABLE,21,21,5,May,2023,1,Sunday,20,8:00pm-8:59pm,52,52,0,This Section IS NOT on the NHS,2,Urban,5,Major Collector,2,County Highway Agency,4,County,CR-295,,42,42,39.43126944,39.43126944,-75.914683330,-75.91468333,0,No Special Jurisdiction,35,Embankment,0,The First Harmful Event was Not a Collision with a Motor Vehicle in Transport,0,No,1,Non-Junction,1,Not an Intersection,0,None,,,4,On Roadside,2,Dark - Not Lighted,,,,,1,Clear,0,No,0000000,Not Applicable,99,Unknown,99,Unknown,99,Unknown EMS Scene Arrival Hour,99,Unknown EMS Scene Arrival Minutes,88,"Not Applicable (Not Transported) ",88,Not Applicable (Not Transported),,,,,,,1,
2023,24,240168,Maryland,4,1,3,1,1,2,2,33,PRINCE GEORGE`S (33),0,NOT APPLICABLE,28,28,5,May,2023,1,Sunday,12,12:00pm-12:59pm,44,44,0,This Section IS NOT on the NHS,2,Urban,4,Minor Arterial,2,County Highway Agency,4,County,CR-3110,,0,None,38.89083056,38.89083056,-76.891208330,-76.89120833,0,No Special Jurisdiction,14,Parked Motor Vehicle,0,The First Harmful Event was Not a Collision with a Motor Vehicle in Transport,0,No,1,Non-Junction,1,Not an Intersection,0,None,,,7,In Parking Lane/Zone,1,Daylight,,,,,1,Clear,0,No,0000000,Not Applicable,99,Unknown,99,Unknown,99,Unknown EMS Scene Arrival Hour,99,Unknown EMS Scene Arrival Minutes,99,Unknown,99,Unknown EMS Hospital Arrival Time,,,,,,,1,
2023,24,240169,Maryland,4,4,0,0,0,9,9,45,WICOMICO (45),0,NOT APPLICABLE,13,13,5,May,2023,7,Saturday,3,3:00am-3:59am,43,43,0,This Section IS NOT on the NHS,2,Urban,5,Major Collector,1,State Highway Agency,3,State Highway,SR-353 GUMBORO RD,,33,33,38.43865833,38.43865833,-75.396725000,-75.39672500,0,No Special Jurisdiction,12,Motor Vehicle In-Transport,1,Front-to-Rear,0,No,1,Non-Junction,1,Not an Intersection,0,None,,,1,On Roadway,6,Dark - Unknown Lighting,,,,,1,Clear,0,No,0000000,Not Applicable,99,Unknown,99,Unknown,99,Unknown EMS Scene Arrival Hour,99,Unknown EMS Scene Arrival Minutes,99,Unknown,99,Unknown EMS Hospital Arrival Time,,,,,,,1,
2023,24,240170,Maryland,1,1,0,0,0,1,1,21,FREDERICK (21),0,NOT APPLICABLE,27,27,5,May,2023,7,Saturday,19,7:00pm-7:59pm,38,38,0,This Section IS NOT on the NHS,1,Rural,7,Local,2,County Highway Agency,4,County,CR-291 BASFORD RD,,15,15,39.32395833,39.32395833,-77.514297220,-77.51429722,0,No Special Jurisdiction,42,Tree (Standing Only),0,The First Harmful Event was Not a Collision with a Motor Vehicle in Transport,0,No,1,Non-Junction,1,Not an Intersection,0,None,,,4,On Roadside,1,Daylight,,,,,1,Clear,0,No,0000000,Not Applicable,99,Unknown,99,Unknown,99,Unknown EMS Scene Arrival Hour,99,Unknown EMS Scene Arrival Minutes,88,"Not Applicable (Not Transported) ",88,Not Applicable (Not Transported),,,,,,,1,
2023,24,240171,Maryland,1,1,0,0,0,1,1,5,BALTIMORE (5),0,NOT APPLICABLE,30,30,5,May,2023,3,Tuesday,9,9:00am-9:59am,3,3,1,This Section IS ON the NHS,2,Urban,1,Interstate,1,State Highway Agency,1,Interstate,I-695 BALTMORE BELTWAY,,65,65,39.26518333,39.26518333,-76.461536110,-76.46153611,0,No Special Jurisdiction,42,Tree (Standing Only),0,The First Harmful Event was Not a Collision with a Motor Vehicle in Transport,0,No,1,Non-Junction,1,Not an Intersection,0,None,,,4,On Roadside,1,Daylight,,,,,1,Clear,0,No,0000000,Not Applicable,99,Unknown,99,Unknown,99,Unknown EMS Scene Arrival Hour,99,Unknown EMS Scene Arrival Minutes,88,"Not Applicable (Not Transported) ",88,Not Applicable (Not Transported),,,,,,,1,
2023,24,240172,Maryland,2,2,0,0,0,3,3,33,PRINCE GEORGE`S (33),0,NOT APPLICABLE,29,29,4,April,2023,7,Saturday,3,3:00am-3:59am,32,32,1,This Section IS ON the NHS,2,Urban,3,Other Principal Arterial,1,State Highway Agency,3,State Highway,SR-704 MLK JR HWY,RP-595 RAMP FROM I-595,55,55,38.94920278,38.94920278,-76.840163890,-76.84016389,0,No Special Jurisdiction,12,Motor Vehicle In-Transport,6,Angle,0,No,2,Intersection,2,Four-Way Intersection,0,None,,,1,On Roadway,3,Dark - Lighted,,,,,2,Rain,0,No,0000000,Not Applicable,99,Unknown,99,Unknown,99,Unknown EMS Scene Arrival Hour,99,Unknown EMS Scene Arrival Minutes,99,Unknown,99,Unknown EMS Hospital Arrival Time,,,,,,,1,
2023,24,240173,Maryland,2,2,0,0,0,3,3,3,ANNE ARUNDEL (3),0,NOT APPLICABLE,21,21,5,May,2023,1,Sunday,21,9:00pm-9:59pm,33,33,0,This Section IS NOT on the NHS,2,Urban,3,Other Principal Arterial,1,State Highway Agency,3,State Highway,SR-468 MUDDY CREEK RD,,67,67,38.86202778,38.86202778,-76.561497220,-76.56149722,0,No Special Jurisdiction,12,Motor Vehicle In-Transport,2,Front-to-Front,0,No,1,Non-Junction,1,Not an Intersection,0,None,,,1,On Roadway,2,Dark - Not Lighted,,,,,10,Cloudy,0,No,0000000,Not Applicable,99,Unknown,99,Unknown,99,Unknown EMS Scene Arrival Hour,99,Unknown EMS Scene Arrival Minutes,88,"Not Applicable (Not Transported) ",88,Not Applicable (Not Transported),,,,,,,1,
2023,24,240174,Maryland,1,1,0,1,1,2,2,5,BALTIMORE (5),0,NOT APPLICABLE,15,15,3,March,2023,4,Wednesday,1,1:00am-1:59am,45,45,1,This Section IS ON the NHS,2,Urban,3,Other Principal Arterial,1,State Highway Agency,2,U.S. Highway,US-40 PULASKI AVE,,152,152,39.31914444,39.31914444,-76.511480560,-76.51148056,0,No Special Jurisdiction,8,Pedestrian,0,The First Harmful Event was Not a Collision with a Motor Vehicle in Transport,0,No,1,Non-Junction,1,Not an Intersection,0,None,,,1,On Roadway,3,Dark - Lighted,,,,,1,Clear,0,No,0000000,Not Applicable,99,Unknown,99,Unknown,99,Unknown EMS Scene Arrival Hour,99,Unknown EMS Scene Arrival Minutes,99,Unknown,99,Unknown EMS Hospital Arrival Time,,,,,,,1,